{
 "dataset": "Oesophagus",
 "mode": "learned_bigbio",
 "K": 4,
 "seed": 2,
 "n_markers": 128,
 "test_macro_f1": 69.96889568577954,
 "test_accuracy": 88.53515254879667,
 "n_features": 1089,
 "n_classes": 18,
 "n_samples": 87947,
 "learned_lambda": 0.7121263742446899,
 "bio_anchor_have": false
}