{
 "dataset": "Oesophagus",
 "mode": "learned_bio",
 "K": 4,
 "seed": 2,
 "n_markers": 128,
 "test_macro_f1": 71.50788493374995,
 "test_accuracy": 88.14477923062346,
 "n_features": 1089,
 "n_classes": 18,
 "n_samples": 87947,
 "learned_lambda": 0.7159250378608704,
 "bio_anchor_have": false
}