{
 "dataset": "Oesophagus",
 "mode": "learned",
 "K": 4,
 "seed": 3,
 "n_markers": 128,
 "test_macro_f1": 69.419289468266,
 "test_accuracy": 87.09115027477733,
 "n_features": 1089,
 "n_classes": 18,
 "n_samples": 87947,
 "learned_lambda": 0.6167802214622498,
 "bio_anchor_have": false
}