{
 "dataset": "Oesophagus",
 "mode": "learned",
 "K": 4,
 "seed": 4,
 "n_markers": 128,
 "test_macro_f1": 69.74154434040923,
 "test_accuracy": 87.73545575137389,
 "n_features": 1089,
 "n_classes": 18,
 "n_samples": 87947,
 "learned_lambda": 0.6090649962425232,
 "bio_anchor_have": false
}