{
 "dataset": "Oesophagus",
 "mode": "learned_anchor",
 "K": 4,
 "seed": 1,
 "n_markers": 128,
 "test_macro_f1": 54.63239811479191,
 "test_accuracy": 81.20523024445708,
 "n_features": 1089,
 "n_classes": 18,
 "n_samples": 87947,
 "learned_lambda": 0.2807784676551819,
 "bio_anchor_have": true
}