{
 "dataset": "Oesophagus",
 "mode": "learned_bio",
 "K": 4,
 "seed": 0,
 "n_markers": 128,
 "test_macro_f1": 70.46122229420016,
 "test_accuracy": 88.67538374076179,
 "n_features": 1089,
 "n_classes": 18,
 "n_samples": 87947,
 "learned_lambda": 0.6644247174263,
 "bio_anchor_have": false
}