{
 "dataset": "Oesophagus",
 "mode": "learned",
 "K": 4,
 "seed": 2,
 "n_markers": 128,
 "test_macro_f1": 68.23773919542941,
 "test_accuracy": 87.69755542922115,
 "n_features": 1089,
 "n_classes": 18,
 "n_samples": 87947,
 "learned_lambda": 0.7289683818817139,
 "bio_anchor_have": false
}