{
 "dataset": "Oesophagus",
 "mode": "learned_bigbio",
 "K": 4,
 "seed": 1,
 "n_markers": 128,
 "test_macro_f1": 70.66712534731614,
 "test_accuracy": 87.10252037142315,
 "n_features": 1089,
 "n_classes": 18,
 "n_samples": 87947,
 "learned_lambda": 0.5010050535202026,
 "bio_anchor_have": false
}