{
 "dataset": "Oesophagus",
 "mode": "learned_bigbio",
 "K": 4,
 "seed": 0,
 "n_markers": 128,
 "test_macro_f1": 70.26889655328333,
 "test_accuracy": 89.19082812203904,
 "n_features": 1089,
 "n_classes": 18,
 "n_samples": 87947,
 "learned_lambda": 0.6222079992294312,
 "bio_anchor_have": false
}