{
 "dataset": "Oesophagus",
 "mode": "learned_bio",
 "K": 4,
 "seed": 1,
 "n_markers": 128,
 "test_macro_f1": 72.70856270437281,
 "test_accuracy": 88.53894258101194,
 "n_features": 1089,
 "n_classes": 18,
 "n_samples": 87947,
 "learned_lambda": 0.626542866230011,
 "bio_anchor_have": false
}