{
 "dataset": "Oesophagus",
 "mode": "learned_bigbio",
 "K": 4,
 "seed": 4,
 "n_markers": 128,
 "test_macro_f1": 68.39136068877856,
 "test_accuracy": 87.34129240098541,
 "n_features": 1089,
 "n_classes": 18,
 "n_samples": 87947,
 "learned_lambda": 0.5736631751060486,
 "bio_anchor_have": false
}