{
 "dataset": "Oesophagus",
 "mode": "learned_anchor",
 "K": 4,
 "seed": 3,
 "n_markers": 128,
 "test_macro_f1": 56.667060890792634,
 "test_accuracy": 81.9253363653591,
 "n_features": 1089,
 "n_classes": 18,
 "n_samples": 87947,
 "learned_lambda": 0.24288047850131989,
 "bio_anchor_have": true
}