{
 "dataset": "Oesophagus",
 "mode": "learned_bigbio",
 "K": 4,
 "seed": 3,
 "n_markers": 128,
 "test_macro_f1": 71.48708201196588,
 "test_accuracy": 89.16050786431686,
 "n_features": 1089,
 "n_classes": 18,
 "n_samples": 87947,
 "learned_lambda": 0.7343834042549133,
 "bio_anchor_have": false
}