{
 "dataset": "baron",
 "n_samples": 8569,
 "n_features": 1936,
 "n_classes": 14,
 "n_train": 5098,
 "n_test": 2571,
 "transformer_params": 75168,
 "total_params": 295133,
 "config": {
  "heads": [
   "cell_type"
  ],
  "cohorts": null,
  "n_hvg": null,
  "n_channels": 1,
  "batch_size": 128,
  "val_frac": 0.15,
  "test_frac": 0.15,
  "d_model": 96,
  "n_heads": 4,
  "d_ff": 192,
  "dropout": 0.1,
  "n_markers": 128,
  "marker_mode": "router",
  "pathway_pool": "mean",
  "compress_mode": "aggregate",
  "recursive_marker_refine": true,
  "peak_init": true,
  "anneal_markers": true,
  "recursion_depth": 4,
  "share_weights": true,
  "share_strategy": "cycle",
  "n_unique_blocks": null,
  "step_cache": false,
  "adaptive_depth": false,
  "marker_ffn": false,
  "recursion_mode": "token",
  "router_capacity": null,
  "router_alpha": 1.0,
  "router_temp": 1.0,
  "router_type": "linear",
  "router_z_coeff": 0.001,
  "router_balance_coeff": 0.1,
  "gene_interaction": "none",
  "interaction_knn": 16,
  "router_prior_beta": 1.0,
  "router_prior_anneal": true,
  "pathway_attn_bias": false,
  "pathway_attn_lambda": 2.0,
  "lambda_marker": 0.1,
  "gamma_diversity": 0.05,
  "beta_compression": 0.01,
  "lr": 0.001,
  "weight_decay": 1e-05,
  "epochs": 80,
  "patience": 12,
  "seed": 0,
  "device": "cuda"
 },
 "heads": {
  "cell_type": {
   "accuracy": 0.7584597432905484,
   "macro_f1": 0.5255379747790342,
   "weighted_f1": 0.7932910583310123,
   "per_class": {
    "0": {
     "precision": 0.902027027027027,
     "recall": 0.9303135888501742,
     "f1-score": 0.9159519725557461,
     "support": 287.0
    },
    "1": {
     "precision": 0.7611940298507462,
     "recall": 0.6,
     "f1-score": 0.6710526315789473,
     "support": 85.0
    },
    "2": {
     "precision": 0.9593023255813954,
     "recall": 0.7091690544412608,
     "f1-score": 0.8154859967051071,
     "support": 698.0
    },
    "3": {
     "precision": 0.9830795262267343,
     "recall": 0.7664907651715039,
     "f1-score": 0.8613787991104522,
     "support": 758.0
    },
    "4": {
     "precision": 0.46984126984126984,
     "recall": 0.8222222222222222,
     "f1-score": 0.597979797979798,
     "support": 180.0
    },
    "5": {
     "precision": 0.9399293286219081,
     "recall": 0.8235294117647058,
     "f1-score": 0.8778877887788779,
     "support": 323.0
    },
    "6": {
     "precision": 0.5581395348837209,
     "recall": 0.631578947368421,
     "f1-score": 0.5925925925925926,
     "support": 76.0
    },
    "7": {
     "precision": 0.06666666666666667,
     "recall": 0.2,
     "f1-score": 0.1,
     "support": 5.0
    },
    "8": {
     "precision": 0.1895910780669145,
     "recall": 0.6623376623376623,
     "f1-score": 0.2947976878612717,
     "support": 77.0
    },
    "9": {
     "precision": 0.4,
     "recall": 0.7058823529411765,
     "f1-score": 0.5106382978723404,
     "support": 17.0
    },
    "10": {
     "precision": 0.45454545454545453,
     "recall": 0.7142857142857143,
     "f1-score": 0.5555555555555556,
     "support": 7.0
    },
    "11": {
     "precision": 0.5348837209302325,
     "recall": 0.4423076923076923,
     "f1-score": 0.4842105263157895,
     "support": 52.0
    },
    "12": {
     "precision": 0.043478260869565216,
     "recall": 0.5,
     "f1-score": 0.08,
     "support": 4.0
    },
    "13": {
     "precision": 0.0,
     "recall": 0.0,
     "f1-score": 0.0,
     "support": 2.0
    },
    "accuracy": 0.7584597432905484,
    "macro avg": {
     "precision": 0.5187627302222597,
     "recall": 0.6077226722636094,
     "f1-score": 0.5255379747790342,
     "support": 2571.0
    },
    "weighted avg": {
     "precision": 0.8641926452179584,
     "recall": 0.7584597432905484,
     "f1-score": 0.7932910583310123,
     "support": 2571.0
    }
   }
  }
 }
}