{
 "dataset": "common_class",
 "n_samples": 27499,
 "n_features": 1089,
 "n_classes": 19,
 "n_train": 16361,
 "n_test": 8250,
 "transformer_params": 75168,
 "total_params": 214791,
 "config": {
  "heads": [
   "cell_type"
  ],
  "cohorts": null,
  "n_hvg": null,
  "n_channels": 1,
  "batch_size": 128,
  "val_frac": 0.15,
  "test_frac": 0.15,
  "d_model": 96,
  "n_heads": 4,
  "d_ff": 192,
  "dropout": 0.1,
  "n_markers": 128,
  "marker_mode": "router",
  "pathway_pool": "mean",
  "compress_mode": "aggregate",
  "recursive_marker_refine": true,
  "peak_init": true,
  "anneal_markers": true,
  "recursion_depth": 4,
  "share_weights": true,
  "share_strategy": "cycle",
  "n_unique_blocks": null,
  "step_cache": false,
  "adaptive_depth": false,
  "marker_ffn": false,
  "recursion_mode": "token",
  "router_capacity": null,
  "router_alpha": 1.0,
  "router_temp": 1.0,
  "router_type": "linear",
  "router_z_coeff": 0.001,
  "router_balance_coeff": 0.1,
  "gene_interaction": "none",
  "interaction_knn": 16,
  "router_prior_beta": 1.0,
  "router_prior_anneal": true,
  "pathway_attn_bias": false,
  "pathway_attn_lambda": 2.0,
  "lambda_marker": 0.1,
  "gamma_diversity": 0.05,
  "beta_compression": 0.01,
  "lr": 0.001,
  "weight_decay": 1e-05,
  "epochs": 80,
  "patience": 12,
  "seed": 0,
  "device": "cuda"
 },
 "heads": {
  "cell_type": {
   "accuracy": 0.8357575757575758,
   "macro_f1": 0.7008606965658286,
   "weighted_f1": 0.84039651947433,
   "per_class": {
    "0": {
     "precision": 0.5274725274725275,
     "recall": 0.631578947368421,
     "f1-score": 0.5748502994011976,
     "support": 76.0
    },
    "1": {
     "precision": 0.6666666666666666,
     "recall": 0.6422018348623854,
     "f1-score": 0.6542056074766355,
     "support": 327.0
    },
    "2": {
     "precision": 0.5304659498207885,
     "recall": 0.6218487394957983,
     "f1-score": 0.5725338491295938,
     "support": 238.0
    },
    "3": {
     "precision": 0.6094420600858369,
     "recall": 0.8502994011976048,
     "f1-score": 0.71,
     "support": 167.0
    },
    "4": {
     "precision": 0.7516339869281046,
     "recall": 0.71875,
     "f1-score": 0.7348242811501597,
     "support": 160.0
    },
    "5": {
     "precision": 0.7336683417085427,
     "recall": 0.5959183673469388,
     "f1-score": 0.6576576576576577,
     "support": 245.0
    },
    "6": {
     "precision": 0.38392857142857145,
     "recall": 0.7226890756302521,
     "f1-score": 0.5014577259475219,
     "support": 119.0
    },
    "7": {
     "precision": 0.8753993610223643,
     "recall": 0.8166915052160953,
     "f1-score": 0.8450269853508096,
     "support": 671.0
    },
    "8": {
     "precision": 0.50625,
     "recall": 0.5625,
     "f1-score": 0.5328947368421053,
     "support": 144.0
    },
    "9": {
     "precision": 0.69377990430622,
     "recall": 0.7038834951456311,
     "f1-score": 0.6987951807228916,
     "support": 412.0
    },
    "10": {
     "precision": 0.592391304347826,
     "recall": 0.6566265060240963,
     "f1-score": 0.6228571428571429,
     "support": 166.0
    },
    "11": {
     "precision": 0.8096192384769539,
     "recall": 0.7906066536203522,
     "f1-score": 0.8,
     "support": 511.0
    },
    "12": {
     "precision": 0.8676748582230623,
     "recall": 0.8693181818181818,
     "f1-score": 0.8684957426679281,
     "support": 528.0
    },
    "13": {
     "precision": 0.3953488372093023,
     "recall": 0.5425531914893617,
     "f1-score": 0.45739910313901344,
     "support": 94.0
    },
    "14": {
     "precision": 0.875,
     "recall": 1.0,
     "f1-score": 0.9333333333333333,
     "support": 14.0
    },
    "15": {
     "precision": 0.48502994011976047,
     "recall": 0.40298507462686567,
     "f1-score": 0.44021739130434784,
     "support": 201.0
    },
    "16": {
     "precision": 0.9939903846153846,
     "recall": 0.9355203619909502,
     "f1-score": 0.9638694638694638,
     "support": 884.0
    },
    "17": {
     "precision": 0.9838811630847029,
     "recall": 0.953153704837722,
     "f1-score": 0.9682737169517885,
     "support": 3266.0
    },
    "18": {
     "precision": 0.71875,
     "recall": 0.8518518518518519,
     "f1-score": 0.7796610169491526,
     "support": 27.0
    },
    "accuracy": 0.8357575757575758,
    "macro avg": {
     "precision": 0.6842312155535061,
     "recall": 0.7299461522380267,
     "f1-score": 0.7008606965658286,
     "support": 8250.0
    },
    "weighted avg": {
     "precision": 0.8492705158119367,
     "recall": 0.8357575757575758,
     "f1-score": 0.84039651947433,
     "support": 8250.0
    }
   }
  }
 }
}