{
 "dataset": "prototype",
 "n_samples": 90579,
 "n_features": 752,
 "n_classes": 10,
 "n_train": 53894,
 "n_test": 27174,
 "transformer_params": 75168,
 "total_params": 180693,
 "config": {
  "heads": [
   "cell_type"
  ],
  "cohorts": null,
  "n_hvg": null,
  "n_channels": 1,
  "batch_size": 128,
  "val_frac": 0.15,
  "test_frac": 0.15,
  "d_model": 96,
  "n_heads": 4,
  "d_ff": 192,
  "dropout": 0.1,
  "n_markers": 128,
  "marker_mode": "router",
  "pathway_pool": "mean",
  "compress_mode": "aggregate",
  "recursive_marker_refine": true,
  "peak_init": true,
  "anneal_markers": true,
  "recursion_depth": 4,
  "share_weights": true,
  "share_strategy": "cycle",
  "n_unique_blocks": null,
  "step_cache": false,
  "adaptive_depth": false,
  "marker_ffn": false,
  "recursion_mode": "token",
  "router_capacity": null,
  "router_alpha": 1.0,
  "router_temp": 1.0,
  "router_type": "linear",
  "router_z_coeff": 0.001,
  "router_balance_coeff": 0.1,
  "gene_interaction": "none",
  "interaction_knn": 16,
  "router_prior_beta": 1.0,
  "router_prior_anneal": true,
  "pathway_attn_bias": false,
  "pathway_attn_lambda": 2.0,
  "lambda_marker": 0.1,
  "gamma_diversity": 0.05,
  "beta_compression": 0.01,
  "lr": 0.001,
  "weight_decay": 1e-05,
  "epochs": 80,
  "patience": 12,
  "seed": 0,
  "device": "cuda"
 },
 "heads": {
  "cell_type": {
   "accuracy": 0.9523073526164716,
   "macro_f1": 0.9451853805874937,
   "weighted_f1": 0.952080576579333,
   "per_class": {
    "0": {
     "precision": 0.9401330376940134,
     "recall": 0.9871944121071012,
     "f1-score": 0.9630891538898353,
     "support": 859.0
    },
    "1": {
     "precision": 0.9832285115303984,
     "recall": 0.9241379310344827,
     "f1-score": 0.9527679024885729,
     "support": 1015.0
    },
    "2": {
     "precision": 0.9358507734303912,
     "recall": 0.9585274930102516,
     "f1-score": 0.9470534069981584,
     "support": 2146.0
    },
    "3": {
     "precision": 0.9479611650485437,
     "recall": 0.9629191321499014,
     "f1-score": 0.9553816046966732,
     "support": 2535.0
    },
    "4": {
     "precision": 0.9138554216867469,
     "recall": 0.8923529411764706,
     "f1-score": 0.9029761904761905,
     "support": 1700.0
    },
    "5": {
     "precision": 0.9275582573454914,
     "recall": 0.8584153774027192,
     "f1-score": 0.8916484051619187,
     "support": 2133.0
    },
    "6": {
     "precision": 0.9101283880171184,
     "recall": 0.946236559139785,
     "f1-score": 0.9278313033993819,
     "support": 2697.0
    },
    "7": {
     "precision": 0.9685377189846264,
     "recall": 0.9742852005035065,
     "f1-score": 0.9714029583146571,
     "support": 5561.0
    },
    "8": {
     "precision": 0.9741073862087762,
     "recall": 0.9427591664468478,
     "f1-score": 0.9581769436997319,
     "support": 3791.0
    },
    "9": {
     "precision": 0.9706853839801817,
     "recall": 0.9926113573991978,
     "f1-score": 0.9815259367498174,
     "support": 4737.0
    },
    "accuracy": 0.9523073526164716,
    "macro avg": {
     "precision": 0.9472046043926289,
     "recall": 0.9439439570370265,
     "f1-score": 0.9451853805874937,
     "support": 27174.0
    },
    "weighted avg": {
     "precision": 0.9524043863374866,
     "recall": 0.9523073526164716,
     "f1-score": 0.952080576579333,
     "support": 27174.0
    }
   }
  }
 }
}