{
 "dataset": "tabula_muris",
 "n_samples": 54865,
 "n_features": 1089,
 "n_classes": 55,
 "n_train": 32645,
 "n_test": 16458,
 "transformer_params": 75168,
 "total_params": 221775,
 "config": {
  "heads": [
   "cell_type"
  ],
  "cohorts": null,
  "n_hvg": null,
  "n_channels": 1,
  "batch_size": 128,
  "val_frac": 0.15,
  "test_frac": 0.15,
  "d_model": 96,
  "n_heads": 4,
  "d_ff": 192,
  "dropout": 0.1,
  "n_markers": 128,
  "marker_mode": "router",
  "pathway_pool": "mean",
  "compress_mode": "aggregate",
  "recursive_marker_refine": true,
  "peak_init": true,
  "anneal_markers": true,
  "recursion_depth": 4,
  "share_weights": true,
  "share_strategy": "cycle",
  "n_unique_blocks": null,
  "step_cache": false,
  "adaptive_depth": false,
  "marker_ffn": false,
  "recursion_mode": "token",
  "router_capacity": null,
  "router_alpha": 1.0,
  "router_temp": 1.0,
  "router_type": "linear",
  "router_z_coeff": 0.001,
  "router_balance_coeff": 0.1,
  "gene_interaction": "none",
  "interaction_knn": 16,
  "router_prior_beta": 1.0,
  "router_prior_anneal": true,
  "pathway_attn_bias": false,
  "pathway_attn_lambda": 2.0,
  "lambda_marker": 0.1,
  "gamma_diversity": 0.05,
  "beta_compression": 0.01,
  "lr": 0.001,
  "weight_decay": 1e-05,
  "epochs": 80,
  "patience": 12,
  "seed": 0,
  "device": "cuda"
 },
 "heads": {
  "cell_type": {
   "accuracy": 0.8346700692672256,
   "macro_f1": 0.7473740799849183,
   "weighted_f1": 0.8350512474682609,
   "per_class": {
    "0": {
     "precision": 0.9570453633079085,
     "recall": 0.9581993569131833,
     "f1-score": 0.9576220124522996,
     "support": 2488.0
    },
    "1": {
     "precision": 0.09782608695652174,
     "recall": 0.6923076923076923,
     "f1-score": 0.17142857142857143,
     "support": 13.0
    },
    "2": {
     "precision": 0.64,
     "recall": 0.8,
     "f1-score": 0.7111111111111111,
     "support": 20.0
    },
    "3": {
     "precision": 0.42857142857142855,
     "recall": 0.5454545454545454,
     "f1-score": 0.48,
     "support": 11.0
    },
    "4": {
     "precision": 0.9413612565445026,
     "recall": 0.6795162509448224,
     "f1-score": 0.7892888498683055,
     "support": 1323.0
    },
    "5": {
     "precision": 0.9705882352941176,
     "recall": 0.9519230769230769,
     "f1-score": 0.9611650485436893,
     "support": 104.0
    },
    "6": {
     "precision": 0.8692307692307693,
     "recall": 0.9576271186440678,
     "f1-score": 0.9112903225806451,
     "support": 118.0
    },
    "7": {
     "precision": 0.9440613026819923,
     "recall": 0.9284099472494348,
     "f1-score": 0.9361702127659575,
     "support": 1327.0
    },
    "8": {
     "precision": 0.7391304347826086,
     "recall": 0.9444444444444444,
     "f1-score": 0.8292682926829268,
     "support": 18.0
    },
    "9": {
     "precision": 0.9186991869918699,
     "recall": 0.9390581717451524,
     "f1-score": 0.9287671232876712,
     "support": 361.0
    },
    "10": {
     "precision": 0.9666666666666667,
     "recall": 0.9942857142857143,
     "f1-score": 0.9802816901408451,
     "support": 350.0
    },
    "11": {
     "precision": 0.3842239185750636,
     "recall": 0.8830409356725146,
     "f1-score": 0.5354609929078015,
     "support": 342.0
    },
    "12": {
     "precision": 0.9,
     "recall": 1.0,
     "f1-score": 0.9473684210526315,
     "support": 18.0
    },
    "13": {
     "precision": 0.7894736842105263,
     "recall": 1.0,
     "f1-score": 0.8823529411764706,
     "support": 15.0
    },
    "14": {
     "precision": 0.5490196078431373,
     "recall": 0.5833333333333334,
     "f1-score": 0.5656565656565656,
     "support": 48.0
    },
    "15": {
     "precision": 0.29545454545454547,
     "recall": 1.0,
     "f1-score": 0.45614035087719296,
     "support": 13.0
    },
    "16": {
     "precision": 1.0,
     "recall": 0.5,
     "f1-score": 0.6666666666666666,
     "support": 8.0
    },
    "17": {
     "precision": 0.782608695652174,
     "recall": 0.9473684210526315,
     "f1-score": 0.8571428571428571,
     "support": 19.0
    },
    "18": {
     "precision": 0.6666666666666666,
     "recall": 0.9473684210526315,
     "f1-score": 0.782608695652174,
     "support": 19.0
    },
    "19": {
     "precision": 0.902158273381295,
     "recall": 0.735052754982415,
     "f1-score": 0.810077519379845,
     "support": 853.0
    },
    "20": {
     "precision": 1.0,
     "recall": 0.375,
     "f1-score": 0.5454545454545454,
     "support": 8.0
    },
    "21": {
     "precision": 0.740983606557377,
     "recall": 0.8659003831417624,
     "f1-score": 0.7985865724381626,
     "support": 261.0
    },
    "22": {
     "precision": 0.7818181818181819,
     "recall": 0.9347826086956522,
     "f1-score": 0.8514851485148515,
     "support": 46.0
    },
    "23": {
     "precision": 0.6477272727272727,
     "recall": 0.8382352941176471,
     "f1-score": 0.7307692307692307,
     "support": 68.0
    },
    "24": {
     "precision": 0.9585253456221198,
     "recall": 0.9541284403669725,
     "f1-score": 0.9563218390804598,
     "support": 218.0
    },
    "25": {
     "precision": 0.8956521739130435,
     "recall": 0.911504424778761,
     "f1-score": 0.9035087719298246,
     "support": 113.0
    },
    "26": {
     "precision": 0.8918918918918919,
     "recall": 0.8389830508474576,
     "f1-score": 0.8646288209606987,
     "support": 118.0
    },
    "27": {
     "precision": 0.9943609022556391,
     "recall": 1.0,
     "f1-score": 0.9971724787935909,
     "support": 529.0
    },
    "28": {
     "precision": 0.7241379310344828,
     "recall": 0.6176470588235294,
     "f1-score": 0.6666666666666666,
     "support": 34.0
    },
    "29": {
     "precision": 0.8558951965065502,
     "recall": 0.9655172413793104,
     "f1-score": 0.9074074074074074,
     "support": 406.0
    },
    "30": {
     "precision": 0.9231601731601732,
     "recall": 0.9241603466955579,
     "f1-score": 0.9236599891716297,
     "support": 923.0
    },
    "31": {
     "precision": 0.553072625698324,
     "recall": 0.8389830508474576,
     "f1-score": 0.6666666666666666,
     "support": 118.0
    },
    "32": {
     "precision": 0.125,
     "recall": 0.14285714285714285,
     "f1-score": 0.13333333333333333,
     "support": 14.0
    },
    "33": {
     "precision": 0.746268656716418,
     "recall": 0.7518796992481203,
     "f1-score": 0.7490636704119851,
     "support": 133.0
    },
    "34": {
     "precision": 0.8421052631578947,
     "recall": 0.9078014184397163,
     "f1-score": 0.8737201365187713,
     "support": 141.0
    },
    "35": {
     "precision": 0.9889196675900277,
     "recall": 0.9944289693593314,
     "f1-score": 0.9916666666666667,
     "support": 359.0
    },
    "36": {
     "precision": 0.927710843373494,
     "recall": 0.9746835443037974,
     "f1-score": 0.9506172839506173,
     "support": 79.0
    },
    "37": {
     "precision": 0.6867469879518072,
     "recall": 0.5876288659793815,
     "f1-score": 0.6333333333333333,
     "support": 97.0
    },
    "38": {
     "precision": 0.9696969696969697,
     "recall": 0.927536231884058,
     "f1-score": 0.9481481481481482,
     "support": 138.0
    },
    "39": {
     "precision": 0.7647058823529411,
     "recall": 0.841726618705036,
     "f1-score": 0.8013698630136986,
     "support": 139.0
    },
    "40": {
     "precision": 0.4205128205128205,
     "recall": 0.20707070707070707,
     "f1-score": 0.27749576988155666,
     "support": 396.0
    },
    "41": {
     "precision": 0.5833333333333334,
     "recall": 1.0,
     "f1-score": 0.7368421052631579,
     "support": 7.0
    },
    "42": {
     "precision": 0.45454545454545453,
     "recall": 1.0,
     "f1-score": 0.625,
     "support": 15.0
    },
    "43": {
     "precision": 0.9632867132867133,
     "recall": 0.9362786745964317,
     "f1-score": 0.949590693666523,
     "support": 2354.0
    },
    "44": {
     "precision": 0.3438914027149321,
     "recall": 0.8914956011730205,
     "f1-score": 0.4963265306122449,