{
 "dataset": "Lung",
 "mode": "learned",
 "K": 4,
 "seed": 2,
 "n_markers": 128,
 "test_macro_f1": 79.41991614360244,
 "test_accuracy": 87.0688647258272,
 "val_macro_f1": 80.8203594354981,
 "n_features": 1089,
 "n_classes": 25,
 "n_samples": 57020,
 "learned_lambda": 0.5371270775794983,
 "bio_anchor_have": false
}