{
 "dataset": "Lung",
 "mode": "learned",
 "K": 4,
 "seed": 0,
 "n_markers": 128,
 "test_macro_f1": 78.84314647167258,
 "test_accuracy": 86.40827779726412,
 "val_macro_f1": 79.39727636355565,
 "n_features": 1089,
 "n_classes": 25,
 "n_samples": 57020,
 "learned_lambda": 0.6298269033432007,
 "bio_anchor_have": false
}