{
 "dataset": "Lung",
 "mode": "learned",
 "K": 4,
 "seed": 1,
 "n_markers": 128,
 "test_macro_f1": 78.06631722564552,
 "test_accuracy": 86.36151058108265,
 "val_macro_f1": 79.41323129581156,
 "n_features": 1089,
 "n_classes": 25,
 "n_samples": 57020,
 "learned_lambda": 0.744888186454773,
 "bio_anchor_have": false
}