{
 "dataset": "Lung",
 "mode": "learned",
 "K": 4,
 "seed": 2,
 "n_markers": 1089,
 "test_macro_f1": 78.72798310571582,
 "test_accuracy": 86.29720565883315,
 "n_features": 1089,
 "n_classes": 25,
 "n_samples": 57020,
 "learned_lambda": 0.511735200881958
}