{
 "dataset": "Lung",
 "mode": "learned",
 "K": 4,
 "seed": 0,
 "n_markers": 1089,
 "test_macro_f1": 81.3049575780164,
 "test_accuracy": 87.58330410382322,
 "n_features": 1089,
 "n_classes": 25,
 "n_samples": 57020,
 "learned_lambda": 0.686603844165802
}