{
 "dataset": "Lung",
 "mode": "learned",
 "K": 4,
 "seed": 1,
 "n_markers": 1089,
 "test_macro_f1": 83.28029892806912,
 "test_accuracy": 88.73494680229159,
 "n_features": 1089,
 "n_classes": 25,
 "n_samples": 57020,
 "learned_lambda": 0.5281928181648254
}