{
 "dataset": "pancreas",
 "n_samples": 14767,
 "n_features": 1936,
 "n_classes": 15,
 "n_train": 10744,
 "n_test": 2127,
 "transformer_params": 75168,
 "total_params": 295327,
 "config": {
  "heads": [
   "cell_type"
  ],
  "cohorts": null,
  "n_hvg": null,
  "batch_size": 128,
  "val_frac": 0.15,
  "test_frac": 0.15,
  "d_model": 96,
  "n_heads": 4,
  "d_ff": 192,
  "dropout": 0.1,
  "n_markers": 128,
  "marker_mode": "router",
  "compress_mode": "aggregate",
  "recursive_marker_refine": true,
  "peak_init": true,
  "anneal_markers": true,
  "recursion_depth": 4,
  "share_weights": true,
  "adaptive_depth": false,
  "marker_ffn": false,
  "recursion_mode": "expert",
  "router_capacity": null,
  "router_alpha": 1.0,
  "router_temp": 1.0,
  "router_type": "linear",
  "router_z_coeff": 0.001,
  "router_balance_coeff": 0.1,
  "gene_interaction": "none",
  "interaction_knn": 16,
  "router_prior_beta": 1.0,
  "router_prior_anneal": true,
  "lambda_marker": 0.1,
  "gamma_diversity": 0.05,
  "beta_compression": 0.01,
  "lr": 0.001,
  "weight_decay": 1e-05,
  "epochs": 150,
  "patience": 15,
  "seed": 2,
  "device": "cuda"
 },
 "heads": {
  "cell_type": {
   "accuracy": 0.9384109073812882,
   "macro_f1": 0.6297366210786953,
   "weighted_f1": 0.9410473346327805,
   "per_class": {
    "0": {
     "precision": 0.0,
     "recall": 0.0,
     "f1-score": 0.0,
     "support": 5.0
    },
    "1": {
     "precision": 0.9715909090909091,
     "recall": 0.9243243243243243,
     "f1-score": 0.9473684210526315,
     "support": 185.0
    },
    "2": {
     "precision": 0.991869918699187,
     "recall": 0.963882618510158,
     "f1-score": 0.9776760160274757,
     "support": 886.0
    },
    "3": {
     "precision": 0.9558823529411765,
     "recall": 0.9629629629629629,
     "f1-score": 0.959409594095941,
     "support": 270.0
    },
    "4": {
     "precision": 0.8091603053435115,
     "recall": 0.9298245614035088,
     "f1-score": 0.8653061224489796,
     "support": 114.0
    },
    "5": {
     "precision": 0.9543147208121827,
     "recall": 0.9740932642487047,
     "f1-score": 0.9641025641025641,
     "support": 386.0
    },
    "6": {
     "precision": 0.8421052631578947,
     "recall": 1.0,
     "f1-score": 0.9142857142857143,
     "support": 16.0
    },
    "7": {
     "precision": 0.5,
     "recall": 0.5714285714285714,
     "f1-score": 0.5333333333333333,
     "support": 7.0
    },
    "8": {
     "precision": 0.9512195121951219,
     "recall": 0.9898477157360406,
     "f1-score": 0.9701492537313433,
     "support": 197.0
    },
    "9": {
     "precision": 0.0,
     "recall": 0.0,
     "f1-score": 0.0,
     "support": 0.0
    },
    "10": {
     "precision": 0.8333333333333334,
     "recall": 0.7142857142857143,
     "f1-score": 0.7692307692307693,
     "support": 7.0
    },
    "11": {
     "precision": 0.0,
     "recall": 0.0,
     "f1-score": 0.0,
     "support": 0.0
    },
    "13": {
     "precision": 1.0,
     "recall": 0.16666666666666666,
     "f1-score": 0.2857142857142857,
     "support": 54.0
    },
    "accuracy": 0.9384109073812882,
    "macro avg": {
     "precision": 0.6776520242748705,
     "recall": 0.6305627999666654,
     "f1-score": 0.6297366210786953,
     "support": 2127.0
    },
    "weighted avg": {
     "precision": 0.9597725998741783,
     "recall": 0.9384109073812882,
     "f1-score": 0.9410473346327805,
     "support": 2127.0
    }
   }
  }
 }
}