{
 "dataset": "tabula_muris",
 "n_samples": 54865,
 "n_features": 1089,
 "n_classes": 55,
 "n_train": 32645,
 "n_test": 16458,
 "transformer_params": 75168,
 "total_params": 221775,
 "config": {
  "heads": [
   "cell_type"
  ],
  "cohorts": null,
  "n_hvg": null,
  "batch_size": 128,
  "val_frac": 0.15,
  "test_frac": 0.15,
  "d_model": 96,
  "n_heads": 4,
  "d_ff": 192,
  "dropout": 0.1,
  "n_markers": 128,
  "marker_mode": "router",
  "compress_mode": "aggregate",
  "recursive_marker_refine": true,
  "peak_init": true,
  "anneal_markers": true,
  "recursion_depth": 4,
  "share_weights": true,
  "adaptive_depth": false,
  "marker_ffn": false,
  "recursion_mode": "expert",
  "router_capacity": null,
  "router_alpha": 1.0,
  "router_temp": 1.0,
  "router_type": "linear",
  "router_z_coeff": 0.001,
  "router_balance_coeff": 0.1,
  "gene_interaction": "none",
  "interaction_knn": 16,
  "router_prior_beta": 1.0,
  "router_prior_anneal": true,
  "lambda_marker": 0.1,
  "gamma_diversity": 0.05,
  "beta_compression": 0.01,
  "lr": 0.001,
  "weight_decay": 1e-05,
  "epochs": 150,
  "patience": 15,
  "seed": 2,
  "device": "cuda"
 },
 "heads": {
  "cell_type": {
   "accuracy": 0.8460930854295783,
   "macro_f1": 0.7566634088014255,
   "weighted_f1": 0.8462494576713312,
   "per_class": {
    "0": {
     "precision": 0.9418326693227091,
     "recall": 0.9501607717041801,
     "f1-score": 0.9459783913565426,
     "support": 2488.0
    },
    "1": {
     "precision": 0.2,
     "recall": 0.8461538461538461,
     "f1-score": 0.3235294117647059,
     "support": 13.0
    },
    "2": {
     "precision": 0.7142857142857143,
     "recall": 0.75,
     "f1-score": 0.7317073170731707,
     "support": 20.0
    },
    "3": {
     "precision": 0.6153846153846154,
     "recall": 0.7272727272727273,
     "f1-score": 0.6666666666666666,
     "support": 11.0
    },
    "4": {
     "precision": 0.9027113237639554,
     "recall": 0.8556311413454271,
     "f1-score": 0.8785409390764455,
     "support": 1323.0
    },
    "5": {
     "precision": 0.9583333333333334,
     "recall": 0.8846153846153846,
     "f1-score": 0.92,
     "support": 104.0
    },
    "6": {
     "precision": 0.8898305084745762,
     "recall": 0.8898305084745762,
     "f1-score": 0.8898305084745762,
     "support": 118.0
    },
    "7": {
     "precision": 0.9464555052790347,
     "recall": 0.945742275810098,
     "f1-score": 0.9460987561251414,
     "support": 1327.0
    },
    "8": {
     "precision": 0.7058823529411765,
     "recall": 0.6666666666666666,
     "f1-score": 0.6857142857142857,
     "support": 18.0
    },
    "9": {
     "precision": 0.8450363196125908,
     "recall": 0.9667590027700831,
     "f1-score": 0.9018087855297158,
     "support": 361.0
    },
    "10": {
     "precision": 0.9858356940509915,
     "recall": 0.9942857142857143,
     "f1-score": 0.9900426742532006,
     "support": 350.0
    },
    "11": {
     "precision": 0.7180851063829787,
     "recall": 0.7894736842105263,
     "f1-score": 0.7520891364902507,
     "support": 342.0
    },
    "12": {
     "precision": 0.9473684210526315,
     "recall": 1.0,
     "f1-score": 0.972972972972973,
     "support": 18.0
    },
    "13": {
     "precision": 0.7894736842105263,
     "recall": 1.0,
     "f1-score": 0.8823529411764706,
     "support": 15.0
    },
    "14": {
     "precision": 0.4807692307692308,
     "recall": 0.5208333333333334,
     "f1-score": 0.5,
     "support": 48.0
    },
    "15": {
     "precision": 0.6666666666666666,
     "recall": 0.46153846153846156,
     "f1-score": 0.5454545454545454,
     "support": 13.0
    },
    "16": {
     "precision": 1.0,
     "recall": 0.75,
     "f1-score": 0.8571428571428571,
     "support": 8.0
    },
    "17": {
     "precision": 0.8571428571428571,
     "recall": 0.9473684210526315,
     "f1-score": 0.9,
     "support": 19.0
    },
    "18": {
     "precision": 0.9,
     "recall": 0.9473684210526315,
     "f1-score": 0.9230769230769231,
     "support": 19.0
    },
    "19": {
     "precision": 0.9346590909090909,
     "recall": 0.7713950762016413,
     "f1-score": 0.8452151573538856,
     "support": 853.0
    },
    "20": {
     "precision": 0.75,
     "recall": 0.75,
     "f1-score": 0.75,
     "support": 8.0
    },
    "21": {
     "precision": 0.8576779026217228,
     "recall": 0.8773946360153256,
     "f1-score": 0.8674242424242424,
     "support": 261.0
    },
    "22": {
     "precision": 0.7962962962962963,
     "recall": 0.9347826086956522,
     "f1-score": 0.86,
     "support": 46.0
    },
    "23": {
     "precision": 0.676056338028169,
     "recall": 0.7058823529411765,
     "f1-score": 0.6906474820143885,
     "support": 68.0
    },
    "24": {
     "precision": 0.9247787610619469,
     "recall": 0.9587155963302753,
     "f1-score": 0.9414414414414415,
     "support": 218.0
    },
    "25": {
     "precision": 0.9196428571428571,
     "recall": 0.911504424778761,
     "f1-score": 0.9155555555555556,
     "support": 113.0
    },
    "26": {
     "precision": 0.7886178861788617,
     "recall": 0.8220338983050848,
     "f1-score": 0.8049792531120332,
     "support": 118.0
    },
    "27": {
     "precision": 0.9961538461538462,
     "recall": 0.9792060491493384,
     "f1-score": 0.9876072449952336,
     "support": 529.0
    },
    "28": {
     "precision": 0.16161616161616163,
     "recall": 0.47058823529411764,
     "f1-score": 0.24060150375939848,
     "support": 34.0
    },
    "29": {
     "precision": 0.8063157894736842,
     "recall": 0.9433497536945813,
     "f1-score": 0.8694665153234961,
     "support": 406.0
    },
    "30": {
     "precision": 0.9303590859630033,
     "recall": 0.9263271939328277,
     "f1-score": 0.9283387622149837,
     "support": 923.0
    },
    "31": {
     "precision": 0.7006802721088435,
     "recall": 0.8728813559322034,
     "f1-score": 0.7773584905660378,
     "support": 118.0
    },
    "32": {
     "precision": 0.3157894736842105,
     "recall": 0.42857142857142855,
     "f1-score": 0.36363636363636365,
     "support": 14.0
    },
    "33": {
     "precision": 0.8558558558558559,
     "recall": 0.7142857142857143,
     "f1-score": 0.7786885245901639,
     "support": 133.0
    },
    "34": {
     "precision": 0.803680981595092,
     "recall": 0.9290780141843972,
     "f1-score": 0.8618421052631579,
     "support": 141.0
    },
    "35": {
     "precision": 0.9888268156424581,
     "recall": 0.9860724233983287,
     "f1-score": 0.9874476987447699,
     "support": 359.0
    },
    "36": {
     "precision": 0.9259259259259259,
     "recall": 0.9493670886075949,
     "f1-score": 0.9375,
     "support": 79.0
    },
    "37": {
     "precision": 0.39855072463768115,
     "recall": 0.5670103092783505,
     "f1-score": 0.46808510638297873,
     "support": 97.0
    },
    "38": {
     "precision": 0.9432624113475178,
     "recall": 0.9637681159420289,
     "f1-score": 0.953405017921147,
     "support": 138.0
    },
    "39": {
     "precision": 0.8378378378378378,
     "recall": 0.8920863309352518,
     "f1-score": 0.8641114982578397,
     "support": 139.0
    },
    "40": {
     "precision": 0.5113636363636364,
     "recall": 0.3409090909090909,
     "f1-score": 0.4090909090909091,
     "support": 396.0
    },
    "41": {
     "precision": 0.36363636363636365,
     "recall": 0.5714285714285714,
     "f1-score": 0.4444444444444444,
     "support": 7.0
    },
    "42": {
     "precision": 0.5714285714285714,
     "recall": 0.8,
     "f1-score": 0.6666666666666666,
     "support": 15.0
    },
    "43": {
     "precision": 0.9422398589065256,
     "recall": 0.9078164825828378,
     "f1-score": 0.9247079186499351,
     "support": 2354.0
    },
    "44": {
     "precision": 0.3830049261083744,
     "recall": 0.9120234604105572,
     "f1-score": 0.5394622723330442,
     "support": 341.0
    },
    "45": {
     "precision": 0.6577540106951871,
     "recall": 0.7834394904458599,
     "f1-score": 0.7151162790697675,
     "support": 157.0
    },