{
 "dataset": "common_class",
 "n_samples": 27499,
 "n_features": 1089,
 "n_classes": 19,
 "n_train": 16361,
 "n_test": 8250,
 "transformer_params": 74784,
 "total_params": 214407,
 "config": {
  "heads": [
   "cell_type"
  ],
  "cohorts": null,
  "n_hvg": null,
  "n_channels": 1,
  "batch_size": 128,
  "val_frac": 0.15,
  "test_frac": 0.15,
  "d_model": 96,
  "n_heads": 4,
  "d_ff": 192,
  "dropout": 0.1,
  "n_markers": 128,
  "marker_mode": "router",
  "pathway_pool": "mean",
  "compress_mode": "aggregate",
  "recursive_marker_refine": true,
  "peak_init": true,
  "anneal_markers": true,
  "recursion_depth": 4,
  "share_weights": true,
  "adaptive_depth": false,
  "marker_ffn": false,
  "recursion_mode": "fixed",
  "router_capacity": null,
  "router_alpha": 1.0,
  "router_temp": 1.0,
  "router_type": "linear",
  "router_z_coeff": 0.001,
  "router_balance_coeff": 0.1,
  "gene_interaction": "none",
  "interaction_knn": 16,
  "router_prior_beta": 1.0,
  "router_prior_anneal": true,
  "pathway_attn_bias": false,
  "pathway_attn_lambda": 2.0,
  "lambda_marker": 0.1,
  "gamma_diversity": 0.05,
  "beta_compression": 0.01,
  "lr": 0.001,
  "weight_decay": 1e-05,
  "epochs": 150,
  "patience": 15,
  "seed": 2,
  "device": "cuda"
 },
 "heads": {
  "cell_type": {
   "accuracy": 0.8227878787878787,
   "macro_f1": 0.6487151311764016,
   "weighted_f1": 0.8249223276528501,
   "per_class": {
    "0": {
     "precision": 0.6206896551724138,
     "recall": 0.7105263157894737,
     "f1-score": 0.6625766871165644,
     "support": 76.0
    },
    "1": {
     "precision": 0.5757575757575758,
     "recall": 0.5229357798165137,
     "f1-score": 0.5480769230769231,
     "support": 327.0
    },
    "2": {
     "precision": 0.6,
     "recall": 0.5546218487394958,
     "f1-score": 0.5764192139737991,
     "support": 238.0
    },
    "3": {
     "precision": 0.632183908045977,
     "recall": 0.6586826347305389,
     "f1-score": 0.6451612903225806,
     "support": 167.0
    },
    "4": {
     "precision": 0.632258064516129,
     "recall": 0.6125,
     "f1-score": 0.6222222222222222,
     "support": 160.0
    },
    "5": {
     "precision": 0.5185185185185185,
     "recall": 0.5714285714285714,
     "f1-score": 0.5436893203883495,
     "support": 245.0
    },
    "6": {
     "precision": 0.47115384615384615,
     "recall": 0.4117647058823529,
     "f1-score": 0.43946188340807174,
     "support": 119.0
    },
    "7": {
     "precision": 0.7841845140032949,
     "recall": 0.7093889716840537,
     "f1-score": 0.7449139280125195,
     "support": 671.0
    },
    "8": {
     "precision": 0.4785276073619632,
     "recall": 0.5416666666666666,
     "f1-score": 0.50814332247557,
     "support": 144.0
    },
    "9": {
     "precision": 0.7257281553398058,
     "recall": 0.7257281553398058,
     "f1-score": 0.7257281553398058,
     "support": 412.0
    },
    "10": {
     "precision": 0.5217391304347826,
     "recall": 0.7228915662650602,
     "f1-score": 0.6060606060606061,
     "support": 166.0
    },
    "11": {
     "precision": 0.7861271676300579,
     "recall": 0.7984344422700587,
     "f1-score": 0.7922330097087379,
     "support": 511.0
    },
    "12": {
     "precision": 0.8667917448405253,
     "recall": 0.875,
     "f1-score": 0.8708765315739868,
     "support": 528.0
    },
    "13": {
     "precision": 0.40875912408759124,
     "recall": 0.5957446808510638,
     "f1-score": 0.48484848484848486,
     "support": 94.0
    },
    "14": {
     "precision": 0.4375,
     "recall": 0.5,
     "f1-score": 0.4666666666666667,
     "support": 14.0
    },
    "15": {
     "precision": 0.4672897196261682,
     "recall": 0.4975124378109453,
     "f1-score": 0.4819277108433735,
     "support": 201.0
    },
    "16": {
     "precision": 0.9851258581235698,
     "recall": 0.9739819004524887,
     "f1-score": 0.9795221843003413,
     "support": 884.0
    },
    "17": {
     "precision": 0.9809968847352025,
     "recall": 0.9641763625229639,
     "f1-score": 0.9725138974675726,
     "support": 3266.0
    },
    "18": {
     "precision": 0.6428571428571429,
     "recall": 0.6666666666666666,
     "f1-score": 0.6545454545454545,
     "support": 27.0
    },
    "accuracy": 0.8227878787878787,
    "macro avg": {
     "precision": 0.6387467693265559,
     "recall": 0.6638764056271957,
     "f1-score": 0.6487151311764016,
     "support": 8250.0
    },
    "weighted avg": {
     "precision": 0.8289436134542234,
     "recall": 0.8227878787878787,
     "f1-score": 0.8249223276528501,
     "support": 8250.0
    }
   }
  }
 }
}