{
 "dataset": "tabula_muris",
 "n_samples": 54865,
 "n_features": 1089,
 "n_classes": 55,
 "n_train": 32645,
 "n_test": 16458,
 "transformer_params": 74784,
 "total_params": 221391,
 "config": {
  "heads": [
   "cell_type"
  ],
  "cohorts": null,
  "n_hvg": null,
  "n_channels": 1,
  "batch_size": 128,
  "val_frac": 0.15,
  "test_frac": 0.15,
  "d_model": 96,
  "n_heads": 4,
  "d_ff": 192,
  "dropout": 0.1,
  "n_markers": 128,
  "marker_mode": "router",
  "compress_mode": "aggregate",
  "recursive_marker_refine": true,
  "peak_init": true,
  "anneal_markers": true,
  "recursion_depth": 4,
  "share_weights": true,
  "adaptive_depth": false,
  "marker_ffn": false,
  "recursion_mode": "fixed",
  "router_capacity": null,
  "router_alpha": 1.0,
  "router_temp": 1.0,
  "router_type": "linear",
  "router_z_coeff": 0.001,
  "router_balance_coeff": 0.1,
  "gene_interaction": "none",
  "interaction_knn": 16,
  "router_prior_beta": 1.0,
  "router_prior_anneal": true,
  "lambda_marker": 0.1,
  "gamma_diversity": 0.05,
  "beta_compression": 0.01,
  "lr": 0.001,
  "weight_decay": 1e-05,
  "epochs": 150,
  "patience": 15,
  "seed": 2,
  "device": "cuda"
 },
 "heads": {
  "cell_type": {
   "accuracy": 0.8321181188479767,
   "macro_f1": 0.7479176751064679,
   "weighted_f1": 0.8349820624338101,
   "per_class": {
    "0": {
     "precision": 0.9526270456503014,
     "recall": 0.8890675241157556,
     "f1-score": 0.9197505197505198,
     "support": 2488.0
    },
    "1": {
     "precision": 0.06666666666666667,
     "recall": 0.7692307692307693,
     "f1-score": 0.12269938650306748,
     "support": 13.0
    },
    "2": {
     "precision": 0.7391304347826086,
     "recall": 0.85,
     "f1-score": 0.7906976744186046,
     "support": 20.0
    },
    "3": {
     "precision": 0.8333333333333334,
     "recall": 0.9090909090909091,
     "f1-score": 0.8695652173913043,
     "support": 11.0
    },
    "4": {
     "precision": 0.929769392033543,
     "recall": 0.6704459561602418,
     "f1-score": 0.7790953008344312,
     "support": 1323.0
    },
    "5": {
     "precision": 0.9583333333333334,
     "recall": 0.8846153846153846,
     "f1-score": 0.92,
     "support": 104.0
    },
    "6": {
     "precision": 0.8974358974358975,
     "recall": 0.8898305084745762,
     "f1-score": 0.8936170212765957,
     "support": 118.0
    },
    "7": {
     "precision": 0.9864291772688719,
     "recall": 0.8764129615674454,
     "f1-score": 0.928172386272945,
     "support": 1327.0
    },
    "8": {
     "precision": 0.65,
     "recall": 0.7222222222222222,
     "f1-score": 0.6842105263157895,
     "support": 18.0
    },
    "9": {
     "precision": 0.9368131868131868,
     "recall": 0.9445983379501385,
     "f1-score": 0.9406896551724138,
     "support": 361.0
    },
    "10": {
     "precision": 0.9858757062146892,
     "recall": 0.9971428571428571,
     "f1-score": 0.9914772727272727,
     "support": 350.0
    },
    "11": {
     "precision": 0.6446808510638298,
     "recall": 0.8859649122807017,
     "f1-score": 0.7463054187192119,
     "support": 342.0
    },
    "12": {
     "precision": 1.0,
     "recall": 1.0,
     "f1-score": 1.0,
     "support": 18.0
    },
    "13": {
     "precision": 0.9333333333333333,
     "recall": 0.9333333333333333,
     "f1-score": 0.9333333333333333,
     "support": 15.0
    },
    "14": {
     "precision": 0.46808510638297873,
     "recall": 0.4583333333333333,
     "f1-score": 0.4631578947368421,
     "support": 48.0
    },
    "15": {
     "precision": 0.09302325581395349,
     "recall": 0.3076923076923077,
     "f1-score": 0.14285714285714285,
     "support": 13.0
    },
    "16": {
     "precision": 0.8,
     "recall": 1.0,
     "f1-score": 0.8888888888888888,
     "support": 8.0
    },
    "17": {
     "precision": 0.8421052631578947,
     "recall": 0.8421052631578947,
     "f1-score": 0.8421052631578947,
     "support": 19.0
    },
    "18": {
     "precision": 0.8571428571428571,
     "recall": 0.9473684210526315,
     "f1-score": 0.9,
     "support": 19.0
    },
    "19": {
     "precision": 0.9529085872576177,
     "recall": 0.8065650644783119,
     "f1-score": 0.8736507936507937,
     "support": 853.0
    },
    "20": {
     "precision": 0.4375,
     "recall": 0.875,
     "f1-score": 0.5833333333333334,
     "support": 8.0
    },
    "21": {
     "precision": 0.8535714285714285,
     "recall": 0.9157088122605364,
     "f1-score": 0.8835489833641405,
     "support": 261.0
    },
    "22": {
     "precision": 0.8461538461538461,
     "recall": 0.9565217391304348,
     "f1-score": 0.8979591836734694,
     "support": 46.0
    },
    "23": {
     "precision": 0.6585365853658537,
     "recall": 0.7941176470588235,
     "f1-score": 0.72,
     "support": 68.0
    },
    "24": {
     "precision": 0.8927038626609443,
     "recall": 0.9541284403669725,
     "f1-score": 0.9223946784922394,
     "support": 218.0
    },
    "25": {
     "precision": 0.8062015503875969,
     "recall": 0.9203539823008849,
     "f1-score": 0.859504132231405,
     "support": 113.0
    },
    "26": {
     "precision": 0.8478260869565217,
     "recall": 0.6610169491525424,
     "f1-score": 0.7428571428571429,
     "support": 118.0
    },
    "27": {
     "precision": 0.9943074003795066,
     "recall": 0.9905482041587902,
     "f1-score": 0.9924242424242424,
     "support": 529.0
    },
    "28": {
     "precision": 0.09689922480620156,
     "recall": 0.7352941176470589,
     "f1-score": 0.17123287671232876,
     "support": 34.0
    },
    "29": {
     "precision": 0.610062893081761,
     "recall": 0.9556650246305419,
     "f1-score": 0.744721689059501,
     "support": 406.0
    },
    "30": {
     "precision": 0.852996254681648,
     "recall": 0.9869989165763814,
     "f1-score": 0.9151180311401306,
     "support": 923.0
    },
    "31": {
     "precision": 0.9326923076923077,
     "recall": 0.8220338983050848,
     "f1-score": 0.8738738738738738,
     "support": 118.0
    },
    "32": {
     "precision": 0.75,
     "recall": 0.42857142857142855,
     "f1-score": 0.5454545454545454,
     "support": 14.0
    },
    "33": {
     "precision": 0.9215686274509803,
     "recall": 0.706766917293233,
     "f1-score": 0.8,
     "support": 133.0
    },
    "34": {
     "precision": 0.8203592814371258,
     "recall": 0.9716312056737588,
     "f1-score": 0.8896103896103896,
     "support": 141.0
    },
    "35": {
     "precision": 0.9861878453038674,
     "recall": 0.9944289693593314,
     "f1-score": 0.9902912621359223,
     "support": 359.0
    },
    "36": {
     "precision": 0.8041237113402062,
     "recall": 0.9873417721518988,
     "f1-score": 0.8863636363636364,
     "support": 79.0
    },
    "37": {
     "precision": 0.7708333333333334,
     "recall": 0.38144329896907214,
     "f1-score": 0.5103448275862069,
     "support": 97.0
    },
    "38": {
     "precision": 0.8940397350993378,
     "recall": 0.9782608695652174,
     "f1-score": 0.9342560553633218,
     "support": 138.0
    },
    "39": {
     "precision": 0.8104575163398693,
     "recall": 0.8920863309352518,
     "f1-score": 0.8493150684931506,
     "support": 139.0
    },
    "40": {
     "precision": 0.5343137254901961,
     "recall": 0.27525252525252525,
     "f1-score": 0.36333333333333334,
     "support": 396.0
    },
    "41": {
     "precision": 0.2222222222222222,
     "recall": 0.2857142857142857,
     "f1-score": 0.25,
     "support": 7.0
    },
    "42": {
     "precision": 0.7333333333333333,
     "recall": 0.7333333333333333,
     "f1-score": 0.7333333333333333,
     "support": 15.0
    },
    "43": {
     "precision": 0.9229828850855746,
     "recall": 0.9621920135938827,
     "f1-score": 0.9421797004991681,
     "support": 2354.0
    },
    "44": {
     "precision": 0.3911290322580645,
     "recall": 0.8533724340175953,
     "f1-score": 0.5364055299539171,
     "support": 341.0
    },
    "45": {
     "precision": 0.6868686868686869,
     "recall": 0.8662420382165605,
     "f1-score": 0.7661971830985915,