{
 "dataset": "prototype",
 "arch": "vanilla",
 "K": 4,
 "seed": 0,
 "test_macro_f1": 94.00705169748426,
 "test_accuracy": 94.64193714580114,
 "transformer_params": 299136,
 "total_params": 404661,
 "n_markers": 128,
 "d_model": 96,
 "d_ff": 192,
 "flops_nominal": 62914560.0,
 "flops_effective": 62914560.0,
 "compute_saving": 0.0
}