{
 "dataset": "prototype",
 "arch": "vanilla",
 "K": 4,
 "seed": 1,
 "test_macro_f1": 96.26277199629803,
 "test_accuracy": 96.60705085743726,
 "transformer_params": 299136,
 "total_params": 404661,
 "n_markers": 128,
 "d_model": 96,
 "d_ff": 192,
 "flops_nominal": 62914560.0,
 "flops_effective": 62914560.0,
 "compute_saving": 0.0
}