{
 "dataset": "pancreas",
 "n_samples": 14767,
 "n_features": 1936,
 "n_classes": 15,
 "n_train": 10744,
 "n_test": 2127,
 "transformer_params": 299520,
 "total_params": 519679,
 "config": {
  "heads": [
   "cell_type"
  ],
  "cohorts": null,
  "n_hvg": null,
  "n_channels": 1,
  "batch_size": 128,
  "val_frac": 0.15,
  "test_frac": 0.15,
  "d_model": 96,
  "n_heads": 4,
  "d_ff": 192,
  "dropout": 0.1,
  "n_markers": 128,
  "marker_mode": "router",
  "compress_mode": "aggregate",
  "recursive_marker_refine": true,
  "peak_init": true,
  "anneal_markers": true,
  "recursion_depth": 4,
  "share_weights": false,
  "adaptive_depth": false,
  "marker_ffn": false,
  "recursion_mode": "expert",
  "router_capacity": null,
  "router_alpha": 1.0,
  "router_temp": 1.0,
  "router_type": "linear",
  "router_z_coeff": 0.001,
  "router_balance_coeff": 0.1,
  "gene_interaction": "none",
  "interaction_knn": 16,
  "router_prior_beta": 1.0,
  "router_prior_anneal": true,
  "lambda_marker": 0.1,
  "gamma_diversity": 0.05,
  "beta_compression": 0.01,
  "lr": 0.001,
  "weight_decay": 1e-05,
  "epochs": 150,
  "patience": 15,
  "seed": 0,
  "device": "cuda"
 },
 "heads": {
  "cell_type": {
   "accuracy": 0.8829337094499294,
   "macro_f1": 0.5721814862194471,
   "weighted_f1": 0.8796704370214268,
   "per_class": {
    "0": {
     "precision": 0.0,
     "recall": 0.0,
     "f1-score": 0.0,
     "support": 5.0
    },
    "1": {
     "precision": 1.0,
     "recall": 0.9297297297297298,
     "f1-score": 0.9635854341736695,
     "support": 185.0
    },
    "2": {
     "precision": 0.9553775743707094,
     "recall": 0.9424379232505643,
     "f1-score": 0.9488636363636364,
     "support": 886.0
    },
    "3": {
     "precision": 0.7781155015197568,
     "recall": 0.9481481481481482,
     "f1-score": 0.8547579298831386,
     "support": 270.0
    },
    "4": {
     "precision": 0.7651515151515151,
     "recall": 0.8859649122807017,
     "f1-score": 0.8211382113821138,
     "support": 114.0
    },
    "5": {
     "precision": 0.9507389162561576,
     "recall": 1.0,
     "f1-score": 0.9747474747474747,
     "support": 386.0
    },
    "6": {
     "precision": 1.0,
     "recall": 0.75,
     "f1-score": 0.8571428571428571,
     "support": 16.0
    },
    "7": {
     "precision": 1.0,
     "recall": 0.8571428571428571,
     "f1-score": 0.9230769230769231,
     "support": 7.0
    },
    "8": {
     "precision": 0.8,
     "recall": 0.5482233502538071,
     "f1-score": 0.6506024096385542,
     "support": 197.0
    },
    "9": {
     "precision": 0.0,
     "recall": 0.0,
     "f1-score": 0.0,
     "support": 0.0
    },
    "10": {
     "precision": 1.0,
     "recall": 0.2857142857142857,
     "f1-score": 0.4444444444444444,
     "support": 7.0
    },
    "11": {
     "precision": 0.0,
     "recall": 0.0,
     "f1-score": 0.0,
     "support": 0.0
    },
    "13": {
     "precision": 0.0,
     "recall": 0.0,
     "f1-score": 0.0,
     "support": 54.0
    },
    "accuracy": 0.8829337094499294,
    "macro avg": {
     "precision": 0.6345679620998568,
     "recall": 0.5497970158861611,
     "f1-score": 0.5721814862194471,
     "support": 2127.0
    },
    "weighted avg": {
     "precision": 0.8854575508720887,
     "recall": 0.8829337094499294,
     "f1-score": 0.8796704370214268,
     "support": 2127.0
    }
   }
  }
 }
}