{
 "dataset": "prototype",
 "n_samples": 90579,
 "n_features": 752,
 "n_classes": 10,
 "n_train": 53894,
 "n_test": 27174,
 "transformer_params": 299520,
 "total_params": 405045,
 "config": {
  "heads": [
   "cell_type"
  ],
  "cohorts": null,
  "n_hvg": null,
  "n_channels": 1,
  "batch_size": 128,
  "val_frac": 0.15,
  "test_frac": 0.15,
  "d_model": 96,
  "n_heads": 4,
  "d_ff": 192,
  "dropout": 0.1,
  "n_markers": 128,
  "marker_mode": "router",
  "pathway_pool": "mean",
  "compress_mode": "aggregate",
  "recursive_marker_refine": true,
  "peak_init": true,
  "anneal_markers": true,
  "recursion_depth": 4,
  "share_weights": false,
  "adaptive_depth": false,
  "marker_ffn": false,
  "recursion_mode": "expert",
  "router_capacity": null,
  "router_alpha": 1.0,
  "router_temp": 1.0,
  "router_type": "linear",
  "router_z_coeff": 0.001,
  "router_balance_coeff": 0.1,
  "gene_interaction": "none",
  "interaction_knn": 16,
  "router_prior_beta": 1.0,
  "router_prior_anneal": true,
  "pathway_attn_bias": false,
  "pathway_attn_lambda": 2.0,
  "lambda_marker": 0.1,
  "gamma_diversity": 0.05,
  "beta_compression": 0.01,
  "lr": 0.001,
  "weight_decay": 1e-05,
  "epochs": 150,
  "patience": 15,
  "seed": 0,
  "device": "cuda"
 },
 "heads": {
  "cell_type": {
   "accuracy": 0.9458673732244057,
   "macro_f1": 0.9397317141445493,
   "weighted_f1": 0.9458363083029134,
   "per_class": {
    "0": {
     "precision": 0.9735023041474654,
     "recall": 0.9837019790454016,
     "f1-score": 0.9785755645628257,
     "support": 859.0
    },
    "1": {
     "precision": 0.9487427466150871,
     "recall": 0.9665024630541872,
     "f1-score": 0.9575402635431918,
     "support": 1015.0
    },
    "2": {
     "precision": 0.9217702279839071,
     "recall": 0.9608574091332712,
     "f1-score": 0.9409080538443988,
     "support": 2146.0
    },
    "3": {
     "precision": 0.9685737308622079,
     "recall": 0.9483234714003945,
     "f1-score": 0.9583416384293403,
     "support": 2535.0
    },
    "4": {
     "precision": 0.9403758911211925,
     "recall": 0.8535294117647059,
     "f1-score": 0.8948504471168671,
     "support": 1700.0
    },
    "5": {
     "precision": 0.8788172564226854,
     "recall": 0.8499765588373184,
     "f1-score": 0.8641563393708294,
     "support": 2133.0
    },
    "6": {
     "precision": 0.8651994497936726,
     "recall": 0.9328883945124212,
     "f1-score": 0.8977698483496878,
     "support": 2697.0
    },
    "7": {
     "precision": 0.9685409510034352,
     "recall": 0.9633159503686387,
     "f1-score": 0.9659213847818248,
     "support": 5561.0
    },
    "8": {
     "precision": 0.9543294614572334,
     "recall": 0.9535742548140332,
     "f1-score": 0.9539517086686898,
     "support": 3791.0
    },
    "9": {
     "precision": 0.9870762711864407,
     "recall": 0.9835338822039266,
     "f1-score": 0.9853018927778365,
     "support": 4737.0
    },
    "accuracy": 0.9458673732244057,
    "macro avg": {
     "precision": 0.9406928290593326,
     "recall": 0.9396203775134297,
     "f1-score": 0.9397317141445493,
     "support": 27174.0
    },
    "weighted avg": {
     "precision": 0.9464548589291213,
     "recall": 0.9458673732244057,
     "f1-score": 0.9458363083029134,
     "support": 27174.0
    }
   }
  }
 }
}