{
 "dataset": "tabula_muris",
 "n_samples": 54865,
 "n_features": 1089,
 "n_classes": 55,
 "n_train": 32645,
 "n_test": 16458,
 "transformer_params": 299520,
 "total_params": 446127,
 "config": {
  "heads": [
   "cell_type"
  ],
  "cohorts": null,
  "n_hvg": null,
  "n_channels": 1,
  "batch_size": 128,
  "val_frac": 0.15,
  "test_frac": 0.15,
  "d_model": 96,
  "n_heads": 4,
  "d_ff": 192,
  "dropout": 0.1,
  "n_markers": 128,
  "marker_mode": "router",
  "compress_mode": "aggregate",
  "recursive_marker_refine": true,
  "peak_init": true,
  "anneal_markers": true,
  "recursion_depth": 4,
  "share_weights": false,
  "adaptive_depth": false,
  "marker_ffn": false,
  "recursion_mode": "expert",
  "router_capacity": null,
  "router_alpha": 1.0,
  "router_temp": 1.0,
  "router_type": "linear",
  "router_z_coeff": 0.001,
  "router_balance_coeff": 0.1,
  "gene_interaction": "none",
  "interaction_knn": 16,
  "router_prior_beta": 1.0,
  "router_prior_anneal": true,
  "lambda_marker": 0.1,
  "gamma_diversity": 0.05,
  "beta_compression": 0.01,
  "lr": 0.001,
  "weight_decay": 1e-05,
  "epochs": 150,
  "patience": 15,
  "seed": 0,
  "device": "cuda"
 },
 "heads": {
  "cell_type": {
   "accuracy": 0.8287762790132458,
   "macro_f1": 0.7486472340326041,
   "weighted_f1": 0.8276258706360947,
   "per_class": {
    "0": {
     "precision": 0.9248177982355198,
     "recall": 0.9690514469453376,
     "f1-score": 0.9464180569185476,
     "support": 2488.0
    },
    "1": {
     "precision": 0.34615384615384615,
     "recall": 0.6923076923076923,
     "f1-score": 0.46153846153846156,
     "support": 13.0
    },
    "2": {
     "precision": 0.6666666666666666,
     "recall": 0.6,
     "f1-score": 0.631578947368421,
     "support": 20.0
    },
    "3": {
     "precision": 0.875,
     "recall": 0.6363636363636364,
     "f1-score": 0.7368421052631579,
     "support": 11.0
    },
    "4": {
     "precision": 0.9315555555555556,
     "recall": 0.7921390778533636,
     "f1-score": 0.8562091503267973,
     "support": 1323.0
    },
    "5": {
     "precision": 0.8275862068965517,
     "recall": 0.9230769230769231,
     "f1-score": 0.8727272727272727,
     "support": 104.0
    },
    "6": {
     "precision": 0.860655737704918,
     "recall": 0.8898305084745762,
     "f1-score": 0.875,
     "support": 118.0
    },
    "7": {
     "precision": 0.9710504549214226,
     "recall": 0.8847023360964582,
     "f1-score": 0.9258675078864353,
     "support": 1327.0
    },
    "8": {
     "precision": 0.8888888888888888,
     "recall": 0.8888888888888888,
     "f1-score": 0.8888888888888888,
     "support": 18.0
    },
    "9": {
     "precision": 0.7468354430379747,
     "recall": 0.9806094182825484,
     "f1-score": 0.8479041916167664,
     "support": 361.0
    },
    "10": {
     "precision": 0.9886363636363636,
     "recall": 0.9942857142857143,
     "f1-score": 0.9914529914529915,
     "support": 350.0
    },
    "11": {
     "precision": 0.4031563845050215,
     "recall": 0.8216374269005848,
     "f1-score": 0.5409047160731473,
     "support": 342.0
    },
    "12": {
     "precision": 0.85,
     "recall": 0.9444444444444444,
     "f1-score": 0.8947368421052632,
     "support": 18.0
    },
    "13": {
     "precision": 1.0,
     "recall": 1.0,
     "f1-score": 1.0,
     "support": 15.0
    },
    "14": {
     "precision": 0.49230769230769234,
     "recall": 0.6666666666666666,
     "f1-score": 0.5663716814159292,
     "support": 48.0
    },
    "15": {
     "precision": 0.52,
     "recall": 1.0,
     "f1-score": 0.6842105263157895,
     "support": 13.0
    },
    "16": {
     "precision": 0.875,
     "recall": 0.875,
     "f1-score": 0.875,
     "support": 8.0
    },
    "17": {
     "precision": 0.8095238095238095,
     "recall": 0.8947368421052632,
     "f1-score": 0.85,
     "support": 19.0
    },
    "18": {
     "precision": 0.75,
     "recall": 0.9473684210526315,
     "f1-score": 0.8372093023255814,
     "support": 19.0
    },
    "19": {
     "precision": 0.9037900874635568,
     "recall": 0.7268464243845252,
     "f1-score": 0.8057179987004548,
     "support": 853.0
    },
    "20": {
     "precision": 1.0,
     "recall": 0.25,
     "f1-score": 0.4,
     "support": 8.0
    },
    "21": {
     "precision": 0.7682119205298014,
     "recall": 0.8888888888888888,
     "f1-score": 0.8241563055062167,
     "support": 261.0
    },
    "22": {
     "precision": 0.813953488372093,
     "recall": 0.7608695652173914,
     "f1-score": 0.7865168539325843,
     "support": 46.0
    },
    "23": {
     "precision": 0.48333333333333334,
     "recall": 0.8529411764705882,
     "f1-score": 0.6170212765957447,
     "support": 68.0
    },
    "24": {
     "precision": 0.9441860465116279,
     "recall": 0.9311926605504587,
     "f1-score": 0.9376443418013857,
     "support": 218.0
    },
    "25": {
     "precision": 0.8503937007874016,
     "recall": 0.9557522123893806,
     "f1-score": 0.9,
     "support": 113.0
    },
    "26": {
     "precision": 0.93,
     "recall": 0.788135593220339,
     "f1-score": 0.8532110091743119,
     "support": 118.0
    },
    "27": {
     "precision": 0.9943502824858758,
     "recall": 0.998109640831758,
     "f1-score": 0.9962264150943396,
     "support": 529.0
    },
    "28": {
     "precision": 0.6060606060606061,
     "recall": 0.5882352941176471,
     "f1-score": 0.5970149253731343,
     "support": 34.0
    },
    "29": {
     "precision": 0.937046004842615,
     "recall": 0.9532019704433498,
     "f1-score": 0.945054945054945,
     "support": 406.0
    },
    "30": {
     "precision": 0.8685258964143426,
     "recall": 0.9447453954496208,
     "f1-score": 0.9050337311883757,
     "support": 923.0
    },
    "31": {
     "precision": 0.6134969325153374,
     "recall": 0.847457627118644,
     "f1-score": 0.7117437722419929,
     "support": 118.0
    },
    "32": {
     "precision": 0.25,
     "recall": 0.2857142857142857,
     "f1-score": 0.26666666666666666,
     "support": 14.0
    },
    "33": {
     "precision": 0.7,
     "recall": 0.7894736842105263,
     "f1-score": 0.7420494699646644,
     "support": 133.0
    },
    "34": {
     "precision": 0.8780487804878049,
     "recall": 0.7659574468085106,
     "f1-score": 0.8181818181818182,
     "support": 141.0
    },
    "35": {
     "precision": 0.9753424657534246,
     "recall": 0.9916434540389972,
     "f1-score": 0.9834254143646409,
     "support": 359.0
    },
    "36": {
     "precision": 0.8809523809523809,
     "recall": 0.9367088607594937,
     "f1-score": 0.9079754601226994,
     "support": 79.0
    },
    "37": {
     "precision": 0.5604395604395604,
     "recall": 0.5257731958762887,
     "f1-score": 0.5425531914893617,
     "support": 97.0
    },
    "38": {
     "precision": 0.7831325301204819,
     "recall": 0.9420289855072463,
     "f1-score": 0.8552631578947368,
     "support": 138.0
    },
    "39": {
     "precision": 0.6685082872928176,
     "recall": 0.8705035971223022,
     "f1-score": 0.75625,
     "support": 139.0
    },
    "40": {
     "precision": 0.3434343434343434,
     "recall": 0.1717171717171717,
     "f1-score": 0.22895622895622897,
     "support": 396.0
    },
    "41": {
     "precision": 0.75,
     "recall": 0.42857142857142855,
     "f1-score": 0.5454545454545454,
     "support": 7.0
    },
    "42": {
     "precision": 0.6470588235294118,
     "recall": 0.7333333333333333,
     "f1-score": 0.6875,
     "support": 15.0
    },
    "43": {
     "precision": 0.9706439393939394,
     "recall": 0.8708581138487681,
     "f1-score": 0.9180474697716077,
     "support": 2354.0
    },
    "44": {
     "precision": 0.3721244925575101,
     "recall": 0.8064516129032258,
     "f1-score": 0.5092592592592593,
     "support": 341.0
    },
    "45": {
     "precision": 0.8103448275862069,
     "recall": 0.8980891719745223,
     "f1-score": 0.851963746223565,
     "support": 157.0
    },
    "46": {
     "precision": 0.7777777777777778,
     "recall": 0.2692307692307692,