{
 "dataset": "Muraro",
 "mode": "learned_anchor",
 "K": 4,
 "seed": 1,
 "n_markers": 128,
 "test_macro_f1": 78.76495450183421,
 "test_accuracy": 88.0690737833595,
 "val_macro_f1": 77.86712427970747,
 "n_features": 2000,
 "n_classes": 9,
 "n_samples": 2122,
 "learned_lambda": 0.215359166264534,
 "bio_anchor_have": true
}