{
 "dataset": "Muraro",
 "mode": "learned_anchor",
 "K": 4,
 "seed": 2,
 "n_markers": 128,
 "test_macro_f1": 78.363490269578,
 "test_accuracy": 91.3657770800628,
 "val_macro_f1": 91.37525055887683,
 "n_features": 2000,
 "n_classes": 9,
 "n_samples": 2122,
 "learned_lambda": 0.21745039522647858,
 "bio_anchor_have": true
}