{
 "dataset": "Muraro",
 "mode": "learned_anchor",
 "K": 4,
 "seed": 0,
 "n_markers": 128,
 "test_macro_f1": 55.9639608780627,
 "test_accuracy": 66.71899529042386,
 "val_macro_f1": 74.2697160369683,
 "n_features": 2000,
 "n_classes": 9,
 "n_samples": 2122,
 "learned_lambda": 0.23436550796031952,
 "bio_anchor_have": true
}