{
 "dataset": "common_class",
 "n_samples": 27499,
 "n_features": 1089,
 "n_classes": 19,
 "n_train": 16361,
 "n_test": 8250,
 "transformer_params": 299520,
 "total_params": 439143,
 "config": {
  "heads": [
   "cell_type"
  ],
  "cohorts": null,
  "n_hvg": null,
  "batch_size": 128,
  "val_frac": 0.15,
  "test_frac": 0.15,
  "d_model": 96,
  "n_heads": 4,
  "d_ff": 192,
  "dropout": 0.1,
  "n_markers": 128,
  "marker_mode": "router",
  "compress_mode": "aggregate",
  "recursive_marker_refine": true,
  "peak_init": true,
  "anneal_markers": true,
  "recursion_depth": 4,
  "share_weights": false,
  "adaptive_depth": false,
  "marker_ffn": false,
  "recursion_mode": "expert",
  "router_capacity": null,
  "router_alpha": 1.0,
  "router_temp": 1.0,
  "router_type": "linear",
  "router_z_coeff": 0.001,
  "router_balance_coeff": 0.1,
  "gene_interaction": "none",
  "interaction_knn": 16,
  "router_prior_beta": 1.0,
  "router_prior_anneal": true,
  "lambda_marker": 0.1,
  "gamma_diversity": 0.05,
  "beta_compression": 0.01,
  "lr": 0.001,
  "weight_decay": 1e-05,
  "epochs": 150,
  "patience": 15,
  "seed": 42,
  "device": "cuda"
 },
 "heads": {
  "cell_type": {
   "accuracy": 0.8455757575757575,
   "macro_f1": 0.7287843358058068,
   "weighted_f1": 0.8515979935805337,
   "per_class": {
    "0": {
     "precision": 0.7530864197530864,
     "recall": 0.8026315789473685,
     "f1-score": 0.7770700636942676,
     "support": 76.0
    },
    "1": {
     "precision": 0.7516778523489933,
     "recall": 0.6850152905198776,
     "f1-score": 0.7168,
     "support": 327.0
    },
    "2": {
     "precision": 0.7099236641221374,
     "recall": 0.7815126050420168,
     "f1-score": 0.744,
     "support": 238.0
    },
    "3": {
     "precision": 0.5294117647058824,
     "recall": 0.7544910179640718,
     "f1-score": 0.6222222222222222,
     "support": 167.0
    },
    "4": {
     "precision": 0.5811965811965812,
     "recall": 0.85,
     "f1-score": 0.6903553299492385,
     "support": 160.0
    },
    "5": {
     "precision": 0.8375634517766497,
     "recall": 0.673469387755102,
     "f1-score": 0.746606334841629,
     "support": 245.0
    },
    "6": {
     "precision": 0.6064516129032258,
     "recall": 0.7899159663865546,
     "f1-score": 0.6861313868613139,
     "support": 119.0
    },
    "7": {
     "precision": 0.8555555555555555,
     "recall": 0.6885245901639344,
     "f1-score": 0.7630057803468208,
     "support": 671.0
    },
    "8": {
     "precision": 0.5251396648044693,
     "recall": 0.6527777777777778,
     "f1-score": 0.5820433436532507,
     "support": 144.0
    },
    "9": {
     "precision": 0.8762886597938144,
     "recall": 0.8252427184466019,
     "f1-score": 0.85,
     "support": 412.0
    },
    "10": {
     "precision": 0.4779116465863454,
     "recall": 0.7168674698795181,
     "f1-score": 0.5734939759036145,
     "support": 166.0
    },
    "11": {
     "precision": 0.8194444444444444,
     "recall": 0.8082191780821918,
     "f1-score": 0.8137931034482758,
     "support": 511.0
    },
    "12": {
     "precision": 0.8557504873294347,
     "recall": 0.8314393939393939,
     "f1-score": 0.8434197886647454,
     "support": 528.0
    },
    "13": {
     "precision": 0.5188679245283019,
     "recall": 0.5851063829787234,
     "f1-score": 0.55,
     "support": 94.0
    },
    "14": {
     "precision": 0.6,
     "recall": 0.8571428571428571,
     "f1-score": 0.7058823529411765,
     "support": 14.0
    },
    "15": {
     "precision": 0.3560606060606061,
     "recall": 0.46766169154228854,
     "f1-score": 0.4043010752688172,
     "support": 201.0
    },
    "16": {
     "precision": 0.986013986013986,
     "recall": 0.9570135746606335,
     "f1-score": 0.9712973593570609,
     "support": 884.0
    },
    "17": {
     "precision": 0.98468410976388,
     "recall": 0.9448867115737906,
     "f1-score": 0.964375,
     "support": 3266.0
    },
    "18": {
     "precision": 0.8,
     "recall": 0.8888888888888888,
     "f1-score": 0.8421052631578947,
     "support": 27.0
    },
    "accuracy": 0.8455757575757575,
    "macro avg": {
     "precision": 0.7065804437730208,
     "recall": 0.7663582674574522,
     "f1-score": 0.7287843358058068,
     "support": 8250.0
    },
    "weighted avg": {
     "precision": 0.86416485029656,
     "recall": 0.8455757575757575,
     "f1-score": 0.8515979935805337,
     "support": 8250.0
    }
   }
  }
 }
}