{
 "dataset": "pancreas",
 "n_samples": 14767,
 "n_features": 1936,
 "n_classes": 15,
 "n_train": 10744,
 "n_test": 2127,
 "transformer_params": 299520,
 "total_params": 519679,
 "config": {
  "heads": [
   "cell_type"
  ],
  "cohorts": null,
  "n_hvg": null,
  "batch_size": 128,
  "val_frac": 0.15,
  "test_frac": 0.15,
  "d_model": 96,
  "n_heads": 4,
  "d_ff": 192,
  "dropout": 0.1,
  "n_markers": 128,
  "marker_mode": "router",
  "compress_mode": "aggregate",
  "recursive_marker_refine": true,
  "peak_init": true,
  "anneal_markers": true,
  "recursion_depth": 4,
  "share_weights": false,
  "adaptive_depth": false,
  "marker_ffn": false,
  "recursion_mode": "expert",
  "router_capacity": null,
  "router_alpha": 1.0,
  "router_temp": 1.0,
  "router_type": "linear",
  "router_z_coeff": 0.001,
  "router_balance_coeff": 0.1,
  "gene_interaction": "none",
  "interaction_knn": 16,
  "router_prior_beta": 1.0,
  "router_prior_anneal": true,
  "lambda_marker": 0.1,
  "gamma_diversity": 0.05,
  "beta_compression": 0.01,
  "lr": 0.001,
  "weight_decay": 1e-05,
  "epochs": 150,
  "patience": 15,
  "seed": 42,
  "device": "cuda"
 },
 "heads": {
  "cell_type": {
   "accuracy": 0.9351198871650211,
   "macro_f1": 0.6461928575029768,
   "weighted_f1": 0.9386056598079606,
   "per_class": {
    "0": {
     "precision": 0.0,
     "recall": 0.0,
     "f1-score": 0.0,
     "support": 5.0
    },
    "1": {
     "precision": 0.9148936170212766,
     "recall": 0.9297297297297298,
     "f1-score": 0.9222520107238605,
     "support": 185.0
    },
    "2": {
     "precision": 0.9763246899661782,
     "recall": 0.9774266365688488,
     "f1-score": 0.9768753525098702,
     "support": 886.0
    },
    "3": {
     "precision": 0.9702602230483272,
     "recall": 0.9666666666666667,
     "f1-score": 0.9684601113172542,
     "support": 270.0
    },
    "4": {
     "precision": 0.889763779527559,
     "recall": 0.9912280701754386,
     "f1-score": 0.9377593360995851,
     "support": 114.0
    },
    "5": {
     "precision": 0.9483204134366925,
     "recall": 0.9507772020725389,
     "f1-score": 0.9495472186287193,
     "support": 386.0
    },
    "6": {
     "precision": 1.0,
     "recall": 0.75,
     "f1-score": 0.8571428571428571,
     "support": 16.0
    },
    "7": {
     "precision": 0.6,
     "recall": 0.8571428571428571,
     "f1-score": 0.7058823529411765,
     "support": 7.0
    },
    "8": {
     "precision": 0.9247311827956989,
     "recall": 0.8730964467005076,
     "f1-score": 0.8981723237597912,
     "support": 197.0
    },
    "9": {
     "precision": 0.0,
     "recall": 0.0,
     "f1-score": 0.0,
     "support": 0.0
    },
    "10": {
     "precision": 1.0,
     "recall": 0.5714285714285714,
     "f1-score": 0.7272727272727273,
     "support": 7.0
    },
    "11": {
     "precision": 0.0,
     "recall": 0.0,
     "f1-score": 0.0,
     "support": 0.0
    },
    "13": {
     "precision": 1.0,
     "recall": 0.2962962962962963,
     "f1-score": 0.45714285714285713,
     "support": 54.0
    },
    "accuracy": 0.9351198871650211,
    "macro avg": {
     "precision": 0.7095610696765948,
     "recall": 0.6279840366754965,
     "f1-score": 0.6461928575029768,
     "support": 2127.0
    },
    "weighted avg": {
     "precision": 0.9530352835662793,
     "recall": 0.9351198871650211,
     "f1-score": 0.9386056598079606,
     "support": 2127.0
    }
   }
  }
 }
}