{
 "dataset": "prototype",
 "n_samples": 90579,
 "n_features": 752,
 "n_classes": 10,
 "n_train": 53894,
 "n_test": 27174,
 "transformer_params": 299520,
 "total_params": 405045,
 "config": {
  "heads": [
   "cell_type"
  ],
  "cohorts": null,
  "n_hvg": null,
  "batch_size": 512,
  "val_frac": 0.15,
  "test_frac": 0.15,
  "d_model": 96,
  "n_heads": 4,
  "d_ff": 192,
  "dropout": 0.1,
  "n_markers": 128,
  "marker_mode": "router",
  "compress_mode": "aggregate",
  "recursive_marker_refine": true,
  "peak_init": true,
  "anneal_markers": true,
  "recursion_depth": 4,
  "share_weights": false,
  "adaptive_depth": false,
  "marker_ffn": false,
  "recursion_mode": "expert",
  "router_capacity": null,
  "router_alpha": 1.0,
  "router_temp": 1.0,
  "router_type": "linear",
  "router_z_coeff": 0.001,
  "router_balance_coeff": 0.1,
  "gene_interaction": "none",
  "interaction_knn": 16,
  "router_prior_beta": 1.0,
  "router_prior_anneal": true,
  "lambda_marker": 0.1,
  "gamma_diversity": 0.05,
  "beta_compression": 0.01,
  "lr": 0.0003,
  "weight_decay": 0.01,
  "epochs": 10,
  "patience": 5,
  "seed": 42,
  "device": "cuda"
 },
 "heads": {
  "cell_type": {
   "accuracy": 0.8127621991609627,
   "macro_f1": 0.801245760049914,
   "weighted_f1": 0.8124724978618614,
   "per_class": {
    "0": {
     "precision": 0.8699360341151386,
     "recall": 0.9499417927823051,
     "f1-score": 0.9081803005008348,
     "support": 859.0
    },
    "1": {
     "precision": 0.7142857142857143,
     "recall": 0.7832512315270936,
     "f1-score": 0.7471804511278195,
     "support": 1015.0
    },
    "2": {
     "precision": 0.8174373795761078,
     "recall": 0.7907735321528425,
     "f1-score": 0.8038844149692089,
     "support": 2146.0
    },
    "3": {
     "precision": 0.8619329388560157,
     "recall": 0.8619329388560157,
     "f1-score": 0.8619329388560157,
     "support": 2535.0
    },
    "4": {
     "precision": 0.7238805970149254,
     "recall": 0.741764705882353,
     "f1-score": 0.7327135386403254,
     "support": 1700.0
    },
    "5": {
     "precision": 0.6818392940083604,
     "recall": 0.6882325363338021,
     "f1-score": 0.6850209986000934,
     "support": 2133.0
    },
    "6": {
     "precision": 0.7348567283278926,
     "recall": 0.7512050426399703,
     "f1-score": 0.742940960762743,
     "support": 2697.0
    },
    "7": {
     "precision": 0.8639778568604192,
     "recall": 0.7858298867110232,
     "f1-score": 0.8230530181749693,
     "support": 5561.0
    },
    "8": {
     "precision": 0.7895987328405492,
     "recall": 0.7889738855183329,
     "f1-score": 0.7892861855126007,
     "support": 3791.0
    },
    "9": {
     "precision": 0.8928998803350618,
     "recall": 0.9451129406797552,
     "f1-score": 0.9182647933545277,
     "support": 4737.0
    },
    "accuracy": 0.8127621991609627,
    "macro avg": {
     "precision": 0.7950645156220185,
     "recall": 0.8087018493083493,
     "f1-score": 0.801245760049914,
     "support": 27174.0
    },
    "weighted avg": {
     "precision": 0.8134974934336964,
     "recall": 0.8127621991609627,
     "f1-score": 0.8124724978618614,
     "support": 27174.0
    }
   }
  }
 }
}