{
 "dataset": "tabula_muris",
 "n_samples": 54865,
 "n_features": 1089,
 "n_classes": 55,
 "n_train": 32645,
 "n_test": 16458,
 "transformer_params": 299520,
 "total_params": 446127,
 "config": {
  "heads": [
   "cell_type"
  ],
  "cohorts": null,
  "n_hvg": null,
  "batch_size": 128,
  "val_frac": 0.15,
  "test_frac": 0.15,
  "d_model": 96,
  "n_heads": 4,
  "d_ff": 192,
  "dropout": 0.1,
  "n_markers": 128,
  "marker_mode": "router",
  "compress_mode": "aggregate",
  "recursive_marker_refine": true,
  "peak_init": true,
  "anneal_markers": true,
  "recursion_depth": 4,
  "share_weights": false,
  "adaptive_depth": false,
  "marker_ffn": false,
  "recursion_mode": "expert",
  "router_capacity": null,
  "router_alpha": 1.0,
  "router_temp": 1.0,
  "router_type": "linear",
  "router_z_coeff": 0.001,
  "router_balance_coeff": 0.1,
  "gene_interaction": "none",
  "interaction_knn": 16,
  "router_prior_beta": 1.0,
  "router_prior_anneal": true,
  "lambda_marker": 0.1,
  "gamma_diversity": 0.05,
  "beta_compression": 0.01,
  "lr": 0.001,
  "weight_decay": 1e-05,
  "epochs": 150,
  "patience": 15,
  "seed": 42,
  "device": "cuda"
 },
 "heads": {
  "cell_type": {
   "accuracy": 0.8296269291529955,
   "macro_f1": 0.7494420724935777,
   "weighted_f1": 0.8268336841182032,
   "per_class": {
    "0": {
     "precision": 0.8977367979882649,
     "recall": 0.8609324758842444,
     "f1-score": 0.8789495281083299,
     "support": 2488.0
    },
    "1": {
     "precision": 0.18181818181818182,
     "recall": 0.46153846153846156,
     "f1-score": 0.2608695652173913,
     "support": 13.0
    },
    "2": {
     "precision": 0.7692307692307693,
     "recall": 0.5,
     "f1-score": 0.6060606060606061,
     "support": 20.0
    },
    "3": {
     "precision": 0.7272727272727273,
     "recall": 0.7272727272727273,
     "f1-score": 0.7272727272727273,
     "support": 11.0
    },
    "4": {
     "precision": 0.773055332798717,
     "recall": 0.7286470143613001,
     "f1-score": 0.7501945525291829,
     "support": 1323.0
    },
    "5": {
     "precision": 0.970873786407767,
     "recall": 0.9615384615384616,
     "f1-score": 0.966183574879227,
     "support": 104.0
    },
    "6": {
     "precision": 0.9133858267716536,
     "recall": 0.9830508474576272,
     "f1-score": 0.9469387755102041,
     "support": 118.0
    },
    "7": {
     "precision": 0.9624233128834356,
     "recall": 0.945742275810098,
     "f1-score": 0.9540098821740783,
     "support": 1327.0
    },
    "8": {
     "precision": 0.9444444444444444,
     "recall": 0.9444444444444444,
     "f1-score": 0.9444444444444444,
     "support": 18.0
    },
    "9": {
     "precision": 0.8753117206982544,
     "recall": 0.9722991689750693,
     "f1-score": 0.9212598425196851,
     "support": 361.0
    },
    "10": {
     "precision": 0.9801136363636364,
     "recall": 0.9857142857142858,
     "f1-score": 0.9829059829059829,
     "support": 350.0
    },
    "11": {
     "precision": 0.5676274944567627,
     "recall": 0.7485380116959064,
     "f1-score": 0.6456494325346784,
     "support": 342.0
    },
    "12": {
     "precision": 0.75,
     "recall": 1.0,
     "f1-score": 0.8571428571428571,
     "support": 18.0
    },
    "13": {
     "precision": 1.0,
     "recall": 1.0,
     "f1-score": 1.0,
     "support": 15.0
    },
    "14": {
     "precision": 0.3333333333333333,
     "recall": 0.375,
     "f1-score": 0.35294117647058826,
     "support": 48.0
    },
    "15": {
     "precision": 0.5,
     "recall": 0.6153846153846154,
     "f1-score": 0.5517241379310345,
     "support": 13.0
    },
    "16": {
     "precision": 0.7777777777777778,
     "recall": 0.875,
     "f1-score": 0.8235294117647058,
     "support": 8.0
    },
    "17": {
     "precision": 0.7619047619047619,
     "recall": 0.8421052631578947,
     "f1-score": 0.8,
     "support": 19.0
    },
    "18": {
     "precision": 0.8571428571428571,
     "recall": 0.9473684210526315,
     "f1-score": 0.9,
     "support": 19.0
    },
    "19": {
     "precision": 0.906832298136646,
     "recall": 0.8558030480656507,
     "f1-score": 0.8805790108564535,
     "support": 853.0
    },
    "20": {
     "precision": 1.0,
     "recall": 0.75,
     "f1-score": 0.8571428571428571,
     "support": 8.0
    },
    "21": {
     "precision": 0.879245283018868,
     "recall": 0.89272030651341,
     "f1-score": 0.8859315589353612,
     "support": 261.0
    },
    "22": {
     "precision": 0.8113207547169812,
     "recall": 0.9347826086956522,
     "f1-score": 0.8686868686868687,
     "support": 46.0
    },
    "23": {
     "precision": 0.8,
     "recall": 0.6470588235294118,
     "f1-score": 0.7154471544715447,
     "support": 68.0
    },
    "24": {
     "precision": 0.9372197309417041,
     "recall": 0.9587155963302753,
     "f1-score": 0.9478458049886621,
     "support": 218.0
    },
    "25": {
     "precision": 0.8688524590163934,
     "recall": 0.9380530973451328,
     "f1-score": 0.902127659574468,
     "support": 113.0
    },
    "26": {
     "precision": 0.7538461538461538,
     "recall": 0.8305084745762712,
     "f1-score": 0.7903225806451613,
     "support": 118.0
    },
    "27": {
     "precision": 0.998109640831758,
     "recall": 0.998109640831758,
     "f1-score": 0.998109640831758,
     "support": 529.0
    },
    "28": {
     "precision": 0.21052631578947367,
     "recall": 0.47058823529411764,
     "f1-score": 0.2909090909090909,
     "support": 34.0
    },
    "29": {
     "precision": 0.7344961240310077,
     "recall": 0.9334975369458128,
     "f1-score": 0.8221258134490239,
     "support": 406.0
    },
    "30": {
     "precision": 0.9285714285714286,
     "recall": 0.9436619718309859,
     "f1-score": 0.9360558839333691,
     "support": 923.0
    },
    "31": {
     "precision": 0.8775510204081632,
     "recall": 0.7288135593220338,
     "f1-score": 0.7962962962962963,
     "support": 118.0
    },
    "32": {
     "precision": 0.125,
     "recall": 0.2857142857142857,
     "f1-score": 0.17391304347826086,
     "support": 14.0
    },
    "33": {
     "precision": 0.9035087719298246,
     "recall": 0.7744360902255639,
     "f1-score": 0.8340080971659919,
     "support": 133.0
    },
    "34": {
     "precision": 0.8961038961038961,
     "recall": 0.9787234042553191,
     "f1-score": 0.9355932203389831,
     "support": 141.0
    },
    "35": {
     "precision": 0.9971988795518207,
     "recall": 0.9916434540389972,
     "f1-score": 0.994413407821229,
     "support": 359.0
    },
    "36": {
     "precision": 0.8172043010752689,
     "recall": 0.9620253164556962,
     "f1-score": 0.8837209302325582,
     "support": 79.0
    },
    "37": {
     "precision": 0.34210526315789475,
     "recall": 0.5360824742268041,
     "f1-score": 0.41767068273092367,
     "support": 97.0
    },
    "38": {
     "precision": 0.9103448275862069,
     "recall": 0.9565217391304348,
     "f1-score": 0.9328621908127208,
     "support": 138.0
    },
    "39": {
     "precision": 0.7857142857142857,
     "recall": 0.7122302158273381,
     "f1-score": 0.7471698113207547,
     "support": 139.0
    },
    "40": {
     "precision": 0.45,
     "recall": 0.20454545454545456,
     "f1-score": 0.28125,
     "support": 396.0
    },
    "41": {
     "precision": 0.5,
     "recall": 0.8571428571428571,
     "f1-score": 0.631578947368421,
     "support": 7.0
    },
    "42": {
     "precision": 0.6842105263157895,
     "recall": 0.8666666666666667,
     "f1-score": 0.7647058823529411,
     "support": 15.0
    },
    "43": {
     "precision": 0.9619921363040629,
     "recall": 0.935429056924384,
     "f1-score": 0.9485246607796683,
     "support": 2354.0
    },
    "44": {
     "precision": 0.3668571428571429,
     "recall": 0.9413489736070382,
     "f1-score": 0.5279605263157895,
     "support": 341.0
    },
    "45": {
     "precision": 0.6994818652849741,
     "recall": 0.8598726114649682,
     "f1-score": 0.7714285714285715,
     "support": 157.0
    },