{
 "dataset": "prototype",
 "n_samples": 90579,
 "n_features": 752,
 "n_classes": 10,
 "n_train": 53894,
 "n_test": 27174,
 "transformer_params": 75168,
 "total_params": 180693,
 "config": {
  "heads": [
   "cell_type"
  ],
  "cohorts": null,
  "n_hvg": null,
  "n_channels": 1,
  "batch_size": 128,
  "val_frac": 0.15,
  "test_frac": 0.15,
  "d_model": 96,
  "n_heads": 4,
  "d_ff": 192,
  "dropout": 0.1,
  "n_markers": 128,
  "marker_mode": "router",
  "pathway_pool": "mean",
  "compress_mode": "aggregate",
  "recursive_marker_refine": true,
  "peak_init": true,
  "anneal_markers": true,
  "recursion_depth": 4,
  "share_weights": true,
  "share_strategy": "cycle",
  "n_unique_blocks": null,
  "step_cache": false,
  "adaptive_depth": false,
  "marker_ffn": false,
  "recursion_mode": "expert",
  "router_capacity": null,
  "router_alpha": 1.0,
  "router_temp": 1.0,
  "router_type": "linear",
  "router_z_coeff": 0.001,
  "router_balance_coeff": 0.1,
  "gene_interaction": "none",
  "interaction_knn": 16,
  "router_prior_beta": 1.0,
  "router_prior_anneal": true,
  "pathway_attn_bias": false,
  "pathway_attn_lambda": 2.0,
  "lambda_marker": 0.1,
  "gamma_diversity": 0.05,
  "beta_compression": 0.01,
  "lr": 0.001,
  "weight_decay": 1e-05,
  "epochs": 80,
  "patience": 12,
  "seed": 0,
  "device": "cuda"
 },
 "heads": {
  "cell_type": {
   "accuracy": 0.9386913961875322,
   "macro_f1": 0.9332156882115376,
   "weighted_f1": 0.9387807765846982,
   "per_class": {
    "0": {
     "precision": 0.9485458612975392,
     "recall": 0.9871944121071012,
     "f1-score": 0.9674843126069596,
     "support": 859.0
    },
    "1": {
     "precision": 0.9705882352941176,
     "recall": 0.9428571428571428,
     "f1-score": 0.9565217391304348,
     "support": 1015.0
    },
    "2": {
     "precision": 0.9316914498141264,
     "recall": 0.9342963653308481,
     "f1-score": 0.9329920893438809,
     "support": 2146.0
    },
    "3": {
     "precision": 0.9575830332132853,
     "recall": 0.9439842209072978,
     "f1-score": 0.9507350019864919,
     "support": 2535.0
    },
    "4": {
     "precision": 0.8684362377380266,
     "recall": 0.8852941176470588,
     "f1-score": 0.8767841538013399,
     "support": 1700.0
    },
    "5": {
     "precision": 0.8487695749440716,
     "recall": 0.8893577121425222,
     "f1-score": 0.8685897435897436,
     "support": 2133.0
    },
    "6": {
     "precision": 0.9197221150135083,
     "recall": 0.8835743418613274,
     "f1-score": 0.901285930408472,
     "support": 2697.0
    },
    "7": {
     "precision": 0.9501805054151624,
     "recall": 0.9465923395072828,
     "f1-score": 0.948383028555986,
     "support": 5561.0
    },
    "8": {
     "precision": 0.9415173867228662,
     "recall": 0.9427591664468478,
     "f1-score": 0.9421378674047713,
     "support": 3791.0
    },
    "9": {
     "precision": 0.9860994102780118,
     "recall": 0.9883892759130252,
     "f1-score": 0.9872430152872957,
     "support": 4737.0
    },
    "accuracy": 0.9386913961875322,
    "macro avg": {
     "precision": 0.9323133809730715,
     "recall": 0.9344299094720455,
     "f1-score": 0.9332156882115376,
     "support": 27174.0
    },
    "weighted avg": {
     "precision": 0.939077337014931,
     "recall": 0.9386913961875322,
     "f1-score": 0.9387807765846982,
     "support": 27174.0
    }
   }
  }
 }
}