{
 "dataset": "common_class",
 "n_samples": 27499,
 "n_features": 1089,
 "n_classes": 19,
 "n_train": 16361,
 "n_test": 8250,
 "transformer_params": 75168,
 "total_params": 214791,
 "config": {
  "heads": [
   "cell_type"
  ],
  "cohorts": null,
  "n_hvg": null,
  "n_channels": 1,
  "batch_size": 128,
  "val_frac": 0.15,
  "test_frac": 0.15,
  "d_model": 96,
  "n_heads": 4,
  "d_ff": 192,
  "dropout": 0.1,
  "n_markers": 128,
  "marker_mode": "router",
  "pathway_pool": "mean",
  "compress_mode": "aggregate",
  "recursive_marker_refine": true,
  "peak_init": true,
  "anneal_markers": true,
  "recursion_depth": 4,
  "share_weights": true,
  "adaptive_depth": false,
  "marker_ffn": false,
  "recursion_mode": "expert",
  "router_capacity": null,
  "router_alpha": 1.0,
  "router_temp": 1.0,
  "router_type": "linear",
  "router_z_coeff": 0.001,
  "router_balance_coeff": 0.1,
  "gene_interaction": "none",
  "interaction_knn": 16,
  "router_prior_beta": 1.0,
  "router_prior_anneal": true,
  "pathway_attn_bias": false,
  "pathway_attn_lambda": 2.0,
  "lambda_marker": 0.1,
  "gamma_diversity": 0.05,
  "beta_compression": 0.01,
  "lr": 0.001,
  "weight_decay": 1e-05,
  "epochs": 150,
  "patience": 15,
  "seed": 1,
  "device": "cuda"
 },
 "heads": {
  "cell_type": {
   "accuracy": 0.8298181818181818,
   "macro_f1": 0.6969989132241753,
   "weighted_f1": 0.8331826718940695,
   "per_class": {
    "0": {
     "precision": 0.68,
     "recall": 0.6710526315789473,
     "f1-score": 0.6754966887417219,
     "support": 76.0
    },
    "1": {
     "precision": 0.7032967032967034,
     "recall": 0.5871559633027523,
     "f1-score": 0.64,
     "support": 327.0
    },
    "2": {
     "precision": 0.7723577235772358,
     "recall": 0.7983193277310925,
     "f1-score": 0.7851239669421488,
     "support": 238.0
    },
    "3": {
     "precision": 0.5471698113207547,
     "recall": 0.6946107784431138,
     "f1-score": 0.6121372031662269,
     "support": 167.0
    },
    "4": {
     "precision": 0.7784431137724551,
     "recall": 0.8125,
     "f1-score": 0.7951070336391437,
     "support": 160.0
    },
    "5": {
     "precision": 0.6174863387978142,
     "recall": 0.46122448979591835,
     "f1-score": 0.5280373831775701,
     "support": 245.0
    },
    "6": {
     "precision": 0.5813953488372093,
     "recall": 0.6302521008403361,
     "f1-score": 0.6048387096774194,
     "support": 119.0
    },
    "7": {
     "precision": 0.7713458755426917,
     "recall": 0.7943368107302533,
     "f1-score": 0.7826725403817915,
     "support": 671.0
    },
    "8": {
     "precision": 0.7547169811320755,
     "recall": 0.5555555555555556,
     "f1-score": 0.64,
     "support": 144.0
    },
    "9": {
     "precision": 0.749379652605459,
     "recall": 0.7330097087378641,
     "f1-score": 0.7411042944785277,
     "support": 412.0
    },
    "10": {
     "precision": 0.5935828877005348,
     "recall": 0.6686746987951807,
     "f1-score": 0.6288951841359773,
     "support": 166.0
    },
    "11": {
     "precision": 0.8204633204633205,
     "recall": 0.8317025440313112,
     "f1-score": 0.826044703595724,
     "support": 511.0
    },
    "12": {
     "precision": 0.662847790507365,
     "recall": 0.7670454545454546,
     "f1-score": 0.7111501316944688,
     "support": 528.0
    },
    "13": {
     "precision": 0.30687830687830686,
     "recall": 0.6170212765957447,
     "f1-score": 0.4098939929328622,
     "support": 94.0
    },
    "14": {
     "precision": 0.5238095238095238,
     "recall": 0.7857142857142857,
     "f1-score": 0.6285714285714286,
     "support": 14.0
    },
    "15": {
     "precision": 0.42857142857142855,
     "recall": 0.44776119402985076,
     "f1-score": 0.43795620437956206,
     "support": 201.0
    },
    "16": {
     "precision": 0.9941927990708479,
     "recall": 0.9683257918552036,
     "f1-score": 0.9810888252148997,
     "support": 884.0
    },
    "17": {
     "precision": 0.9821712830308819,
     "recall": 0.9445805266380894,
     "f1-score": 0.9630092086780084,
     "support": 3266.0
    },
    "18": {
     "precision": 0.8518518518518519,
     "recall": 0.8518518518518519,
     "f1-score": 0.8518518518518519,
     "support": 27.0
    },
    "accuracy": 0.8298181818181818,
    "macro avg": {
     "precision": 0.6905242495140241,
     "recall": 0.7168786837248845,
     "f1-score": 0.6969989132241753,
     "support": 8250.0
    },
    "weighted avg": {
     "precision": 0.8408012250459933,
     "recall": 0.8298181818181818,
     "f1-score": 0.8331826718940695,
     "support": 8250.0
    }
   }
  }
 }
}