{
 "dataset": "prototype",
 "n_samples": 90579,
 "n_features": 752,
 "n_classes": 10,
 "n_train": 53894,
 "n_test": 27174,
 "transformer_params": 75168,
 "total_params": 180693,
 "config": {
  "heads": [
   "cell_type"
  ],
  "cohorts": null,
  "n_hvg": null,
  "n_channels": 1,
  "batch_size": 128,
  "val_frac": 0.15,
  "test_frac": 0.15,
  "d_model": 96,
  "n_heads": 4,
  "d_ff": 192,
  "dropout": 0.1,
  "n_markers": 128,
  "marker_mode": "router",
  "pathway_pool": "mean",
  "compress_mode": "aggregate",
  "recursive_marker_refine": true,
  "peak_init": true,
  "anneal_markers": true,
  "recursion_depth": 4,
  "share_weights": true,
  "adaptive_depth": false,
  "marker_ffn": false,
  "recursion_mode": "expert",
  "router_capacity": null,
  "router_alpha": 1.0,
  "router_temp": 1.0,
  "router_type": "linear",
  "router_z_coeff": 0.001,
  "router_balance_coeff": 0.1,
  "gene_interaction": "none",
  "interaction_knn": 16,
  "router_prior_beta": 1.0,
  "router_prior_anneal": true,
  "pathway_attn_bias": false,
  "pathway_attn_lambda": 2.0,
  "lambda_marker": 0.1,
  "gamma_diversity": 0.05,
  "beta_compression": 0.01,
  "lr": 0.001,
  "weight_decay": 1e-05,
  "epochs": 150,
  "patience": 15,
  "seed": 1,
  "device": "cuda"
 },
 "heads": {
  "cell_type": {
   "accuracy": 0.9502833590932509,
   "macro_f1": 0.9465354231555315,
   "weighted_f1": 0.9502477780487075,
   "per_class": {
    "0": {
     "precision": 0.9657142857142857,
     "recall": 0.9837019790454016,
     "f1-score": 0.9746251441753172,
     "support": 859.0
    },
    "1": {
     "precision": 0.9305164319248826,
     "recall": 0.9763546798029556,
     "f1-score": 0.9528846153846153,
     "support": 1015.0
    },
    "2": {
     "precision": 0.9562146892655368,
     "recall": 0.9464119291705498,
     "f1-score": 0.951288056206089,
     "support": 2146.0
    },
    "3": {
     "precision": 0.9587628865979382,
     "recall": 0.9538461538461539,
     "f1-score": 0.9562982005141388,
     "support": 2535.0
    },
    "4": {
     "precision": 0.936144578313253,
     "recall": 0.9141176470588235,
     "f1-score": 0.925,
     "support": 1700.0
    },
    "5": {
     "precision": 0.891740550629958,
     "recall": 0.8959212376933896,
     "f1-score": 0.8938260056127222,
     "support": 2133.0
    },
    "6": {
     "precision": 0.9220149253731343,
     "recall": 0.9162031887282165,
     "f1-score": 0.9190998698158824,
     "support": 2697.0
    },
    "7": {
     "precision": 0.9708042600073449,
     "recall": 0.9507282862794462,
     "f1-score": 0.960661397292632,
     "support": 5561.0
    },
    "8": {
     "precision": 0.9405069839627522,
     "recall": 0.959113690319177,
     "f1-score": 0.949719211179313,
     "support": 3791.0
    },
    "9": {
     "precision": 0.9762153139995827,
     "recall": 0.9877559636900992,
     "f1-score": 0.9819517313746065,
     "support": 4737.0
    },
    "accuracy": 0.9502833590932509,
    "macro avg": {
     "precision": 0.9448634905788669,
     "recall": 0.9484154755634211,
     "f1-score": 0.9465354231555315,
     "support": 27174.0
    },
    "weighted avg": {
     "precision": 0.9503629362772936,
     "recall": 0.9502833590932509,
     "f1-score": 0.9502477780487075,
     "support": 27174.0
    }
   }
  }
 }
}