{
 "dataset": "tabula_muris",
 "n_samples": 54865,
 "n_features": 1089,
 "n_classes": 55,
 "n_train": 32645,
 "n_test": 16458,
 "transformer_params": 75168,
 "total_params": 221775,
 "config": {
  "heads": [
   "cell_type"
  ],
  "cohorts": null,
  "n_hvg": null,
  "n_channels": 1,
  "batch_size": 128,
  "val_frac": 0.15,
  "test_frac": 0.15,
  "d_model": 96,
  "n_heads": 4,
  "d_ff": 192,
  "dropout": 0.1,
  "n_markers": 128,
  "marker_mode": "router",
  "compress_mode": "aggregate",
  "recursive_marker_refine": true,
  "peak_init": true,
  "anneal_markers": true,
  "recursion_depth": 4,
  "share_weights": true,
  "adaptive_depth": false,
  "marker_ffn": false,
  "recursion_mode": "expert",
  "router_capacity": null,
  "router_alpha": 1.0,
  "router_temp": 1.0,
  "router_type": "linear",
  "router_z_coeff": 0.001,
  "router_balance_coeff": 0.1,
  "gene_interaction": "none",
  "interaction_knn": 16,
  "router_prior_beta": 1.0,
  "router_prior_anneal": true,
  "lambda_marker": 0.1,
  "gamma_diversity": 0.05,
  "beta_compression": 0.01,
  "lr": 0.001,
  "weight_decay": 1e-05,
  "epochs": 150,
  "patience": 15,
  "seed": 1,
  "device": "cuda"
 },
 "heads": {
  "cell_type": {
   "accuracy": 0.8213027099283023,
   "macro_f1": 0.7123063947953536,
   "weighted_f1": 0.8193065369697893,
   "per_class": {
    "0": {
     "precision": 0.946058091286307,
     "recall": 0.9163987138263665,
     "f1-score": 0.9309922417313189,
     "support": 2488.0
    },
    "1": {
     "precision": 0.14814814814814814,
     "recall": 0.6153846153846154,
     "f1-score": 0.23880597014925373,
     "support": 13.0
    },
    "2": {
     "precision": 0.7368421052631579,
     "recall": 0.7,
     "f1-score": 0.717948717948718,
     "support": 20.0
    },
    "3": {
     "precision": 0.6,
     "recall": 0.8181818181818182,
     "f1-score": 0.6923076923076923,
     "support": 11.0
    },
    "4": {
     "precision": 0.8951965065502183,
     "recall": 0.7747543461829176,
     "f1-score": 0.8306320907617504,
     "support": 1323.0
    },
    "5": {
     "precision": 0.8942307692307693,
     "recall": 0.8942307692307693,
     "f1-score": 0.8942307692307693,
     "support": 104.0
    },
    "6": {
     "precision": 0.8770491803278688,
     "recall": 0.9067796610169492,
     "f1-score": 0.8916666666666667,
     "support": 118.0
    },
    "7": {
     "precision": 0.9360594795539033,
     "recall": 0.948756593820648,
     "f1-score": 0.9423652694610778,
     "support": 1327.0
    },
    "8": {
     "precision": 0.7142857142857143,
     "recall": 0.8333333333333334,
     "f1-score": 0.7692307692307693,
     "support": 18.0
    },
    "9": {
     "precision": 0.7545454545454545,
     "recall": 0.9196675900277008,
     "f1-score": 0.8289637952559301,
     "support": 361.0
    },
    "10": {
     "precision": 0.9561643835616438,
     "recall": 0.9971428571428571,
     "f1-score": 0.9762237762237762,
     "support": 350.0
    },
    "11": {
     "precision": 0.5742092457420924,
     "recall": 0.6900584795321637,
     "f1-score": 0.6268260292164675,
     "support": 342.0
    },
    "12": {
     "precision": 0.75,
     "recall": 1.0,
     "f1-score": 0.8571428571428571,
     "support": 18.0
    },
    "13": {
     "precision": 0.8666666666666667,
     "recall": 0.8666666666666667,
     "f1-score": 0.8666666666666667,
     "support": 15.0
    },
    "14": {
     "precision": 0.4307692307692308,
     "recall": 0.5833333333333334,
     "f1-score": 0.49557522123893805,
     "support": 48.0
    },
    "15": {
     "precision": 0.391304347826087,
     "recall": 0.6923076923076923,
     "f1-score": 0.5,
     "support": 13.0
    },
    "16": {
     "precision": 0.38095238095238093,
     "recall": 1.0,
     "f1-score": 0.5517241379310345,
     "support": 8.0
    },
    "17": {
     "precision": 0.5666666666666667,
     "recall": 0.8947368421052632,
     "f1-score": 0.6938775510204082,
     "support": 19.0
    },
    "18": {
     "precision": 0.7894736842105263,
     "recall": 0.7894736842105263,
     "f1-score": 0.7894736842105263,
     "support": 19.0
    },
    "19": {
     "precision": 0.8943452380952381,
     "recall": 0.7045720984759671,
     "f1-score": 0.7881967213114754,
     "support": 853.0
    },
    "20": {
     "precision": 0.75,
     "recall": 0.375,
     "f1-score": 0.5,
     "support": 8.0
    },
    "21": {
     "precision": 0.6404833836858006,
     "recall": 0.8122605363984674,
     "f1-score": 0.7162162162162162,
     "support": 261.0
    },
    "22": {
     "precision": 0.9333333333333333,
     "recall": 0.9130434782608695,
     "f1-score": 0.9230769230769231,
     "support": 46.0
    },
    "23": {
     "precision": 0.7678571428571429,
     "recall": 0.6323529411764706,
     "f1-score": 0.6935483870967742,
     "support": 68.0
    },
    "24": {
     "precision": 0.9348837209302325,
     "recall": 0.9220183486238532,
     "f1-score": 0.9284064665127021,
     "support": 218.0
    },
    "25": {
     "precision": 0.84,
     "recall": 0.9292035398230089,
     "f1-score": 0.8823529411764706,
     "support": 113.0
    },
    "26": {
     "precision": 0.8857142857142857,
     "recall": 0.788135593220339,
     "f1-score": 0.8340807174887892,
     "support": 118.0
    },
    "27": {
     "precision": 0.9981060606060606,
     "recall": 0.996219281663516,
     "f1-score": 0.9971617786187322,
     "support": 529.0
    },
    "28": {
     "precision": 0.46153846153846156,
     "recall": 0.7058823529411765,
     "f1-score": 0.5581395348837209,
     "support": 34.0
    },
    "29": {
     "precision": 0.679144385026738,
     "recall": 0.9384236453201971,
     "f1-score": 0.7880041365046536,
     "support": 406.0
    },
    "30": {
     "precision": 0.9240088105726872,
     "recall": 0.9089924160346695,
     "f1-score": 0.9164391043145822,
     "support": 923.0
    },
    "31": {
     "precision": 0.6049382716049383,
     "recall": 0.8305084745762712,
     "f1-score": 0.7,
     "support": 118.0
    },
    "32": {
     "precision": 0.0967741935483871,
     "recall": 0.21428571428571427,
     "f1-score": 0.13333333333333333,
     "support": 14.0
    },
    "33": {
     "precision": 0.7105263157894737,
     "recall": 0.6090225563909775,
     "f1-score": 0.6558704453441295,
     "support": 133.0
    },
    "34": {
     "precision": 0.7151515151515152,
     "recall": 0.8368794326241135,
     "f1-score": 0.7712418300653595,
     "support": 141.0
    },
    "35": {
     "precision": 0.9807692307692307,
     "recall": 0.9944289693593314,
     "f1-score": 0.9875518672199171,
     "support": 359.0
    },
    "36": {
     "precision": 0.8705882352941177,
     "recall": 0.9367088607594937,
     "f1-score": 0.9024390243902439,
     "support": 79.0
    },
    "37": {
     "precision": 0.28160919540229884,
     "recall": 0.5051546391752577,
     "f1-score": 0.36162361623616235,
     "support": 97.0
    },
    "38": {
     "precision": 0.8666666666666667,
     "recall": 0.9420289855072463,
     "f1-score": 0.9027777777777778,
     "support": 138.0
    },
    "39": {
     "precision": 0.6956521739130435,
     "recall": 0.8057553956834532,
     "f1-score": 0.7466666666666667,
     "support": 139.0
    },
    "40": {
     "precision": 0.378698224852071,
     "recall": 0.16161616161616163,
     "f1-score": 0.22654867256637168,
     "support": 396.0
    },
    "41": {
     "precision": 0.5,
     "recall": 0.7142857142857143,
     "f1-score": 0.5882352941176471,
     "support": 7.0
    },
    "42": {
     "precision": 0.6666666666666666,
     "recall": 0.8,
     "f1-score": 0.7272727272727273,
     "support": 15.0
    },
    "43": {
     "precision": 0.9603174603174603,
     "recall": 0.9252336448598131,
     "f1-score": 0.9424491562094331,
     "support": 2354.0
    },
    "44": {
     "precision": 0.3769230769230769,
     "recall": 0.8621700879765396,
     "f1-score": 0.5245316681534344,
     "support": 341.0
    },
    "45": {
     "precision": 0.8404907975460123,
     "recall": 0.8726114649681529,