{
 "dataset": "pancreas",
 "n_samples": 14767,
 "n_features": 1936,
 "n_classes": 15,
 "n_train": 10744,
 "n_test": 2127,
 "transformer_params": 75168,
 "total_params": 273727,
 "config": {
  "heads": [
   "cell_type"
  ],
  "cohorts": null,
  "n_hvg": null,
  "n_channels": 1,
  "batch_size": 128,
  "val_frac": 0.15,
  "test_frac": 0.15,
  "d_model": 96,
  "n_heads": 4,
  "d_ff": 192,
  "dropout": 0.1,
  "n_markers": 128,
  "marker_mode": "random",
  "compress_mode": "aggregate",
  "recursive_marker_refine": true,
  "peak_init": true,
  "anneal_markers": true,
  "recursion_depth": 4,
  "share_weights": true,
  "adaptive_depth": false,
  "marker_ffn": false,
  "recursion_mode": "expert",
  "router_capacity": null,
  "router_alpha": 1.0,
  "router_temp": 1.0,
  "router_type": "linear",
  "router_z_coeff": 0.001,
  "router_balance_coeff": 0.1,
  "gene_interaction": "none",
  "interaction_knn": 16,
  "router_prior_beta": 1.0,
  "router_prior_anneal": true,
  "lambda_marker": 0.1,
  "gamma_diversity": 0.05,
  "beta_compression": 0.01,
  "lr": 0.001,
  "weight_decay": 1e-05,
  "epochs": 150,
  "patience": 15,
  "seed": 0,
  "device": "cuda"
 },
 "heads": {
  "cell_type": {
   "accuracy": 0.926657263751763,
   "macro_f1": 0.5981232003806539,
   "weighted_f1": 0.9293354185125767,
   "per_class": {
    "0": {
     "precision": 0.0,
     "recall": 0.0,
     "f1-score": 0.0,
     "support": 5.0
    },
    "1": {
     "precision": 0.988950276243094,
     "recall": 0.9675675675675676,
     "f1-score": 0.9781420765027322,
     "support": 185.0
    },
    "2": {
     "precision": 0.977725674091442,
     "recall": 0.9413092550790068,
     "f1-score": 0.9591719378953422,
     "support": 886.0
    },
    "3": {
     "precision": 0.9636363636363636,
     "recall": 0.9814814814814815,
     "f1-score": 0.9724770642201835,
     "support": 270.0
    },
    "4": {
     "precision": 0.773972602739726,
     "recall": 0.9912280701754386,
     "f1-score": 0.8692307692307693,
     "support": 114.0
    },
    "5": {
     "precision": 0.9665809768637532,
     "recall": 0.9740932642487047,
     "f1-score": 0.9703225806451613,
     "support": 386.0
    },
    "6": {
     "precision": 1.0,
     "recall": 1.0,
     "f1-score": 1.0,
     "support": 16.0
    },
    "7": {
     "precision": 0.4,
     "recall": 0.2857142857142857,
     "f1-score": 0.3333333333333333,
     "support": 7.0
    },
    "8": {
     "precision": 0.8939393939393939,
     "recall": 0.8984771573604061,
     "f1-score": 0.8962025316455696,
     "support": 197.0
    },
    "9": {
     "precision": 0.0,
     "recall": 0.0,
     "f1-score": 0.0,
     "support": 0.0
    },
    "10": {
     "precision": 1.0,
     "recall": 0.42857142857142855,
     "f1-score": 0.6,
     "support": 7.0
    },
    "11": {
     "precision": 0.0,
     "recall": 0.0,
     "f1-score": 0.0,
     "support": 0.0
    },
    "13": {
     "precision": 0.8571428571428571,
     "recall": 0.1111111111111111,
     "f1-score": 0.19672131147540983,
     "support": 54.0
    },
    "accuracy": 0.926657263751763,
    "macro avg": {
     "precision": 0.6786113957428176,
     "recall": 0.5830425862545716,
     "f1-score": 0.5981232003806539,
     "support": 2127.0
    },
    "weighted avg": {
     "precision": 0.9491901622968126,
     "recall": 0.926657263751763,
     "f1-score": 0.9293354185125767,
     "support": 2127.0
    }
   }
  }
 }
}