{
 "dataset": "tabula_muris",
 "n_samples": 54865,
 "n_features": 1089,
 "n_classes": 55,
 "n_train": 32645,
 "n_test": 16458,
 "transformer_params": 75168,
 "total_params": 200175,
 "config": {
  "heads": [
   "cell_type"
  ],
  "cohorts": null,
  "n_hvg": null,
  "n_channels": 1,
  "batch_size": 128,
  "val_frac": 0.15,
  "test_frac": 0.15,
  "d_model": 96,
  "n_heads": 4,
  "d_ff": 192,
  "dropout": 0.1,
  "n_markers": 128,
  "marker_mode": "random",
  "compress_mode": "aggregate",
  "recursive_marker_refine": true,
  "peak_init": true,
  "anneal_markers": true,
  "recursion_depth": 4,
  "share_weights": true,
  "adaptive_depth": false,
  "marker_ffn": false,
  "recursion_mode": "expert",
  "router_capacity": null,
  "router_alpha": 1.0,
  "router_temp": 1.0,
  "router_type": "linear",
  "router_z_coeff": 0.001,
  "router_balance_coeff": 0.1,
  "gene_interaction": "none",
  "interaction_knn": 16,
  "router_prior_beta": 1.0,
  "router_prior_anneal": true,
  "lambda_marker": 0.1,
  "gamma_diversity": 0.05,
  "beta_compression": 0.01,
  "lr": 0.001,
  "weight_decay": 1e-05,
  "epochs": 150,
  "patience": 15,
  "seed": 0,
  "device": "cuda"
 },
 "heads": {
  "cell_type": {
   "accuracy": 0.8506501397496659,
   "macro_f1": 0.767123967843702,
   "weighted_f1": 0.8523858034701481,
   "per_class": {
    "0": {
     "precision": 0.9560975609756097,
     "recall": 0.9453376205787781,
     "f1-score": 0.9506871463217461,
     "support": 2488.0
    },
    "1": {
     "precision": 0.11904761904761904,
     "recall": 0.7692307692307693,
     "f1-score": 0.20618556701030927,
     "support": 13.0
    },
    "2": {
     "precision": 0.68,
     "recall": 0.85,
     "f1-score": 0.7555555555555555,
     "support": 20.0
    },
    "3": {
     "precision": 0.5625,
     "recall": 0.8181818181818182,
     "f1-score": 0.6666666666666666,
     "support": 11.0
    },
    "4": {
     "precision": 0.9449378330373002,
     "recall": 0.8042328042328042,
     "f1-score": 0.8689260922825643,
     "support": 1323.0
    },
    "5": {
     "precision": 0.9433962264150944,
     "recall": 0.9615384615384616,
     "f1-score": 0.9523809523809523,
     "support": 104.0
    },
    "6": {
     "precision": 0.943089430894309,
     "recall": 0.9830508474576272,
     "f1-score": 0.9626556016597511,
     "support": 118.0
    },
    "7": {
     "precision": 0.9690230341540905,
     "recall": 0.9193669932177845,
     "f1-score": 0.9435421500386698,
     "support": 1327.0
    },
    "8": {
     "precision": 0.8,
     "recall": 0.8888888888888888,
     "f1-score": 0.8421052631578947,
     "support": 18.0
    },
    "9": {
     "precision": 0.8181818181818182,
     "recall": 0.9722991689750693,
     "f1-score": 0.8886075949367088,
     "support": 361.0
    },
    "10": {
     "precision": 0.994269340974212,
     "recall": 0.9914285714285714,
     "f1-score": 0.9928469241773963,
     "support": 350.0
    },
    "11": {
     "precision": 0.6325167037861915,
     "recall": 0.8304093567251462,
     "f1-score": 0.718078381795196,
     "support": 342.0
    },
    "12": {
     "precision": 1.0,
     "recall": 1.0,
     "f1-score": 1.0,
     "support": 18.0
    },
    "13": {
     "precision": 1.0,
     "recall": 0.9333333333333333,
     "f1-score": 0.9655172413793104,
     "support": 15.0
    },
    "14": {
     "precision": 0.509090909090909,
     "recall": 0.5833333333333334,
     "f1-score": 0.5436893203883495,
     "support": 48.0
    },
    "15": {
     "precision": 0.8333333333333334,
     "recall": 0.38461538461538464,
     "f1-score": 0.5263157894736842,
     "support": 13.0
    },
    "16": {
     "precision": 0.8571428571428571,
     "recall": 0.75,
     "f1-score": 0.8,
     "support": 8.0
    },
    "17": {
     "precision": 0.6206896551724138,
     "recall": 0.9473684210526315,
     "f1-score": 0.75,
     "support": 19.0
    },
    "18": {
     "precision": 0.8571428571428571,
     "recall": 0.9473684210526315,
     "f1-score": 0.9,
     "support": 19.0
    },
    "19": {
     "precision": 0.9614285714285714,
     "recall": 0.7889800703399765,
     "f1-score": 0.866709594333548,
     "support": 853.0
    },
    "20": {
     "precision": 0.6666666666666666,
     "recall": 0.5,
     "f1-score": 0.5714285714285714,
     "support": 8.0
    },
    "21": {
     "precision": 0.8636363636363636,
     "recall": 0.946360153256705,
     "f1-score": 0.903107861060329,
     "support": 261.0
    },
    "22": {
     "precision": 0.7241379310344828,
     "recall": 0.9130434782608695,
     "f1-score": 0.8076923076923077,
     "support": 46.0
    },
    "23": {
     "precision": 0.8115942028985508,
     "recall": 0.8235294117647058,
     "f1-score": 0.8175182481751825,
     "support": 68.0
    },
    "24": {
     "precision": 0.9464285714285714,
     "recall": 0.9724770642201835,
     "f1-score": 0.9592760180995475,
     "support": 218.0
    },
    "25": {
     "precision": 0.9646017699115044,
     "recall": 0.9646017699115044,
     "f1-score": 0.9646017699115044,
     "support": 113.0
    },
    "26": {
     "precision": 0.8448275862068966,
     "recall": 0.8305084745762712,
     "f1-score": 0.8376068376068376,
     "support": 118.0
    },
    "27": {
     "precision": 0.9942857142857143,
     "recall": 0.9867674858223062,
     "f1-score": 0.9905123339658444,
     "support": 529.0
    },
    "28": {
     "precision": 0.16806722689075632,
     "recall": 0.5882352941176471,
     "f1-score": 0.26143790849673204,
     "support": 34.0
    },
    "29": {
     "precision": 0.8076109936575053,
     "recall": 0.9408866995073891,
     "f1-score": 0.8691695108077361,
     "support": 406.0
    },
    "30": {
     "precision": 0.9006147540983607,
     "recall": 0.952329360780065,
     "f1-score": 0.9257503949447078,
     "support": 923.0
    },
    "31": {
     "precision": 0.808,
     "recall": 0.8559322033898306,
     "f1-score": 0.831275720164609,
     "support": 118.0
    },
    "32": {
     "precision": 0.1590909090909091,
     "recall": 0.5,
     "f1-score": 0.2413793103448276,
     "support": 14.0
    },
    "33": {
     "precision": 0.8712121212121212,
     "recall": 0.8646616541353384,
     "f1-score": 0.8679245283018868,
     "support": 133.0
    },
    "34": {
     "precision": 0.9696969696969697,
     "recall": 0.9078014184397163,
     "f1-score": 0.9377289377289377,
     "support": 141.0
    },
    "35": {
     "precision": 0.9782016348773842,
     "recall": 1.0,
     "f1-score": 0.9889807162534435,
     "support": 359.0
    },
    "36": {
     "precision": 0.9487179487179487,
     "recall": 0.9367088607594937,
     "f1-score": 0.9426751592356688,
     "support": 79.0
    },
    "37": {
     "precision": 0.6046511627906976,
     "recall": 0.5360824742268041,
     "f1-score": 0.5683060109289617,
     "support": 97.0
    },
    "38": {
     "precision": 0.9571428571428572,
     "recall": 0.9710144927536232,
     "f1-score": 0.9640287769784173,
     "support": 138.0
    },
    "39": {
     "precision": 0.5799086757990868,
     "recall": 0.9136690647482014,
     "f1-score": 0.7094972067039106,
     "support": 139.0
    },
    "40": {
     "precision": 0.5111111111111111,
     "recall": 0.3484848484848485,
     "f1-score": 0.4144144144144144,
     "support": 396.0
    },
    "41": {
     "precision": 0.4166666666666667,
     "recall": 0.7142857142857143,
     "f1-score": 0.5263157894736842,
     "support": 7.0
    },
    "42": {
     "precision": 0.8125,
     "recall": 0.8666666666666667,
     "f1-score": 0.8387096774193549,
     "support": 15.0
    },
    "43": {
     "precision": 0.9707629054362723,
     "recall": 0.9027187765505522,
     "f1-score": 0.9355051727933084,
     "support": 2354.0
    },
    "44": {
     "precision": 0.3837638376383764,
     "recall": 0.9149560117302052,
     "f1-score": 0.5407279029462738,
     "support": 341.0
    },
    "45": {
     "precision": 0.7076023391812866,
     "recall": 0.7707006369426752,
     "f1-score": 0.7378048780487805,
     "support": 157.0
    },