{
 "task": "pathologic_stage",
 "seed": 1,
 "n_classes": 4,
 "accuracy": 0.4854014598540146,
 "macro_f1": 0.4341931216931217,
 "weighted_f1": 0.4510521666087359,
 "transformer_params": 132992,
 "recursion_depth": 4,
 "n_markers": 256,
 "flops_eff": 40370176,
 "flops_nominal": 67108864,
 "compute_saving_ratio": 0.6015625,
 "mean_recursion_depth": 2.750000238418579
}