{
 "task": "pathologic_T",
 "seed": 0,
 "n_classes": 4,
 "accuracy": 0.4635036496350365,
 "macro_f1": 0.41637181663350764,
 "weighted_f1": 0.4609112971684467,
 "transformer_params": 132480,
 "recursion_depth": 4,
 "n_markers": 256,
 "flops_eff": 67108864,
 "flops_nominal": 67108864,
 "compute_saving_ratio": 1.0,
 "mean_recursion_depth": 4.0
}