{
 "task": "pathologic_N",
 "seed": 3,
 "n_classes": 4,
 "accuracy": 0.4397810218978102,
 "macro_f1": 0.3817053263457093,
 "weighted_f1": 0.45157226602976724,
 "transformer_params": 530432,
 "recursion_depth": 4,
 "n_markers": 256,
 "flops_eff": 40370176,
 "flops_nominal": 67108864,
 "compute_saving_ratio": 0.6015625,
 "mean_recursion_depth": 2.75
}