{
 "task": "pathologic_T",
 "seed": 3,
 "n_classes": 4,
 "accuracy": 0.44343065693430656,
 "macro_f1": 0.42417552704703904,
 "weighted_f1": 0.45009893347509455,
 "transformer_params": 132992,
 "recursion_depth": 4,
 "n_markers": 256,
 "flops_eff": 40370176,
 "flops_nominal": 67108864,
 "compute_saving_ratio": 0.6015625,
 "mean_recursion_depth": 2.75
}