{
 "task": "pathologic_N",
 "seed": 4,
 "n_classes": 4,
 "accuracy": 0.4416058394160584,
 "macro_f1": 0.3483712888938933,
 "weighted_f1": 0.4608713180027566,
 "transformer_params": 132992,
 "recursion_depth": 4,
 "n_markers": 256,
 "flops_eff": 39256255,
 "flops_nominal": 67108864,
 "compute_saving_ratio": 0.5849637887705704,
 "mean_recursion_depth": 2.6585240364074707
}