{
 "task": "pathologic_T",
 "seed": 2,
 "n_classes": 4,
 "accuracy": 0.4416058394160584,
 "macro_f1": 0.4081636936719508,
 "weighted_f1": 0.4399131447717486,
 "transformer_params": 530432,
 "recursion_depth": 4,
 "n_markers": 256,
 "flops_eff": 40370176,
 "flops_nominal": 67108864,
 "compute_saving_ratio": 0.6015625,
 "mean_recursion_depth": 2.75
}