{
 "task": "pathologic_T",
 "seed": 4,
 "n_classes": 4,
 "accuracy": 0.40693430656934304,
 "macro_f1": 0.3782024660515596,
 "weighted_f1": 0.41096453917562786,
 "transformer_params": 132992,
 "recursion_depth": 4,
 "n_markers": 256,
 "flops_eff": 37654171,
 "flops_nominal": 67108864,
 "compute_saving_ratio": 0.5610908747257787,
 "mean_recursion_depth": 2.558379650115967
}