{
 "task": "pathologic_N",
 "seed": 4,
 "n_classes": 4,
 "accuracy": 0.4470802919708029,
 "macro_f1": 0.3408756221666729,
 "weighted_f1": 0.4569153054999634,
 "transformer_params": 132480,
 "recursion_depth": 4,
 "n_markers": 256,
 "flops_eff": 67108864,
 "flops_nominal": 67108864,
 "compute_saving_ratio": 1.0,
 "mean_recursion_depth": 4.0
}