{
 "task": "pathologic_stage",
 "seed": 3,
 "n_classes": 4,
 "accuracy": 0.4908759124087591,
 "macro_f1": 0.4326293041901082,
 "weighted_f1": 0.4633817943253258,
 "transformer_params": 132992,
 "recursion_depth": 4,
 "n_markers": 256,
 "flops_eff": 37865730,
 "flops_nominal": 67108864,
 "compute_saving_ratio": 0.5642433491414863,
 "mean_recursion_depth": 2.569920539855957
}