{
 "task": "pathologic_T",
 "seed": 2,
 "n_classes": 4,
 "accuracy": 0.38503649635036497,
 "macro_f1": 0.384489260165794,
 "weighted_f1": 0.38999874861041195,
 "transformer_params": 132992,
 "recursion_depth": 4,
 "n_markers": 256,
 "flops_eff": 38930485,
 "flops_nominal": 67108864,
 "compute_saving_ratio": 0.5801094344103239,
 "mean_recursion_depth": 2.6309590339660645
}