{
 "task": "pathologic_stage",
 "seed": 4,
 "n_classes": 4,
 "accuracy": 0.4708029197080292,
 "macro_f1": 0.4189168314586444,
 "weighted_f1": 0.45603012180347363,
 "transformer_params": 132992,
 "recursion_depth": 4,
 "n_markers": 256,
 "flops_eff": 36378367,
 "flops_nominal": 67108864,
 "compute_saving_ratio": 0.5420799123060754,
 "mean_recursion_depth": 2.481844425201416
}