{
 "task": "pathologic_T",
 "seed": 1,
 "n_classes": 4,
 "accuracy": 0.4489051094890511,
 "macro_f1": 0.41928920198810155,
 "weighted_f1": 0.4555232677415453,
 "transformer_params": 132992,
 "recursion_depth": 4,
 "n_markers": 256,
 "flops_eff": 37271798,
 "flops_nominal": 67108864,
 "compute_saving_ratio": 0.555393073262644,
 "mean_recursion_depth": 2.5422916412353516
}