{
 "task": "pathologic_N",
 "seed": 1,
 "n_classes": 4,
 "accuracy": 0.4124087591240876,
 "macro_f1": 0.2583219228026964,
 "weighted_f1": 0.40611329836357823,
 "transformer_params": 132480,
 "recursion_depth": 4,
 "n_markers": 256,
 "flops_eff": 67108864,
 "flops_nominal": 67108864,
 "compute_saving_ratio": 1.0,
 "mean_recursion_depth": 4.0
}