{
 "task": "pathologic_stage",
 "seed": 3,
 "n_classes": 4,
 "accuracy": 0.5383211678832117,
 "macro_f1": 0.44440534556881794,
 "weighted_f1": 0.4861358780579897,
 "transformer_params": 530432,
 "recursion_depth": 4,
 "n_markers": 256,
 "flops_eff": 40370176,
 "flops_nominal": 67108864,
 "compute_saving_ratio": 0.6015625,
 "mean_recursion_depth": 2.75
}