{
 "task": "pathologic_stage",
 "seed": 1,
 "n_classes": 4,
 "accuracy": 0.5273722627737226,
 "macro_f1": 0.4618025512458926,
 "weighted_f1": 0.4806072387935569,
 "transformer_params": 132992,
 "recursion_depth": 4,
 "n_markers": 256,
 "flops_eff": 36535605,
 "flops_nominal": 67108864,
 "compute_saving_ratio": 0.544422941604526,
 "mean_recursion_depth": 2.4980111122131348
}