{
 "task": "pathologic_T",
 "seed": 3,
 "n_classes": 4,
 "accuracy": 0.39233576642335766,
 "macro_f1": 0.3737100301487223,
 "weighted_f1": 0.39394201583399946,
 "transformer_params": 132608,
 "recursion_depth": 1,
 "n_markers": 256,
 "flops_eff": 16777216,
 "flops_nominal": 16777216,
 "compute_saving_ratio": 1.0,
 "mean_recursion_depth": 1.0
}