{
 "task": "pathologic_T",
 "seed": 3,
 "n_classes": 4,
 "accuracy": 0.38503649635036497,
 "macro_f1": 0.38045535762136995,
 "weighted_f1": 0.3896419498196069,
 "transformer_params": 132992,
 "recursion_depth": 4,
 "n_markers": 256,
 "flops_eff": 37808303,
 "flops_nominal": 67108864,
 "compute_saving_ratio": 0.5633876232873908,
 "mean_recursion_depth": 2.56833815574646
}