{
 "task": "pathologic_stage",
 "seed": 2,
 "n_classes": 4,
 "accuracy": 0.4981751824817518,
 "macro_f1": 0.4466591832776561,
 "weighted_f1": 0.46741221609370753,
 "transformer_params": 132480,
 "recursion_depth": 4,
 "n_markers": 256,
 "flops_eff": 67108864,
 "flops_nominal": 67108864,
 "compute_saving_ratio": 1.0,
 "mean_recursion_depth": 4.0
}