{
 "task": "pathologic_stage",
 "seed": 3,
 "n_classes": 4,
 "accuracy": 0.5018248175182481,
 "macro_f1": 0.43220444115750745,
 "weighted_f1": 0.46503453761461944,
 "transformer_params": 132480,
 "recursion_depth": 4,
 "n_markers": 256,
 "flops_eff": 67108864,
 "flops_nominal": 67108864,
 "compute_saving_ratio": 1.0,
 "mean_recursion_depth": 4.0
}