{
 "task": "pathologic_N",
 "seed": 0,
 "n_classes": 4,
 "accuracy": 0.38686131386861317,
 "macro_f1": 0.3111499161753693,
 "weighted_f1": 0.4121086876117501,
 "transformer_params": 132480,
 "recursion_depth": 4,
 "n_markers": 256,
 "flops_eff": 67108864,
 "flops_nominal": 67108864,
 "compute_saving_ratio": 1.0,
 "mean_recursion_depth": 4.0
}