{
 "task": "pathologic_stage",
 "seed": 3,
 "n_classes": 4,
 "accuracy": 0.46167883211678834,
 "macro_f1": 0.42950311432051097,
 "weighted_f1": 0.4520176336108901,
 "transformer_params": 132608,
 "recursion_depth": 1,
 "n_markers": 256,
 "flops_eff": 16777216,
 "flops_nominal": 16777216,
 "compute_saving_ratio": 1.0,
 "mean_recursion_depth": 1.0
}