{
 "task": "pathologic_stage",
 "seed": 4,
 "n_classes": 4,
 "accuracy": 0.45985401459854014,
 "macro_f1": 0.42427822830531314,
 "weighted_f1": 0.4509442723558981,
 "transformer_params": 132992,
 "recursion_depth": 4,
 "n_markers": 256,
 "flops_eff": 40370176,
 "flops_nominal": 67108864,
 "compute_saving_ratio": 0.6015625,
 "mean_recursion_depth": 2.75
}