{
 "task": "pathologic_stage",
 "seed": 4,
 "n_classes": 4,
 "accuracy": 0.4215328467153285,
 "macro_f1": 0.4165513372674498,
 "weighted_f1": 0.43324555233939743,
 "transformer_params": 132608,
 "recursion_depth": 1,
 "n_markers": 256,
 "flops_eff": 16777216,
 "flops_nominal": 16777216,
 "compute_saving_ratio": 1.0,
 "mean_recursion_depth": 1.0
}