{
 "task": "pathologic_N",
 "seed": 1,
 "n_classes": 4,
 "accuracy": 0.4835766423357664,
 "macro_f1": 0.3082986245974361,
 "weighted_f1": 0.4503591799924816,
 "transformer_params": 132992,
 "recursion_depth": 4,
 "n_markers": 256,
 "flops_eff": 37952392,
 "flops_nominal": 67108864,
 "compute_saving_ratio": 0.5655347036156386,
 "mean_recursion_depth": 2.5764000415802
}