{
 "task": "pathologic_N",
 "seed": 4,
 "n_classes": 4,
 "accuracy": 0.3813868613138686,
 "macro_f1": 0.30040445006254046,
 "weighted_f1": 0.40688313973614065,
 "transformer_params": 132992,
 "recursion_depth": 4,
 "n_markers": 256,
 "flops_eff": 40370176,
 "flops_nominal": 67108864,
 "compute_saving_ratio": 0.6015625,
 "mean_recursion_depth": 2.75
}