{
 "task": "pathologic_N",
 "seed": 3,
 "n_classes": 4,
 "accuracy": 0.4726277372262774,
 "macro_f1": 0.30719740039410837,
 "weighted_f1": 0.466353217954046,
 "transformer_params": 132992,
 "recursion_depth": 4,
 "n_markers": 256,
 "flops_eff": 40241213,
 "flops_nominal": 67108864,
 "compute_saving_ratio": 0.5996408016688553,
 "mean_recursion_depth": 2.715264320373535
}