{
 "task": "pathologic_T",
 "seed": 3,
 "n_classes": 4,
 "accuracy": 0.4908759124087591,
 "macro_f1": 0.44246444745294045,
 "weighted_f1": 0.49446472123489416,
 "transformer_params": 132480,
 "recursion_depth": 4,
 "n_markers": 256,
 "flops_eff": 67108864,
 "flops_nominal": 67108864,
 "compute_saving_ratio": 1.0,
 "mean_recursion_depth": 4.0
}