{
 "task": "pathologic_stage",
 "seed": 3,
 "n_classes": 4,
 "accuracy": 0.5054744525547445,
 "macro_f1": 0.44526039732377765,
 "weighted_f1": 0.4795657280286801,
 "transformer_params": 132992,
 "recursion_depth": 4,
 "n_markers": 256,
 "flops_eff": 40370176,
 "flops_nominal": 67108864,
 "compute_saving_ratio": 0.6015625,
 "mean_recursion_depth": 2.749999761581421
}