{
 "task": "pathologic_T",
 "seed": 1,
 "n_classes": 4,
 "accuracy": 0.41788321167883213,
 "macro_f1": 0.4017378787346838,
 "weighted_f1": 0.426081100110682,
 "transformer_params": 132480,
 "recursion_depth": 4,
 "n_markers": 256,
 "flops_eff": 67108864,
 "flops_nominal": 67108864,
 "compute_saving_ratio": 1.0,
 "mean_recursion_depth": 4.0
}