{
 "task": "pathologic_T",
 "seed": 4,
 "n_classes": 4,
 "accuracy": 0.4051094890510949,
 "macro_f1": 0.38334394766927815,
 "weighted_f1": 0.41403433059713773,
 "transformer_params": 132608,
 "recursion_depth": 1,
 "n_markers": 256,
 "flops_eff": 16777216,
 "flops_nominal": 16777216,
 "compute_saving_ratio": 1.0,
 "mean_recursion_depth": 1.0
}