{
 "task": "pathologic_N",
 "seed": 3,
 "n_classes": 4,
 "accuracy": 0.35036496350364965,
 "macro_f1": 0.3036424177043985,
 "weighted_f1": 0.40019985406010783,
 "transformer_params": 132992,
 "recursion_depth": 4,
 "n_markers": 256,
 "flops_eff": 40370176,
 "flops_nominal": 67108864,
 "compute_saving_ratio": 0.6015625,
 "mean_recursion_depth": 2.75
}