{
 "task": "pathologic_stage",
 "seed": 4,
 "n_classes": 4,
 "accuracy": 0.5364963503649635,
 "macro_f1": 0.4402336598735536,
 "weighted_f1": 0.4841142863608771,
 "transformer_params": 132480,
 "recursion_depth": 4,
 "n_markers": 256,
 "flops_eff": 67108864,
 "flops_nominal": 67108864,
 "compute_saving_ratio": 1.0,
 "mean_recursion_depth": 4.0
}