{
 "task": "pathologic_N",
 "seed": 3,
 "n_classes": 4,
 "accuracy": 0.4470802919708029,
 "macro_f1": 0.35027533292329943,
 "weighted_f1": 0.4782441724431538,
 "transformer_params": 132608,
 "recursion_depth": 1,
 "n_markers": 256,
 "flops_eff": 16777216,
 "flops_nominal": 16777216,
 "compute_saving_ratio": 1.0,
 "mean_recursion_depth": 1.0
}