{
 "task": "pathologic_T",
 "seed": 2,
 "n_classes": 4,
 "accuracy": 0.39963503649635035,
 "macro_f1": 0.37915581867779946,
 "weighted_f1": 0.40278420502152673,
 "transformer_params": 132480,
 "recursion_depth": 4,
 "n_markers": 256,
 "flops_eff": 67108864,
 "flops_nominal": 67108864,
 "compute_saving_ratio": 1.0,
 "mean_recursion_depth": 4.0
}