{
 "task": "pathologic_T",
 "seed": 0,
 "n_classes": 4,
 "accuracy": 0.395985401459854,
 "macro_f1": 0.36821170064915637,
 "weighted_f1": 0.40428111455259896,
 "transformer_params": 132992,
 "recursion_depth": 4,
 "n_markers": 256,
 "flops_eff": 37969155,
 "flops_nominal": 67108864,
 "compute_saving_ratio": 0.5657844930811381,
 "mean_recursion_depth": 2.5773980617523193
}