{
 "task": "pathologic_T",
 "seed": 4,
 "n_classes": 4,
 "accuracy": 0.46715328467153283,
 "macro_f1": 0.4134525313912532,
 "weighted_f1": 0.46720773820425915,
 "transformer_params": 132992,
 "recursion_depth": 4,
 "n_markers": 256,
 "flops_eff": 40370176,
 "flops_nominal": 67108864,
 "compute_saving_ratio": 0.6015625,
 "mean_recursion_depth": 2.75
}