{
 "task": "pathologic_stage",
 "seed": 3,
 "n_classes": 4,
 "accuracy": 0.551094890510949,
 "macro_f1": 0.45038294256972866,
 "weighted_f1": 0.4895652550771211,
 "transformer_params": 132480,
 "recursion_depth": 4,
 "n_markers": 256,
 "flops_eff": 67108864,
 "flops_nominal": 67108864,
 "compute_saving_ratio": 1.0,
 "mean_recursion_depth": 4.0
}