{
 "task": "pathologic_N",
 "seed": 2,
 "n_classes": 4,
 "accuracy": 0.3704379562043796,
 "macro_f1": 0.3167112859637216,
 "weighted_f1": 0.39681513677333663,
 "transformer_params": 132992,
 "recursion_depth": 4,
 "n_markers": 256,
 "flops_eff": 38210989,
 "flops_nominal": 67108864,
 "compute_saving_ratio": 0.5693881061019718,
 "mean_recursion_depth": 2.595460891723633
}