{
 "task": "pathologic_stage",
 "seed": 0,
 "n_classes": 4,
 "accuracy": 0.5091240875912408,
 "macro_f1": 0.4301450529469517,
 "weighted_f1": 0.46812960223807776,
 "transformer_params": 132992,
 "recursion_depth": 4,
 "n_markers": 256,
 "flops_eff": 37783775,
 "flops_nominal": 67108864,
 "compute_saving_ratio": 0.5630221213957349,
 "mean_recursion_depth": 2.564288854598999
}