{
 "task": "pathologic_T",
 "seed": 1,
 "n_classes": 4,
 "accuracy": 0.41605839416058393,
 "macro_f1": 0.39695900794339856,
 "weighted_f1": 0.42437765006245154,
 "transformer_params": 132480,
 "recursion_depth": 4,
 "n_markers": 256,
 "flops_eff": 67108864,
 "flops_nominal": 67108864,
 "compute_saving_ratio": 1.0,
 "mean_recursion_depth": 4.0
}