{
 "task": "pathologic_N",
 "seed": 0,
 "n_classes": 4,
 "accuracy": 0.39416058394160586,
 "macro_f1": 0.338311199733716,
 "weighted_f1": 0.4071323066932197,
 "transformer_params": 132992,
 "recursion_depth": 4,
 "n_markers": 256,
 "flops_eff": 37477094,
 "flops_nominal": 67108864,
 "compute_saving_ratio": 0.5584522137547987,
 "mean_recursion_depth": 2.548229455947876
}