{
 "task": "pathologic_stage",
 "seed": 2,
 "n_classes": 4,
 "accuracy": 0.5127737226277372,
 "macro_f1": 0.44471172260033676,
 "weighted_f1": 0.4716815093904394,
 "transformer_params": 132992,
 "recursion_depth": 4,
 "n_markers": 256,
 "flops_eff": 37705300,
 "flops_nominal": 67108864,
 "compute_saving_ratio": 0.5618527581757228,
 "mean_recursion_depth": 2.5602831840515137
}