{
 "task": "pathologic_N",
 "seed": 4,
 "n_classes": 4,
 "accuracy": 0.4726277372262774,
 "macro_f1": 0.2723352713178294,
 "weighted_f1": 0.43999710009619186,
 "transformer_params": 132480,
 "recursion_depth": 4,
 "n_markers": 256,
 "flops_eff": 67108864,
 "flops_nominal": 67108864,
 "compute_saving_ratio": 1.0,
 "mean_recursion_depth": 4.0
}