{
 "task": "pathologic_T",
 "seed": 4,
 "n_classes": 4,
 "accuracy": 0.4215328467153285,
 "macro_f1": 0.39007687866931257,
 "weighted_f1": 0.4342002289130114,
 "transformer_params": 530432,
 "recursion_depth": 4,
 "n_markers": 256,
 "flops_eff": 40370176,
 "flops_nominal": 67108864,
 "compute_saving_ratio": 0.6015625,
 "mean_recursion_depth": 2.75
}