{
 "task": "pathologic_stage",
 "seed": 1,
 "n_classes": 4,
 "accuracy": 0.5273722627737226,
 "macro_f1": 0.449857109045597,
 "weighted_f1": 0.47916748349038335,
 "transformer_params": 530432,
 "recursion_depth": 4,
 "n_markers": 256,
 "flops_eff": 40370176,
 "flops_nominal": 67108864,
 "compute_saving_ratio": 0.6015625,
 "mean_recursion_depth": 2.749999761581421
}