{
 "task": "pathologic_T",
 "seed": 2,
 "n_classes": 4,
 "accuracy": 0.3795620437956204,
 "macro_f1": 0.382414920283083,
 "weighted_f1": 0.3818499453884022,
 "transformer_params": 132608,
 "recursion_depth": 1,
 "n_markers": 256,
 "flops_eff": 16777216,
 "flops_nominal": 16777216,
 "compute_saving_ratio": 1.0,
 "mean_recursion_depth": 1.0
}