{
 "dataset": "Baron",
 "mode": "learned_anchor",
 "K": 4,
 "seed": 0,
 "n_markers": 128,
 "test_macro_f1": 68.8790879218366,
 "test_accuracy": 90.85958770906262,
 "val_macro_f1": 81.3131427249692,
 "n_features": 2000,
 "n_classes": 13,
 "n_samples": 8569,
 "learned_lambda": 0.3303753137588501,
 "bio_anchor_have": true
}