{
 "dataset": "Baron",
 "mode": "learned_anchor",
 "K": 4,
 "seed": 1,
 "n_markers": 128,
 "test_macro_f1": 65.35808776171369,
 "test_accuracy": 86.30882924931933,
 "val_macro_f1": 72.61960385037534,
 "n_features": 2000,
 "n_classes": 13,
 "n_samples": 8569,
 "learned_lambda": 0.3069125711917877,
 "bio_anchor_have": true
}