{
 "dataset": "Baron",
 "mode": "learned_anchor",
 "K": 4,
 "seed": 2,
 "n_markers": 128,
 "test_macro_f1": 65.68218652815668,
 "test_accuracy": 90.47063399455465,
 "val_macro_f1": 65.89541492354218,
 "n_features": 2000,
 "n_classes": 13,
 "n_samples": 8569,
 "learned_lambda": 0.31134140491485596,
 "bio_anchor_have": true
}