{
 "dataset": "pancreas",
 "n_samples": 14767,
 "n_features": 1936,
 "n_classes": 15,
 "n_train": 10744,
 "n_test": 2127,
 "transformer_params": 299520,
 "total_params": 519679,
 "config": {
  "heads": [
   "cell_type"
  ],
  "cohorts": null,
  "n_hvg": null,
  "batch_size": 128,
  "val_frac": 0.15,
  "test_frac": 0.15,
  "d_model": 96,
  "n_heads": 4,
  "d_ff": 192,
  "dropout": 0.1,
  "n_markers": 128,
  "marker_mode": "router",
  "compress_mode": "aggregate",
  "recursive_marker_refine": true,
  "peak_init": true,
  "anneal_markers": true,
  "recursion_depth": 4,
  "share_weights": false,
  "adaptive_depth": false,
  "marker_ffn": false,
  "recursion_mode": "expert",
  "router_capacity": null,
  "router_alpha": 1.0,
  "router_temp": 1.0,
  "router_type": "linear",
  "router_z_coeff": 0.001,
  "router_balance_coeff": 0.1,
  "gene_interaction": "none",
  "interaction_knn": 16,
  "router_prior_beta": 1.0,
  "router_prior_anneal": true,
  "lambda_marker": 0.1,
  "gamma_diversity": 0.05,
  "beta_compression": 0.01,
  "lr": 0.001,
  "weight_decay": 1e-05,
  "epochs": 150,
  "patience": 15,
  "seed": 0,
  "device": "cuda"
 },
 "heads": {
  "cell_type": {
   "accuracy": 0.841560883874001,
   "macro_f1": 0.5304748333337594,
   "weighted_f1": 0.8481498188840435,
   "per_class": {
    "0": {
     "precision": 0.0,
     "recall": 0.0,
     "f1-score": 0.0,
     "support": 5.0
    },
    "1": {
     "precision": 0.9836956521739131,
     "recall": 0.9783783783783784,
     "f1-score": 0.981029810298103,
     "support": 185.0
    },
    "2": {
     "precision": 0.9800796812749004,
     "recall": 0.8329571106094809,
     "f1-score": 0.900549115314216,
     "support": 886.0
    },
    "3": {
     "precision": 0.778816199376947,
     "recall": 0.9259259259259259,
     "f1-score": 0.8460236886632826,
     "support": 270.0
    },
    "4": {
     "precision": 0.6811594202898551,
     "recall": 0.8245614035087719,
     "f1-score": 0.746031746031746,
     "support": 114.0
    },
    "5": {
     "precision": 0.9769230769230769,
     "recall": 0.9870466321243523,
     "f1-score": 0.9819587628865979,
     "support": 386.0
    },
    "6": {
     "precision": 1.0,
     "recall": 0.5,
     "f1-score": 0.6666666666666666,
     "support": 16.0
    },
    "7": {
     "precision": 1.0,
     "recall": 0.42857142857142855,
     "f1-score": 0.6,
     "support": 7.0
    },
    "8": {
     "precision": 0.5019011406844106,
     "recall": 0.6700507614213198,
     "f1-score": 0.5739130434782609,
     "support": 197.0
    },
    "9": {
     "precision": 0.0,
     "recall": 0.0,
     "f1-score": 0.0,
     "support": 0.0
    },
    "10": {
     "precision": 1.0,
     "recall": 0.42857142857142855,
     "f1-score": 0.6,
     "support": 7.0
    },
    "11": {
     "precision": 0.0,
     "recall": 0.0,
     "f1-score": 0.0,
     "support": 0.0
    },
    "13": {
     "precision": 0.0,
     "recall": 0.0,
     "f1-score": 0.0,
     "support": 54.0
    },
    "accuracy": 0.841560883874001,
    "macro avg": {
     "precision": 0.607890397747931,
     "recall": 0.5058510053162374,
     "f1-score": 0.5304748333337594,
     "support": 2127.0
    },
    "weighted avg": {
     "precision": 0.8670586146749841,
     "recall": 0.841560883874001,
     "f1-score": 0.8481498188840435,
     "support": 2127.0
    }
   }
  }
 }
}