{
 "dataset": "tabula_muris",
 "n_samples": 54865,
 "n_features": 1089,
 "n_classes": 55,
 "n_train": 32645,
 "n_test": 16458,
 "transformer_params": 299520,
 "total_params": 446127,
 "config": {
  "heads": [
   "cell_type"
  ],
  "cohorts": null,
  "n_hvg": null,
  "batch_size": 128,
  "val_frac": 0.15,
  "test_frac": 0.15,
  "d_model": 96,
  "n_heads": 4,
  "d_ff": 192,
  "dropout": 0.1,
  "n_markers": 128,
  "marker_mode": "router",
  "compress_mode": "aggregate",
  "recursive_marker_refine": true,
  "peak_init": true,
  "anneal_markers": true,
  "recursion_depth": 4,
  "share_weights": false,
  "adaptive_depth": false,
  "marker_ffn": false,
  "recursion_mode": "expert",
  "router_capacity": null,
  "router_alpha": 1.0,
  "router_temp": 1.0,
  "router_type": "linear",
  "router_z_coeff": 0.001,
  "router_balance_coeff": 0.1,
  "gene_interaction": "none",
  "interaction_knn": 16,
  "router_prior_beta": 1.0,
  "router_prior_anneal": true,
  "lambda_marker": 0.1,
  "gamma_diversity": 0.05,
  "beta_compression": 0.01,
  "lr": 0.001,
  "weight_decay": 1e-05,
  "epochs": 150,
  "patience": 15,
  "seed": 0,
  "device": "cuda"
 },
 "heads": {
  "cell_type": {
   "accuracy": 0.8173532628508932,
   "macro_f1": 0.72499577583594,
   "weighted_f1": 0.8149849231358542,
   "per_class": {
    "0": {
     "precision": 0.8847583643122676,
     "recall": 0.9565916398713826,
     "f1-score": 0.9192738509076863,
     "support": 2488.0
    },
    "1": {
     "precision": 0.32,
     "recall": 0.6153846153846154,
     "f1-score": 0.42105263157894735,
     "support": 13.0
    },
    "2": {
     "precision": 0.7058823529411765,
     "recall": 0.6,
     "f1-score": 0.6486486486486487,
     "support": 20.0
    },
    "3": {
     "precision": 0.3888888888888889,
     "recall": 0.6363636363636364,
     "f1-score": 0.4827586206896552,
     "support": 11.0
    },
    "4": {
     "precision": 0.8890959925442684,
     "recall": 0.7210884353741497,
     "f1-score": 0.7963272120200334,
     "support": 1323.0
    },
    "5": {
     "precision": 0.9484536082474226,
     "recall": 0.8846153846153846,
     "f1-score": 0.9154228855721394,
     "support": 104.0
    },
    "6": {
     "precision": 0.8859649122807017,
     "recall": 0.8559322033898306,
     "f1-score": 0.8706896551724138,
     "support": 118.0
    },
    "7": {
     "precision": 0.9602272727272727,
     "recall": 0.8914845516201959,
     "f1-score": 0.9245799140289176,
     "support": 1327.0
    },
    "8": {
     "precision": 0.7368421052631579,
     "recall": 0.7777777777777778,
     "f1-score": 0.7567567567567568,
     "support": 18.0
    },
    "9": {
     "precision": 0.8533007334963325,
     "recall": 0.9667590027700831,
     "f1-score": 0.9064935064935065,
     "support": 361.0
    },
    "10": {
     "precision": 0.9178082191780822,
     "recall": 0.9571428571428572,
     "f1-score": 0.9370629370629371,
     "support": 350.0
    },
    "11": {
     "precision": 0.5405405405405406,
     "recall": 0.8187134502923976,
     "f1-score": 0.6511627906976745,
     "support": 342.0
    },
    "12": {
     "precision": 0.9375,
     "recall": 0.8333333333333334,
     "f1-score": 0.8823529411764706,
     "support": 18.0
    },
    "13": {
     "precision": 0.6666666666666666,
     "recall": 0.9333333333333333,
     "f1-score": 0.7777777777777778,
     "support": 15.0
    },
    "14": {
     "precision": 0.509090909090909,
     "recall": 0.5833333333333334,
     "f1-score": 0.5436893203883495,
     "support": 48.0
    },
    "15": {
     "precision": 0.48148148148148145,
     "recall": 1.0,
     "f1-score": 0.65,
     "support": 13.0
    },
    "16": {
     "precision": 0.625,
     "recall": 0.625,
     "f1-score": 0.625,
     "support": 8.0
    },
    "17": {
     "precision": 0.6956521739130435,
     "recall": 0.8421052631578947,
     "f1-score": 0.7619047619047619,
     "support": 19.0
    },
    "18": {
     "precision": 0.8333333333333334,
     "recall": 0.7894736842105263,
     "f1-score": 0.8108108108108109,
     "support": 19.0
    },
    "19": {
     "precision": 0.9019933554817275,
     "recall": 0.6365767878077374,
     "f1-score": 0.7463917525773196,
     "support": 853.0
    },
    "20": {
     "precision": 0.5,
     "recall": 0.625,
     "f1-score": 0.5555555555555556,
     "support": 8.0
    },
    "21": {
     "precision": 0.6439628482972136,
     "recall": 0.7969348659003831,
     "f1-score": 0.7123287671232876,
     "support": 261.0
    },
    "22": {
     "precision": 0.6842105263157895,
     "recall": 0.8478260869565217,
     "f1-score": 0.7572815533980582,
     "support": 46.0
    },
    "23": {
     "precision": 0.7428571428571429,
     "recall": 0.7647058823529411,
     "f1-score": 0.7536231884057971,
     "support": 68.0
    },
    "24": {
     "precision": 0.9333333333333333,
     "recall": 0.963302752293578,
     "f1-score": 0.9480812641083521,
     "support": 218.0
    },
    "25": {
     "precision": 0.8677685950413223,
     "recall": 0.9292035398230089,
     "f1-score": 0.8974358974358975,
     "support": 113.0
    },
    "26": {
     "precision": 0.897196261682243,
     "recall": 0.8135593220338984,
     "f1-score": 0.8533333333333334,
     "support": 118.0
    },
    "27": {
     "precision": 0.9814471243042672,
     "recall": 1.0,
     "f1-score": 0.9906367041198502,
     "support": 529.0
    },
    "28": {
     "precision": 0.8125,
     "recall": 0.7647058823529411,
     "f1-score": 0.7878787878787878,
     "support": 34.0
    },
    "29": {
     "precision": 0.9146341463414634,
     "recall": 0.9236453201970444,
     "f1-score": 0.9191176470588235,
     "support": 406.0
    },
    "30": {
     "precision": 0.861328125,
     "recall": 0.9555796316359697,
     "f1-score": 0.9060092449922958,
     "support": 923.0
    },
    "31": {
     "precision": 0.7142857142857143,
     "recall": 0.7627118644067796,
     "f1-score": 0.7377049180327869,
     "support": 118.0
    },
    "32": {
     "precision": 0.13636363636363635,
     "recall": 0.21428571428571427,
     "f1-score": 0.16666666666666666,
     "support": 14.0
    },
    "33": {
     "precision": 0.674074074074074,
     "recall": 0.6842105263157895,
     "f1-score": 0.6791044776119403,
     "support": 133.0
    },
    "34": {
     "precision": 0.7676056338028169,
     "recall": 0.7730496453900709,
     "f1-score": 0.7703180212014135,
     "support": 141.0
    },
    "35": {
     "precision": 0.9829545454545454,
     "recall": 0.9637883008356546,
     "f1-score": 0.9732770745428974,
     "support": 359.0
    },
    "36": {
     "precision": 0.9166666666666666,
     "recall": 0.9746835443037974,
     "f1-score": 0.9447852760736196,
     "support": 79.0
    },
    "37": {
     "precision": 0.37593984962406013,
     "recall": 0.5154639175257731,
     "f1-score": 0.43478260869565216,
     "support": 97.0
    },
    "38": {
     "precision": 0.8650793650793651,
     "recall": 0.7898550724637681,
     "f1-score": 0.8257575757575758,
     "support": 138.0
    },
    "39": {
     "precision": 0.7723577235772358,
     "recall": 0.6834532374100719,
     "f1-score": 0.7251908396946565,
     "support": 139.0
    },
    "40": {
     "precision": 0.44176706827309237,
     "recall": 0.2777777777777778,
     "f1-score": 0.34108527131782945,
     "support": 396.0
    },
    "41": {
     "precision": 0.5,
     "recall": 0.42857142857142855,
     "f1-score": 0.46153846153846156,
     "support": 7.0
    },
    "42": {
     "precision": 0.5555555555555556,
     "recall": 0.6666666666666666,
     "f1-score": 0.6060606060606061,
     "support": 15.0
    },
    "43": {
     "precision": 0.9271324474924989,
     "recall": 0.9188615123194562,
     "f1-score": 0.922978451034777,
     "support": 2354.0
    },
    "44": {
     "precision": 0.3505275498241501,
     "recall": 0.8768328445747801,
     "f1-score": 0.5008375209380235,
     "support": 341.0
    },
    "45": {
     "precision": 0.89375,
     "recall": 0.910828025477707,
     "f1-score": 0.9022082018927445,