{
 "dataset": "blca",
 "config": "adaptive",
 "seed": 2,
 "n_classes": 2,
 "n_test": 81,
 "nll": 0.6925423242450913,
 "ece": 0.011531470492598506,
 "brier": 0.49939528808246697,
 "conf": 0.50698704802592,
 "auroc": 0.5183150183150184,
 "temperature": 0.9491785764694214,
 "nll_ts": 0.6925185587705973,
 "ece_ts": 0.011157530073772515,
 "brier_ts": 0.4993715427044898,
 "auroc_ts": 0.5183150183150184
}