{
 "dataset": "brca",
 "config": "adaptive",
 "seed": 2,
 "n_classes": 5,
 "n_test": 104,
 "nll": 1.4547501240707386,
 "ece": 0.16726216202341834,
 "brier": 0.7180226991690162,
 "conf": 0.4658096537116051,
 "auroc": 0.5293898809523809,
 "temperature": 1.0818262100219727,
 "nll_ts": 1.4372318825137618,
 "ece_ts": 0.14997988433360576,
 "brier_ts": 0.716211595454941,
 "auroc_ts": 0.5256696428571428
}