{
 "dataset": "lung",
 "config": "adaptive",
 "seed": 2,
 "n_classes": 25,
 "n_test": 17106,
 "nll": 0.6077731227166975,
 "ece": 0.012078329043582149,
 "brier": 0.3003940138586456,
 "conf": 0.7930561675064274,
 "auroc": 0.8389907370156263,
 "temperature": 1.109093427658081,
 "nll_ts": 0.603154230669163,
 "ece_ts": 0.011628766017798126,
 "brier_ts": 0.3004272127607912,
 "auroc_ts": 0.8397567805331625
}