{
 "dataset": "prostate",
 "config": "adaptive",
 "seed": 2,
 "n_classes": 2,
 "n_test": 203,
 "nll": 6.90550513937275,
 "ece": 0.33517369889951565,
 "brier": 0.654158540449984,
 "conf": 0.9082747171306625,
 "auroc": 0.35416666666666674,
 "temperature": 3471329.0,
 "nll_ts": 0.6931495336560742,
 "ece_ts": 0.14531528454473275,
 "brier_ts": 0.5000023530961166,
 "auroc_ts": 0.34033078880407125
}