{
 "dataset": "spleen",
 "config": "adaptive",
 "seed": 2,
 "n_classes": 28,
 "n_test": 28239,
 "nll": 1.1278493627898354,
 "ece": 0.04361821312970097,
 "brier": 0.5117546991761693,
 "conf": 0.6533778066203048,
 "auroc": 0.7583654513228102,
 "temperature": 1.1882485151290894,
 "nll_ts": 1.1130402162765551,
 "ece_ts": 0.012672003045446887,
 "brier_ts": 0.5092337754001781,
 "auroc_ts": 0.7606396467590871
}