{
 "dataset": "stad",
 "config": "adaptive",
 "seed": 2,
 "n_classes": 2,
 "n_test": 83,
 "nll": 0.697396671276166,
 "ece": 0.11182635556480186,
 "brier": 0.5042477769159469,
 "conf": 0.509416717010585,
 "auroc": 0.4933333333333333,
 "temperature": 0.8866163492202759,
 "nll_ts": 0.697982445976634,
 "ece_ts": 0.1130293854551225,
 "brier_ts": 0.5048327556625942,
 "auroc_ts": 0.4933333333333333
}