{
 "dataset": "tcell",
 "config": "adaptive",
 "seed": 2,
 "n_classes": 7,
 "n_test": 7203,
 "nll": 1.0317227987733388,
 "ece": 0.12489821540712967,
 "brier": 0.5231493903699708,
 "conf": 0.5393725412374297,
 "auroc": 0.7015736572302699,
 "temperature": 0.8735285401344299,
 "nll_ts": 1.0221104103499836,
 "ece_ts": 0.09612604911877212,
 "brier_ts": 0.5155332085828299,
 "auroc_ts": 0.6950034209939788
}