{
 "dataset": "wang",
 "config": "adaptive",
 "seed": 2,
 "n_classes": 7,
 "n_test": 138,
 "nll": 1.8097310249843694,
 "ece": 0.23550968051145138,
 "brier": 0.8215355832497548,
 "conf": 0.1897935087896753,
 "auroc": 0.4985761226725082,
 "temperature": 0.38464537262916565,
 "nll_ts": 1.7655303413042123,
 "ece_ts": 0.247342603470244,
 "brier_ts": 0.8177174368252655,
 "auroc_ts": 0.4869660460021906
}