{
 "dataset": "xin",
 "config": "adaptive",
 "seed": 2,
 "n_classes": 4,
 "n_test": 448,
 "nll": 0.3629879569712654,
 "ece": 0.032179599314960304,
 "brier": 0.13801039290191242,
 "conf": 0.9107002138145062,
 "auroc": 0.9304687500000001,
 "temperature": 8853274.0,
 "nll_ts": 1.3862948551697707,
 "ece_ts": 0.6428564073677248,
 "brier_ts": 0.7500002470277403,
 "auroc_ts": 0.9257291666666667
}