{
 "dataset": "common_class",
 "n_samples": 27499,
 "n_features": 1089,
 "n_classes": 19,
 "n_train": 16361,
 "n_test": 8250,
 "transformer_params": 75168,
 "total_params": 214791,
 "config": {
  "heads": [
   "cell_type"
  ],
  "cohorts": null,
  "n_hvg": null,
  "batch_size": 128,
  "val_frac": 0.15,
  "test_frac": 0.15,
  "d_model": 96,
  "n_heads": 4,
  "d_ff": 192,
  "dropout": 0.1,
  "n_markers": 128,
  "marker_mode": "router",
  "compress_mode": "aggregate",
  "recursive_marker_refine": true,
  "peak_init": true,
  "anneal_markers": true,
  "recursion_depth": 4,
  "share_weights": true,
  "adaptive_depth": false,
  "marker_ffn": false,
  "recursion_mode": "token",
  "router_capacity": null,
  "router_alpha": 1.0,
  "router_temp": 1.0,
  "router_type": "linear",
  "router_z_coeff": 0.001,
  "router_balance_coeff": 0.1,
  "gene_interaction": "none",
  "interaction_knn": 16,
  "router_prior_beta": 1.0,
  "router_prior_anneal": true,
  "lambda_marker": 0.1,
  "gamma_diversity": 0.05,
  "beta_compression": 0.01,
  "lr": 0.001,
  "weight_decay": 1e-05,
  "epochs": 150,
  "patience": 15,
  "seed": 42,
  "device": "cuda"
 },
 "heads": {
  "cell_type": {
   "accuracy": 0.8501818181818181,
   "macro_f1": 0.7313961378010025,
   "weighted_f1": 0.851076146389278,
   "per_class": {
    "0": {
     "precision": 0.8051948051948052,
     "recall": 0.8157894736842105,
     "f1-score": 0.8104575163398693,
     "support": 76.0
    },
    "1": {
     "precision": 0.6666666666666666,
     "recall": 0.7828746177370031,
     "f1-score": 0.720112517580872,
     "support": 327.0
    },
    "2": {
     "precision": 0.7231404958677686,
     "recall": 0.7352941176470589,
     "f1-score": 0.7291666666666666,
     "support": 238.0
    },
    "3": {
     "precision": 0.6598639455782312,
     "recall": 0.5808383233532934,
     "f1-score": 0.6178343949044586,
     "support": 167.0
    },
    "4": {
     "precision": 0.7109826589595376,
     "recall": 0.76875,
     "f1-score": 0.7387387387387387,
     "support": 160.0
    },
    "5": {
     "precision": 0.75,
     "recall": 0.7959183673469388,
     "f1-score": 0.7722772277227723,
     "support": 245.0
    },
    "6": {
     "precision": 0.7094017094017094,
     "recall": 0.6974789915966386,
     "f1-score": 0.7033898305084746,
     "support": 119.0
    },
    "7": {
     "precision": 0.8254901960784313,
     "recall": 0.6274217585692996,
     "f1-score": 0.7129551227773073,
     "support": 671.0
    },
    "8": {
     "precision": 0.47674418604651164,
     "recall": 0.5694444444444444,
     "f1-score": 0.5189873417721519,
     "support": 144.0
    },
    "9": {
     "precision": 0.6883365200764818,
     "recall": 0.8737864077669902,
     "f1-score": 0.7700534759358288,
     "support": 412.0
    },
    "10": {
     "precision": 0.5662650602409639,
     "recall": 0.5662650602409639,
     "f1-score": 0.5662650602409639,
     "support": 166.0
    },
    "11": {
     "precision": 0.8571428571428571,
     "recall": 0.821917808219178,
     "f1-score": 0.8391608391608392,
     "support": 511.0
    },
    "12": {
     "precision": 0.7961538461538461,
     "recall": 0.7840909090909091,
     "f1-score": 0.7900763358778626,
     "support": 528.0
    },
    "13": {
     "precision": 0.5041322314049587,
     "recall": 0.648936170212766,
     "f1-score": 0.5674418604651162,
     "support": 94.0
    },
    "14": {
     "precision": 0.9090909090909091,
     "recall": 0.7142857142857143,
     "f1-score": 0.8,
     "support": 14.0
    },
    "15": {
     "precision": 0.5317073170731708,
     "recall": 0.5422885572139303,
     "f1-score": 0.5369458128078818,
     "support": 201.0
    },
    "16": {
     "precision": 0.9907940161104718,
     "recall": 0.9739819004524887,
     "f1-score": 0.9823160296634341,
     "support": 884.0
    },
    "17": {
     "precision": 0.979314603272615,
     "recall": 0.9712186160440907,
     "f1-score": 0.9752498078401229,
     "support": 3266.0
    },
    "18": {
     "precision": 0.7916666666666666,
     "recall": 0.7037037037037037,
     "f1-score": 0.7450980392156863,
     "support": 27.0
    },
    "accuracy": 0.8501818181818181,
    "macro avg": {
     "precision": 0.7337941416329791,
     "recall": 0.7354886811373484,
     "f1-score": 0.7313961378010025,
     "support": 8250.0
    },
    "weighted avg": {
     "precision": 0.8563165806201646,
     "recall": 0.8501818181818181,
     "f1-score": 0.851076146389278,
     "support": 8250.0
    }
   }
  }
 }
}