{
 "dataset": "pancreas",
 "n_samples": 14767,
 "n_features": 1936,
 "n_classes": 15,
 "n_train": 10744,
 "n_test": 2127,
 "transformer_params": 75168,
 "total_params": 295327,
 "config": {
  "heads": [
   "cell_type"
  ],
  "cohorts": null,
  "n_hvg": null,
  "batch_size": 128,
  "val_frac": 0.15,
  "test_frac": 0.15,
  "d_model": 96,
  "n_heads": 4,
  "d_ff": 192,
  "dropout": 0.1,
  "n_markers": 128,
  "marker_mode": "router",
  "compress_mode": "aggregate",
  "recursive_marker_refine": true,
  "peak_init": true,
  "anneal_markers": true,
  "recursion_depth": 4,
  "share_weights": true,
  "adaptive_depth": false,
  "marker_ffn": false,
  "recursion_mode": "token",
  "router_capacity": null,
  "router_alpha": 1.0,
  "router_temp": 1.0,
  "router_type": "linear",
  "router_z_coeff": 0.001,
  "router_balance_coeff": 0.1,
  "gene_interaction": "none",
  "interaction_knn": 16,
  "router_prior_beta": 1.0,
  "router_prior_anneal": true,
  "lambda_marker": 0.1,
  "gamma_diversity": 0.05,
  "beta_compression": 0.01,
  "lr": 0.001,
  "weight_decay": 1e-05,
  "epochs": 150,
  "patience": 15,
  "seed": 42,
  "device": "cuda"
 },
 "heads": {
  "cell_type": {
   "accuracy": 0.9040902679830748,
   "macro_f1": 0.5046634509152794,
   "weighted_f1": 0.8986756435918619,
   "per_class": {
    "0": {
     "precision": 0.0,
     "recall": 0.0,
     "f1-score": 0.0,
     "support": 5.0
    },
    "1": {
     "precision": 0.9513513513513514,
     "recall": 0.9513513513513514,
     "f1-score": 0.9513513513513514,
     "support": 185.0
    },
    "2": {
     "precision": 0.9200841219768665,
     "recall": 0.9875846501128668,
     "f1-score": 0.9526401741970604,
     "support": 886.0
    },
    "3": {
     "precision": 0.955719557195572,
     "recall": 0.9592592592592593,
     "f1-score": 0.9574861367837338,
     "support": 270.0
    },
    "4": {
     "precision": 0.8682170542635659,
     "recall": 0.9824561403508771,
     "f1-score": 0.9218106995884774,
     "support": 114.0
    },
    "5": {
     "precision": 0.9467005076142132,
     "recall": 0.966321243523316,
     "f1-score": 0.9564102564102565,
     "support": 386.0
    },
    "6": {
     "precision": 1.0,
     "recall": 0.375,
     "f1-score": 0.5454545454545454,
     "support": 16.0
    },
    "7": {
     "precision": 0.5,
     "recall": 0.5714285714285714,
     "f1-score": 0.5333333333333333,
     "support": 7.0
    },
    "8": {
     "precision": 0.9752066115702479,
     "recall": 0.5989847715736041,
     "f1-score": 0.7421383647798742,
     "support": 197.0
    },
    "9": {
     "precision": 0.0,
     "recall": 0.0,
     "f1-score": 0.0,
     "support": 0.0
    },
    "10": {
     "precision": 0.0,
     "recall": 0.0,
     "f1-score": 0.0,
     "support": 7.0
    },
    "11": {
     "precision": 0.0,
     "recall": 0.0,
     "f1-score": 0.0,
     "support": 0.0
    },
    "13": {
     "precision": 0.0,
     "recall": 0.0,
     "f1-score": 0.0,
     "support": 54.0
    },
    "accuracy": 0.9040902679830748,
    "macro avg": {
     "precision": 0.5474830156901398,
     "recall": 0.49172199904614194,
     "f1-score": 0.5046634509152794,
     "support": 2127.0
    },
    "weighted avg": {
     "precision": 0.9051516949312552,
     "recall": 0.9040902679830748,
     "f1-score": 0.8986756435918619,
     "support": 2127.0
    }
   }
  }
 }
}