{
 "dataset": "prototype",
 "n_samples": 90579,
 "n_features": 752,
 "n_classes": 10,
 "n_train": 53894,
 "n_test": 27174,
 "transformer_params": 75168,
 "total_params": 180693,
 "config": {
  "heads": [
   "cell_type"
  ],
  "cohorts": null,
  "n_hvg": null,
  "batch_size": 128,
  "val_frac": 0.15,
  "test_frac": 0.15,
  "d_model": 96,
  "n_heads": 4,
  "d_ff": 192,
  "dropout": 0.1,
  "n_markers": 128,
  "marker_mode": "router",
  "compress_mode": "aggregate",
  "recursive_marker_refine": true,
  "peak_init": true,
  "anneal_markers": true,
  "recursion_depth": 4,
  "share_weights": true,
  "adaptive_depth": false,
  "marker_ffn": false,
  "recursion_mode": "token",
  "router_capacity": null,
  "router_alpha": 1.0,
  "router_temp": 1.0,
  "router_type": "linear",
  "router_z_coeff": 0.001,
  "router_balance_coeff": 0.1,
  "gene_interaction": "none",
  "interaction_knn": 16,
  "router_prior_beta": 1.0,
  "router_prior_anneal": true,
  "lambda_marker": 0.1,
  "gamma_diversity": 0.05,
  "beta_compression": 0.01,
  "lr": 0.001,
  "weight_decay": 1e-05,
  "epochs": 150,
  "patience": 15,
  "seed": 42,
  "device": "cuda"
 },
 "heads": {
  "cell_type": {
   "accuracy": 0.9438433797011849,
   "macro_f1": 0.9399553536807732,
   "weighted_f1": 0.9438021542617782,
   "per_class": {
    "0": {
     "precision": 0.9800936768149883,
     "recall": 0.9743888242142026,
     "f1-score": 0.9772329246935202,
     "support": 859.0
    },
    "1": {
     "precision": 0.9355450236966825,
     "recall": 0.9724137931034482,
     "f1-score": 0.9536231884057971,
     "support": 1015.0
    },
    "2": {
     "precision": 0.9417840375586854,
     "recall": 0.934762348555452,
     "f1-score": 0.9382600561272217,
     "support": 2146.0
    },
    "3": {
     "precision": 0.9415274463007159,
     "recall": 0.9337278106508876,
     "f1-score": 0.9376114081996435,
     "support": 2535.0
    },
    "4": {
     "precision": 0.8856635071090048,
     "recall": 0.8794117647058823,
     "f1-score": 0.8825265643447462,
     "support": 1700.0
    },
    "5": {
     "precision": 0.9190751445086706,
     "recall": 0.8945147679324894,
     "f1-score": 0.9066286528866714,
     "support": 2133.0
    },
    "6": {
     "precision": 0.920479302832244,
     "recall": 0.9399332591768632,
     "f1-score": 0.93010456796918,
     "support": 2697.0
    },
    "7": {
     "precision": 0.9537906137184116,
     "recall": 0.9501888149613379,
     "f1-score": 0.9519863075398612,
     "support": 5561.0
    },
    "8": {
     "precision": 0.9364871928907476,
     "recall": 0.9451332102347666,
     "f1-score": 0.9407903374031771,
     "support": 3791.0
    },
    "9": {
     "precision": 0.9807895292379143,
     "recall": 0.9807895292379143,
     "f1-score": 0.9807895292379143,
     "support": 4737.0
    },
    "accuracy": 0.9438433797011849,
    "macro avg": {
     "precision": 0.9395235474668064,
     "recall": 0.9405264122773243,
     "f1-score": 0.9399553536807732,
     "support": 27174.0
    },
    "weighted avg": {
     "precision": 0.9438477870246278,
     "recall": 0.9438433797011849,
     "f1-score": 0.9438021542617782,
     "support": 27174.0
    }
   }
  }
 }
}