{
 "dataset": "tabula_muris",
 "n_samples": 54865,
 "n_features": 1089,
 "n_classes": 55,
 "n_train": 32645,
 "n_test": 16458,
 "transformer_params": 75168,
 "total_params": 221775,
 "config": {
  "heads": [
   "cell_type"
  ],
  "cohorts": null,
  "n_hvg": null,
  "batch_size": 128,
  "val_frac": 0.15,
  "test_frac": 0.15,
  "d_model": 96,
  "n_heads": 4,
  "d_ff": 192,
  "dropout": 0.1,
  "n_markers": 128,
  "marker_mode": "router",
  "compress_mode": "aggregate",
  "recursive_marker_refine": true,
  "peak_init": true,
  "anneal_markers": true,
  "recursion_depth": 4,
  "share_weights": true,
  "adaptive_depth": false,
  "marker_ffn": false,
  "recursion_mode": "token",
  "router_capacity": null,
  "router_alpha": 1.0,
  "router_temp": 1.0,
  "router_type": "linear",
  "router_z_coeff": 0.001,
  "router_balance_coeff": 0.1,
  "gene_interaction": "none",
  "interaction_knn": 16,
  "router_prior_beta": 1.0,
  "router_prior_anneal": true,
  "lambda_marker": 0.1,
  "gamma_diversity": 0.05,
  "beta_compression": 0.01,
  "lr": 0.001,
  "weight_decay": 1e-05,
  "epochs": 150,
  "patience": 15,
  "seed": 42,
  "device": "cuda"
 },
 "heads": {
  "cell_type": {
   "accuracy": 0.8257382427998542,
   "macro_f1": 0.7517368677098407,
   "weighted_f1": 0.8241001230927866,
   "per_class": {
    "0": {
     "precision": 0.8747178329571106,
     "recall": 0.9344855305466238,
     "f1-score": 0.9036144578313253,
     "support": 2488.0
    },
    "1": {
     "precision": 0.10679611650485436,
     "recall": 0.8461538461538461,
     "f1-score": 0.1896551724137931,
     "support": 13.0
    },
    "2": {
     "precision": 0.5714285714285714,
     "recall": 0.6,
     "f1-score": 0.5853658536585366,
     "support": 20.0
    },
    "3": {
     "precision": 0.45454545454545453,
     "recall": 0.45454545454545453,
     "f1-score": 0.45454545454545453,
     "support": 11.0
    },
    "4": {
     "precision": 0.8634097706879362,
     "recall": 0.654572940287226,
     "f1-score": 0.7446259673258814,
     "support": 1323.0
    },
    "5": {
     "precision": 0.9902912621359223,
     "recall": 0.9807692307692307,
     "f1-score": 0.9855072463768116,
     "support": 104.0
    },
    "6": {
     "precision": 0.943089430894309,
     "recall": 0.9830508474576272,
     "f1-score": 0.9626556016597511,
     "support": 118.0
    },
    "7": {
     "precision": 0.9825847846012832,
     "recall": 0.8078372268274303,
     "f1-score": 0.8866832092638545,
     "support": 1327.0
    },
    "8": {
     "precision": 0.8823529411764706,
     "recall": 0.8333333333333334,
     "f1-score": 0.8571428571428571,
     "support": 18.0
    },
    "9": {
     "precision": 0.8658536585365854,
     "recall": 0.9833795013850416,
     "f1-score": 0.920881971465629,
     "support": 361.0
    },
    "10": {
     "precision": 0.9483695652173914,
     "recall": 0.9971428571428571,
     "f1-score": 0.9721448467966574,
     "support": 350.0
    },
    "11": {
     "precision": 0.6513994910941476,
     "recall": 0.7485380116959064,
     "f1-score": 0.6965986394557823,
     "support": 342.0
    },
    "12": {
     "precision": 1.0,
     "recall": 0.9444444444444444,
     "f1-score": 0.9714285714285714,
     "support": 18.0
    },
    "13": {
     "precision": 0.6,
     "recall": 1.0,
     "f1-score": 0.75,
     "support": 15.0
    },
    "14": {
     "precision": 0.34782608695652173,
     "recall": 0.5,
     "f1-score": 0.41025641025641024,
     "support": 48.0
    },
    "15": {
     "precision": 0.48,
     "recall": 0.9230769230769231,
     "f1-score": 0.631578947368421,
     "support": 13.0
    },
    "16": {
     "precision": 0.8,
     "recall": 1.0,
     "f1-score": 0.8888888888888888,
     "support": 8.0
    },
    "17": {
     "precision": 0.5806451612903226,
     "recall": 0.9473684210526315,
     "f1-score": 0.72,
     "support": 19.0
    },
    "18": {
     "precision": 0.5,
     "recall": 0.9473684210526315,
     "f1-score": 0.6545454545454545,
     "support": 19.0
    },
    "19": {
     "precision": 0.9135802469135802,
     "recall": 0.8675263774912075,
     "f1-score": 0.8899579073962718,
     "support": 853.0
    },
    "20": {
     "precision": 1.0,
     "recall": 1.0,
     "f1-score": 1.0,
     "support": 8.0
    },
    "21": {
     "precision": 0.7170418006430869,
     "recall": 0.8544061302681992,
     "f1-score": 0.7797202797202797,
     "support": 261.0
    },
    "22": {
     "precision": 0.8490566037735849,
     "recall": 0.9782608695652174,
     "f1-score": 0.9090909090909091,
     "support": 46.0
    },
    "23": {
     "precision": 0.7611940298507462,
     "recall": 0.75,
     "f1-score": 0.7555555555555555,
     "support": 68.0
    },
    "24": {
     "precision": 0.9671361502347418,
     "recall": 0.944954128440367,
     "f1-score": 0.9559164733178654,
     "support": 218.0
    },
    "25": {
     "precision": 0.8803418803418803,
     "recall": 0.911504424778761,
     "f1-score": 0.8956521739130435,
     "support": 113.0
    },
    "26": {
     "precision": 0.7936507936507936,
     "recall": 0.847457627118644,
     "f1-score": 0.819672131147541,
     "support": 118.0
    },
    "27": {
     "precision": 0.998109640831758,
     "recall": 0.998109640831758,
     "f1-score": 0.998109640831758,
     "support": 529.0
    },
    "28": {
     "precision": 0.2916666666666667,
     "recall": 0.4117647058823529,
     "f1-score": 0.34146341463414637,
     "support": 34.0
    },
    "29": {
     "precision": 0.8022988505747126,
     "recall": 0.8596059113300493,
     "f1-score": 0.8299643281807372,
     "support": 406.0
    },
    "30": {
     "precision": 0.7947136563876652,
     "recall": 0.9772481040086674,
     "f1-score": 0.8765792031098154,
     "support": 923.0
    },
    "31": {
     "precision": 0.8035714285714286,
     "recall": 0.7627118644067796,
     "f1-score": 0.782608695652174,
     "support": 118.0
    },
    "32": {
     "precision": 0.6,
     "recall": 0.21428571428571427,
     "f1-score": 0.3157894736842105,
     "support": 14.0
    },
    "33": {
     "precision": 0.9444444444444444,
     "recall": 0.7669172932330827,
     "f1-score": 0.8464730290456431,
     "support": 133.0
    },
    "34": {
     "precision": 0.9261744966442953,
     "recall": 0.9787234042553191,
     "f1-score": 0.9517241379310345,
     "support": 141.0
    },
    "35": {
     "precision": 0.9916434540389972,
     "recall": 0.9916434540389972,
     "f1-score": 0.9916434540389972,
     "support": 359.0
    },
    "36": {
     "precision": 0.8902439024390244,
     "recall": 0.9240506329113924,
     "f1-score": 0.906832298136646,
     "support": 79.0
    },
    "37": {
     "precision": 0.4144736842105263,
     "recall": 0.6494845360824743,
     "f1-score": 0.5060240963855421,
     "support": 97.0
    },
    "38": {
     "precision": 0.7444444444444445,
     "recall": 0.9710144927536232,
     "f1-score": 0.8427672955974843,
     "support": 138.0
    },
    "39": {
     "precision": 0.9043478260869565,
     "recall": 0.7482014388489209,
     "f1-score": 0.8188976377952756,
     "support": 139.0
    },
    "40": {
     "precision": 0.42857142857142855,
     "recall": 0.24242424242424243,
     "f1-score": 0.3096774193548387,
     "support": 396.0
    },
    "41": {
     "precision": 0.45454545454545453,
     "recall": 0.7142857142857143,
     "f1-score": 0.5555555555555556,
     "support": 7.0
    },
    "42": {
     "precision": 0.875,
     "recall": 0.9333333333333333,
     "f1-score": 0.9032258064516129,
     "support": 15.0
    },
    "43": {
     "precision": 0.9740791268758526,
     "recall": 0.9099405267629567,
     "f1-score": 0.9409180759938502,
     "support": 2354.0
    },
    "44": {
     "precision": 0.34424498416050686,
     "recall": 0.9560117302052786,
     "f1-score": 0.5062111801242236,
     "support": 341.0
    },
    "45": {
     "precision": 0.7975460122699386,
     "recall": 0.8280254777070064,
     "f1-score": 0.8125,
     "support": 157.0
    },