{
 "dataset": "Spleen",
 "mode": "learned_anchor",
 "K": 4,
 "seed": 1,
 "n_markers": 128,
 "test_macro_f1": 51.401430837713235,
 "test_accuracy": 61.73377244236694,
 "val_macro_f1": 51.218767551044856,
 "n_features": 1089,
 "n_classes": 28,
 "n_samples": 94129,
 "learned_lambda": 0.5787683129310608,
 "bio_anchor_have": true
}