{
 "dataset": "Spleen",
 "mode": "learned_anchor",
 "K": 4,
 "seed": 0,
 "n_markers": 128,
 "test_macro_f1": 52.00028386093164,
 "test_accuracy": 61.33715783136796,
 "val_macro_f1": 53.26195954756001,
 "n_features": 1089,
 "n_classes": 28,
 "n_samples": 94129,
 "learned_lambda": 0.3710997998714447,
 "bio_anchor_have": true
}