{
 "dataset": "Spleen",
 "mode": "learned_anchor",
 "K": 4,
 "seed": 2,
 "n_markers": 128,
 "test_macro_f1": 54.131760951803166,
 "test_accuracy": 63.50437338432664,
 "val_macro_f1": 54.21857706691063,
 "n_features": 1089,
 "n_classes": 28,
 "n_samples": 94129,
 "learned_lambda": 0.42837679386138916,
 "bio_anchor_have": true
}