{
 "dataset": "Xin",
 "mode": "learned_bio",
 "K": 4,
 "seed": 4,
 "test_macro_f1": 67.19298089904146,
 "test_accuracy": 86.60714285714286,
 "n_features": 2000,
 "n_classes": 4,
 "n_samples": 1492,
 "learned_lambda": 0.21383149921894073
}