{
 "dataset": "Xin",
 "mode": "learned",
 "K": 4,
 "seed": 6,
 "test_macro_f1": 45.16366439574631,
 "test_accuracy": 76.5625,
 "n_features": 2000,
 "n_classes": 4,
 "n_samples": 1492,
 "learned_lambda": 0.2011520117521286
}