{
 "dataset": "Xin",
 "mode": "learned",
 "K": 4,
 "seed": 9,
 "test_macro_f1": 62.77147432774443,
 "test_accuracy": 79.6875,
 "n_features": 2000,
 "n_classes": 4,
 "n_samples": 1492,
 "learned_lambda": 0.2051744908094406
}