{
 "dataset": "Xin",
 "mode": "learned_bio",
 "K": 4,
 "seed": 1,
 "test_macro_f1": 73.78662843361174,
 "test_accuracy": 90.84821428571429,
 "n_features": 2000,
 "n_classes": 4,
 "n_samples": 1492,
 "learned_lambda": 0.21748073399066925
}