{
 "dataset": "Xin",
 "mode": "learned_bio",
 "K": 4,
 "seed": 7,
 "test_macro_f1": 65.25711836056664,
 "test_accuracy": 85.9375,
 "n_features": 2000,
 "n_classes": 4,
 "n_samples": 1492,
 "learned_lambda": 0.21718764305114746
}