{
 "dataset": "Xin",
 "mode": "learned_bio",
 "K": 4,
 "seed": 9,
 "test_macro_f1": 60.9790721905204,
 "test_accuracy": 73.66071428571429,
 "n_features": 2000,
 "n_classes": 4,
 "n_samples": 1492,
 "learned_lambda": 0.20681250095367432
}