{
 "dataset": "Xin",
 "mode": "learned",
 "K": 4,
 "seed": 0,
 "test_macro_f1": 61.39797322108771,
 "test_accuracy": 77.00892857142857,
 "n_features": 2000,
 "n_classes": 4,
 "n_samples": 1492,
 "learned_lambda": 0.20759136974811554
}