{
 "dataset": "Xin",
 "mode": "learned",
 "K": 4,
 "seed": 4,
 "test_macro_f1": 68.61139437526835,
 "test_accuracy": 86.38392857142857,
 "n_features": 2000,
 "n_classes": 4,
 "n_samples": 1492,
 "learned_lambda": 0.21202689409255981
}