{
 "dataset": "Xin",
 "mode": "learned_bio",
 "K": 4,
 "seed": 0,
 "test_macro_f1": 63.47028318113078,
 "test_accuracy": 79.6875,
 "n_features": 2000,
 "n_classes": 4,
 "n_samples": 1492,
 "learned_lambda": 0.20835547149181366
}