{
 "dataset": "Xin",
 "mode": "learned",
 "K": 4,
 "seed": 7,
 "test_macro_f1": 62.415666421533665,
 "test_accuracy": 87.27678571428571,
 "n_features": 2000,
 "n_classes": 4,
 "n_samples": 1492,
 "learned_lambda": 0.21850581467151642
}