{
 "dataset": "Xin",
 "mode": "learned",
 "K": 4,
 "seed": 8,
 "test_macro_f1": 61.994980319093976,
 "test_accuracy": 81.47321428571429,
 "n_features": 2000,
 "n_classes": 4,
 "n_samples": 1492,
 "learned_lambda": 0.21246030926704407
}