{
 "dataset": "Xin",
 "mode": "learned",
 "K": 4,
 "seed": 3,
 "test_macro_f1": 75.38070274589286,
 "test_accuracy": 92.41071428571429,
 "n_features": 2000,
 "n_classes": 4,
 "n_samples": 1492,
 "learned_lambda": 0.2086462676525116
}