{
 "dataset": "Xin",
 "mode": "learned_bio",
 "K": 4,
 "seed": 8,
 "test_macro_f1": 60.52107302845444,
 "test_accuracy": 82.14285714285714,
 "n_features": 2000,
 "n_classes": 4,
 "n_samples": 1492,
 "learned_lambda": 0.21417377889156342
}