{
 "dataset": "Xin",
 "mode": "learned_bio",
 "K": 4,
 "seed": 5,
 "test_macro_f1": 58.98637863845379,
 "test_accuracy": 81.47321428571429,
 "n_features": 2000,
 "n_classes": 4,
 "n_samples": 1492,
 "learned_lambda": 0.21117883920669556
}