{
 "dataset": "Xin",
 "mode": "learned_bio",
 "K": 4,
 "seed": 2,
 "test_macro_f1": 79.91609514589446,
 "test_accuracy": 93.97321428571429,
 "n_features": 2000,
 "n_classes": 4,
 "n_samples": 1492,
 "learned_lambda": 0.2180345058441162
}