{
 "dataset": "Xin",
 "mode": "learned",
 "K": 4,
 "seed": 5,
 "test_macro_f1": 56.04581597155855,
 "test_accuracy": 83.92857142857143,
 "n_features": 2000,
 "n_classes": 4,
 "n_samples": 1492,
 "learned_lambda": 0.21553264558315277
}