{
 "dataset": "Xin",
 "mode": "none",
 "K": 4,
 "seed": 1,
 "test_macro_f1": 65.95350738720684,
 "test_accuracy": 81.69642857142857,
 "n_features": 2000,
 "n_classes": 4,
 "n_samples": 1492
}