{
 "dataset": "Xin",
 "mode": "none",
 "K": 4,
 "seed": 6,
 "test_macro_f1": 58.65926344187214,
 "test_accuracy": 79.24107142857143,
 "n_features": 2000,
 "n_classes": 4,
 "n_samples": 1492
}