{
 "dataset": "Xin",
 "mode": "none",
 "K": 4,
 "seed": 8,
 "test_macro_f1": 53.2983996611747,
 "test_accuracy": 80.13392857142857,
 "n_features": 2000,
 "n_classes": 4,
 "n_samples": 1492
}