{
 "dataset": "Xin",
 "mode": "none",
 "K": 4,
 "seed": 2,
 "test_macro_f1": 69.09409387566122,
 "test_accuracy": 93.52678571428571,
 "n_features": 2000,
 "n_classes": 4,
 "n_samples": 1492
}