{
 "dataset": "Xin",
 "mode": "none",
 "K": 4,
 "seed": 0,
 "test_macro_f1": 58.08554190907132,
 "test_accuracy": 85.49107142857143,
 "n_features": 2000,
 "n_classes": 4,
 "n_samples": 1492
}