{
 "dataset": "Xin",
 "mode": "none",
 "K": 4,
 "seed": 3,
 "test_macro_f1": 59.912439264181515,
 "test_accuracy": 81.91964285714286,
 "n_features": 2000,
 "n_classes": 4,
 "n_samples": 1492
}