{
 "dataset": "Xin",
 "mode": "none",
 "K": 4,
 "seed": 4,
 "test_macro_f1": 59.284291184505896,
 "test_accuracy": 89.50892857142857,
 "n_features": 2000,
 "n_classes": 4,
 "n_samples": 1492
}