{
 "dataset": "Xin",
 "mode": "none",
 "K": 4,
 "seed": 5,
 "test_macro_f1": 50.75904422146724,
 "test_accuracy": 83.70535714285714,
 "n_features": 2000,
 "n_classes": 4,
 "n_samples": 1492
}