{
 "dataset": "Xin",
 "mode": "none",
 "K": 4,
 "seed": 9,
 "test_macro_f1": 65.32131137386253,
 "test_accuracy": 86.83035714285714,
 "n_features": 2000,
 "n_classes": 4,
 "n_samples": 1492
}