{
 "dataset": "Xin",
 "mode": "random",
 "K": 4,
 "seed": 5,
 "test_macro_f1": 59.42815863986121,
 "test_accuracy": 82.36607142857143,
 "n_features": 2000,
 "n_classes": 4,
 "n_samples": 1492
}