{
 "dataset": "Xin",
 "mode": "random",
 "K": 4,
 "seed": 6,
 "test_macro_f1": 52.8668971008088,
 "test_accuracy": 77.67857142857143,
 "n_features": 2000,
 "n_classes": 4,
 "n_samples": 1492
}