{
 "dataset": "Xin",
 "mode": "random",
 "K": 4,
 "seed": 3,
 "test_macro_f1": 51.88845422542685,
 "test_accuracy": 75.89285714285714,
 "n_features": 2000,
 "n_classes": 4,
 "n_samples": 1492
}