{
 "dataset": "Xin",
 "mode": "random",
 "K": 4,
 "seed": 9,
 "test_macro_f1": 60.75246360256848,
 "test_accuracy": 83.70535714285714,
 "n_features": 2000,
 "n_classes": 4,
 "n_samples": 1492
}