{
 "dataset": "Xin",
 "mode": "random",
 "K": 4,
 "seed": 4,
 "test_macro_f1": 77.6099459529502,
 "test_accuracy": 94.19642857142857,
 "n_features": 2000,
 "n_classes": 4,
 "n_samples": 1492
}