{
 "dataset": "Xin",
 "mode": "random",
 "K": 4,
 "seed": 0,
 "test_macro_f1": 53.99446086076226,
 "test_accuracy": 77.45535714285714,
 "n_features": 2000,
 "n_classes": 4,
 "n_samples": 1492
}