{
 "dataset": "Xin",
 "mode": "random",
 "K": 4,
 "seed": 2,
 "test_macro_f1": 76.04195804195804,
 "test_accuracy": 92.63392857142857,
 "n_features": 2000,
 "n_classes": 4,
 "n_samples": 1492
}