{
 "dataset": "Xin",
 "mode": "random",
 "K": 4,
 "seed": 7,
 "test_macro_f1": 47.73766343771506,
 "test_accuracy": 70.08928571428571,
 "n_features": 2000,
 "n_classes": 4,
 "n_samples": 1492
}