{
 "dataset": "common_class",
 "n_samples": 27499,
 "n_features": 1089,
 "n_classes": 19,
 "n_train": 16361,
 "n_test": 8250,
 "transformer_params": 75168,
 "total_params": 193191,
 "config": {
  "heads": [
   "cell_type"
  ],
  "cohorts": null,
  "n_hvg": null,
  "n_channels": 1,
  "batch_size": 128,
  "val_frac": 0.15,
  "test_frac": 0.15,
  "d_model": 96,
  "n_heads": 4,
  "d_ff": 192,
  "dropout": 0.1,
  "n_markers": 128,
  "marker_mode": "random",
  "pathway_pool": "mean",
  "compress_mode": "aggregate",
  "recursive_marker_refine": true,
  "peak_init": true,
  "anneal_markers": true,
  "recursion_depth": 4,
  "share_weights": true,
  "adaptive_depth": false,
  "marker_ffn": false,
  "recursion_mode": "expert",
  "router_capacity": null,
  "router_alpha": 1.0,
  "router_temp": 1.0,
  "router_type": "linear",
  "router_z_coeff": 0.001,
  "router_balance_coeff": 0.1,
  "gene_interaction": "none",
  "interaction_knn": 16,
  "router_prior_beta": 1.0,
  "router_prior_anneal": true,
  "pathway_attn_bias": false,
  "pathway_attn_lambda": 2.0,
  "lambda_marker": 0.1,
  "gamma_diversity": 0.05,
  "beta_compression": 0.01,
  "lr": 0.001,
  "weight_decay": 1e-05,
  "epochs": 150,
  "patience": 15,
  "seed": 2,
  "device": "cuda"
 },
 "heads": {
  "cell_type": {
   "accuracy": 0.8298181818181818,
   "macro_f1": 0.6846236592577517,
   "weighted_f1": 0.8341522803694558,
   "per_class": {
    "0": {
     "precision": 0.8524590163934426,
     "recall": 0.6842105263157895,
     "f1-score": 0.7591240875912408,
     "support": 76.0
    },
    "1": {
     "precision": 0.6888111888111889,
     "recall": 0.6024464831804281,
     "f1-score": 0.6427406199021207,
     "support": 327.0
    },
    "2": {
     "precision": 0.6704119850187266,
     "recall": 0.7521008403361344,
     "f1-score": 0.7089108910891089,
     "support": 238.0
    },
    "3": {
     "precision": 0.6455696202531646,
     "recall": 0.6107784431137725,
     "f1-score": 0.6276923076923077,
     "support": 167.0
    },
    "4": {
     "precision": 0.6344086021505376,
     "recall": 0.7375,
     "f1-score": 0.6820809248554913,
     "support": 160.0
    },
    "5": {
     "precision": 0.6064981949458483,
     "recall": 0.6857142857142857,
     "f1-score": 0.6436781609195402,
     "support": 245.0
    },
    "6": {
     "precision": 0.49700598802395207,
     "recall": 0.6974789915966386,
     "f1-score": 0.5804195804195804,
     "support": 119.0
    },
    "7": {
     "precision": 0.8283828382838284,
     "recall": 0.7481371087928465,
     "f1-score": 0.7862176977290525,
     "support": 671.0
    },
    "8": {
     "precision": 0.4827586206896552,
     "recall": 0.7777777777777778,
     "f1-score": 0.5957446808510638,
     "support": 144.0
    },
    "9": {
     "precision": 0.7555555555555555,
     "recall": 0.7427184466019418,
     "f1-score": 0.7490820073439413,
     "support": 412.0
    },
    "10": {
     "precision": 0.6397849462365591,
     "recall": 0.7168674698795181,
     "f1-score": 0.6761363636363636,
     "support": 166.0
    },
    "11": {
     "precision": 0.789010989010989,
     "recall": 0.7025440313111546,
     "f1-score": 0.7432712215320911,
     "support": 511.0
    },
    "12": {
     "precision": 0.7822736030828517,
     "recall": 0.7689393939393939,
     "f1-score": 0.775549188156638,
     "support": 528.0
    },
    "13": {
     "precision": 0.45528455284552843,
     "recall": 0.5957446808510638,
     "f1-score": 0.5161290322580645,
     "support": 94.0
    },
    "14": {
     "precision": 0.35,
     "recall": 0.5,
     "f1-score": 0.4117647058823529,
     "support": 14.0
    },
    "15": {
     "precision": 0.45161290322580644,
     "recall": 0.5572139303482587,
     "f1-score": 0.49888641425389757,
     "support": 201.0
    },
    "16": {
     "precision": 0.9896670493685419,
     "recall": 0.9751131221719457,
     "f1-score": 0.9823361823361824,
     "support": 884.0
    },
    "17": {
     "precision": 0.9772296015180265,
     "recall": 0.9461114513165952,
     "f1-score": 0.9614187927815806,
     "support": 3266.0
    },
    "18": {
     "precision": 0.7619047619047619,
     "recall": 0.5925925925925926,
     "f1-score": 0.6666666666666666,
     "support": 27.0
    },
    "accuracy": 0.8298181818181818,
    "macro avg": {
     "precision": 0.6767700009115245,
     "recall": 0.7049468197810599,
     "f1-score": 0.6846236592577517,
     "support": 8250.0
    },
    "weighted avg": {
     "precision": 0.8425767010443399,
     "recall": 0.8298181818181818,
     "f1-score": 0.8341522803694558,
     "support": 8250.0
    }
   }
  }
 }
}