{
 "dataset": "pancreas",
 "n_samples": 14767,
 "n_features": 1936,
 "n_classes": 15,
 "n_train": 10744,
 "n_test": 2127,
 "transformer_params": 75168,
 "total_params": 273727,
 "config": {
  "heads": [
   "cell_type"
  ],
  "cohorts": null,
  "n_hvg": null,
  "n_channels": 1,
  "batch_size": 128,
  "val_frac": 0.15,
  "test_frac": 0.15,
  "d_model": 96,
  "n_heads": 4,
  "d_ff": 192,
  "dropout": 0.1,
  "n_markers": 128,
  "marker_mode": "random",
  "compress_mode": "aggregate",
  "recursive_marker_refine": true,
  "peak_init": true,
  "anneal_markers": true,
  "recursion_depth": 4,
  "share_weights": true,
  "adaptive_depth": false,
  "marker_ffn": false,
  "recursion_mode": "expert",
  "router_capacity": null,
  "router_alpha": 1.0,
  "router_temp": 1.0,
  "router_type": "linear",
  "router_z_coeff": 0.001,
  "router_balance_coeff": 0.1,
  "gene_interaction": "none",
  "interaction_knn": 16,
  "router_prior_beta": 1.0,
  "router_prior_anneal": true,
  "lambda_marker": 0.1,
  "gamma_diversity": 0.05,
  "beta_compression": 0.01,
  "lr": 0.001,
  "weight_decay": 1e-05,
  "epochs": 150,
  "patience": 15,
  "seed": 2,
  "device": "cuda"
 },
 "heads": {
  "cell_type": {
   "accuracy": 0.9337094499294781,
   "macro_f1": 0.5624292676580981,
   "weighted_f1": 0.9359537885355537,
   "per_class": {
    "0": {
     "precision": 0.0,
     "recall": 0.0,
     "f1-score": 0.0,
     "support": 5.0
    },
    "1": {
     "precision": 0.9933333333333333,
     "recall": 0.8054054054054054,
     "f1-score": 0.8895522388059701,
     "support": 185.0
    },
    "2": {
     "precision": 0.9841089670828603,
     "recall": 0.9785553047404063,
     "f1-score": 0.9813242784380306,
     "support": 886.0
    },
    "3": {
     "precision": 0.9361702127659575,
     "recall": 0.9777777777777777,
     "f1-score": 0.9565217391304348,
     "support": 270.0
    },
    "4": {
     "precision": 0.9454545454545454,
     "recall": 0.9122807017543859,
     "f1-score": 0.9285714285714286,
     "support": 114.0
    },
    "5": {
     "precision": 0.9138755980861244,
     "recall": 0.9896373056994818,
     "f1-score": 0.9502487562189055,
     "support": 386.0
    },
    "6": {
     "precision": 1.0,
     "recall": 1.0,
     "f1-score": 1.0,
     "support": 16.0
    },
    "7": {
     "precision": 1.0,
     "recall": 0.7142857142857143,
     "f1-score": 0.8333333333333334,
     "support": 7.0
    },
    "8": {
     "precision": 0.9068627450980392,
     "recall": 0.9390862944162437,
     "f1-score": 0.9226932668329177,
     "support": 197.0
    },
    "9": {
     "precision": 0.0,
     "recall": 0.0,
     "f1-score": 0.0,
     "support": 0.0
    },
    "10": {
     "precision": 0.0,
     "recall": 0.0,
     "f1-score": 0.0,
     "support": 7.0
    },
    "11": {
     "precision": 0.0,
     "recall": 0.0,
     "f1-score": 0.0,
     "support": 0.0
    },
    "13": {
     "precision": 1.0,
     "recall": 0.25925925925925924,
     "f1-score": 0.4117647058823529,
     "support": 54.0
    },
    "14": {
     "precision": 0.0,
     "recall": 0.0,
     "f1-score": 0.0,
     "support": 0.0
    },
    "accuracy": 0.9337094499294781,
    "macro avg": {
     "precision": 0.6199861001300615,
     "recall": 0.5411634116670483,
     "f1-score": 0.5624292676580981,
     "support": 2127.0
    },
    "weighted avg": {
     "precision": 0.9518772584749721,
     "recall": 0.9337094499294781,
     "f1-score": 0.9359537885355537,
     "support": 2127.0
    }
   }
  }
 }
}