{
 "dataset": "prototype",
 "n_samples": 90579,
 "n_features": 752,
 "n_classes": 10,
 "n_train": 53894,
 "n_test": 27174,
 "transformer_params": 75168,
 "total_params": 159093,
 "config": {
  "heads": [
   "cell_type"
  ],
  "cohorts": null,
  "n_hvg": null,
  "n_channels": 1,
  "batch_size": 128,
  "val_frac": 0.15,
  "test_frac": 0.15,
  "d_model": 96,
  "n_heads": 4,
  "d_ff": 192,
  "dropout": 0.1,
  "n_markers": 128,
  "marker_mode": "random",
  "pathway_pool": "mean",
  "compress_mode": "aggregate",
  "recursive_marker_refine": true,
  "peak_init": true,
  "anneal_markers": true,
  "recursion_depth": 4,
  "share_weights": true,
  "adaptive_depth": false,
  "marker_ffn": false,
  "recursion_mode": "expert",
  "router_capacity": null,
  "router_alpha": 1.0,
  "router_temp": 1.0,
  "router_type": "linear",
  "router_z_coeff": 0.001,
  "router_balance_coeff": 0.1,
  "gene_interaction": "none",
  "interaction_knn": 16,
  "router_prior_beta": 1.0,
  "router_prior_anneal": true,
  "pathway_attn_bias": false,
  "pathway_attn_lambda": 2.0,
  "lambda_marker": 0.1,
  "gamma_diversity": 0.05,
  "beta_compression": 0.01,
  "lr": 0.001,
  "weight_decay": 1e-05,
  "epochs": 150,
  "patience": 15,
  "seed": 2,
  "device": "cuda"
 },
 "heads": {
  "cell_type": {
   "accuracy": 0.9728784867888423,
   "macro_f1": 0.9687381873091565,
   "weighted_f1": 0.9729209337887381,
   "per_class": {
    "0": {
     "precision": 0.9929245283018868,
     "recall": 0.980209545983702,
     "f1-score": 0.9865260691271236,
     "support": 859.0
    },
    "1": {
     "precision": 0.9634966378482228,
     "recall": 0.9881773399014778,
     "f1-score": 0.97568093385214,
     "support": 1015.0
    },
    "2": {
     "precision": 0.9657919400187441,
     "recall": 0.9603914259086673,
     "f1-score": 0.9630841121495327,
     "support": 2146.0
    },
    "3": {
     "precision": 0.9734513274336283,
     "recall": 0.9546351084812623,
     "f1-score": 0.9639514041027684,
     "support": 2535.0
    },
    "4": {
     "precision": 0.914009111617312,
     "recall": 0.9441176470588235,
     "f1-score": 0.9288194444444444,
     "support": 1700.0
    },
    "5": {
     "precision": 0.9458955223880597,
     "recall": 0.9507735583684951,
     "f1-score": 0.9483282674772037,
     "support": 2133.0
    },
    "6": {
     "precision": 0.9672253258845438,
     "recall": 0.9629217649239896,
     "f1-score": 0.9650687476774433,
     "support": 2697.0
    },
    "7": {
     "precision": 0.9829504666188084,
     "recall": 0.9848948030929688,
     "f1-score": 0.9839216743016258,
     "support": 5561.0
    },
    "8": {
     "precision": 0.9817508595609628,
     "recall": 0.9791611711949354,
     "f1-score": 0.9804543053354464,
     "support": 3791.0
    },
    "9": {
     "precision": 0.9925957266765391,
     "recall": 0.9905003166561115,
     "f1-score": 0.9915469146238377,
     "support": 4737.0
    },
    "accuracy": 0.9728784867888423,
    "macro avg": {
     "precision": 0.9680091446348706,
     "recall": 0.9695782681570433,
     "f1-score": 0.9687381873091565,
     "support": 27174.0
    },
    "weighted avg": {
     "precision": 0.9730296691394379,
     "recall": 0.9728784867888423,
     "f1-score": 0.9729209337887381,
     "support": 27174.0
    }
   }
  }
 }
}