{
 "dataset": "tabula_muris",
 "n_samples": 54865,
 "n_features": 1089,
 "n_classes": 55,
 "n_train": 32645,
 "n_test": 16458,
 "transformer_params": 75168,
 "total_params": 200175,
 "config": {
  "heads": [
   "cell_type"
  ],
  "cohorts": null,
  "n_hvg": null,
  "n_channels": 1,
  "batch_size": 128,
  "val_frac": 0.15,
  "test_frac": 0.15,
  "d_model": 96,
  "n_heads": 4,
  "d_ff": 192,
  "dropout": 0.1,
  "n_markers": 128,
  "marker_mode": "random",
  "compress_mode": "aggregate",
  "recursive_marker_refine": true,
  "peak_init": true,
  "anneal_markers": true,
  "recursion_depth": 4,
  "share_weights": true,
  "adaptive_depth": false,
  "marker_ffn": false,
  "recursion_mode": "expert",
  "router_capacity": null,
  "router_alpha": 1.0,
  "router_temp": 1.0,
  "router_type": "linear",
  "router_z_coeff": 0.001,
  "router_balance_coeff": 0.1,
  "gene_interaction": "none",
  "interaction_knn": 16,
  "router_prior_beta": 1.0,
  "router_prior_anneal": true,
  "lambda_marker": 0.1,
  "gamma_diversity": 0.05,
  "beta_compression": 0.01,
  "lr": 0.001,
  "weight_decay": 1e-05,
  "epochs": 150,
  "patience": 15,
  "seed": 2,
  "device": "cuda"
 },
 "heads": {
  "cell_type": {
   "accuracy": 0.849860250334184,
   "macro_f1": 0.7691983270572522,
   "weighted_f1": 0.8484415695769539,
   "per_class": {
    "0": {
     "precision": 0.954360228198859,
     "recall": 0.9413183279742765,
     "f1-score": 0.9477944152165115,
     "support": 2488.0
    },
    "1": {
     "precision": 0.08181818181818182,
     "recall": 0.6923076923076923,
     "f1-score": 0.14634146341463414,
     "support": 13.0
    },
    "2": {
     "precision": 0.5416666666666666,
     "recall": 0.65,
     "f1-score": 0.5909090909090909,
     "support": 20.0
    },
    "3": {
     "precision": 0.3888888888888889,
     "recall": 0.6363636363636364,
     "f1-score": 0.4827586206896552,
     "support": 11.0
    },
    "4": {
     "precision": 0.9460625674217907,
     "recall": 0.6628873771730914,
     "f1-score": 0.7795555555555556,
     "support": 1323.0
    },
    "5": {
     "precision": 0.9615384615384616,
     "recall": 0.9615384615384616,
     "f1-score": 0.9615384615384616,
     "support": 104.0
    },
    "6": {
     "precision": 0.9193548387096774,
     "recall": 0.9661016949152542,
     "f1-score": 0.9421487603305785,
     "support": 118.0
    },
    "7": {
     "precision": 0.9596273291925466,
     "recall": 0.9314242652599849,
     "f1-score": 0.9453154875717017,
     "support": 1327.0
    },
    "8": {
     "precision": 0.75,
     "recall": 1.0,
     "f1-score": 0.8571428571428571,
     "support": 18.0
    },
    "9": {
     "precision": 0.8658536585365854,
     "recall": 0.9833795013850416,
     "f1-score": 0.920881971465629,
     "support": 361.0
    },
    "10": {
     "precision": 1.0,
     "recall": 1.0,
     "f1-score": 1.0,
     "support": 350.0
    },
    "11": {
     "precision": 0.49748743718592964,
     "recall": 0.868421052631579,
     "f1-score": 0.6325878594249201,
     "support": 342.0
    },
    "12": {
     "precision": 1.0,
     "recall": 1.0,
     "f1-score": 1.0,
     "support": 18.0
    },
    "13": {
     "precision": 0.8,
     "recall": 0.8,
     "f1-score": 0.8,
     "support": 15.0
    },
    "14": {
     "precision": 0.5147058823529411,
     "recall": 0.7291666666666666,
     "f1-score": 0.603448275862069,
     "support": 48.0
    },
    "15": {
     "precision": 0.6363636363636364,
     "recall": 0.5384615384615384,
     "f1-score": 0.5833333333333334,
     "support": 13.0
    },
    "16": {
     "precision": 0.7777777777777778,
     "recall": 0.875,
     "f1-score": 0.8235294117647058,
     "support": 8.0
    },
    "17": {
     "precision": 0.782608695652174,
     "recall": 0.9473684210526315,
     "f1-score": 0.8571428571428571,
     "support": 19.0
    },
    "18": {
     "precision": 0.9444444444444444,
     "recall": 0.8947368421052632,
     "f1-score": 0.918918918918919,
     "support": 19.0
    },
    "19": {
     "precision": 0.9291784702549575,
     "recall": 0.7690504103165299,
     "f1-score": 0.841565105837075,
     "support": 853.0
    },
    "20": {
     "precision": 0.8571428571428571,
     "recall": 0.75,
     "f1-score": 0.8,
     "support": 8.0
    },
    "21": {
     "precision": 0.8515901060070671,
     "recall": 0.9233716475095786,
     "f1-score": 0.8860294117647058,
     "support": 261.0
    },
    "22": {
     "precision": 0.8214285714285714,
     "recall": 1.0,
     "f1-score": 0.9019607843137255,
     "support": 46.0
    },
    "23": {
     "precision": 0.8507462686567164,
     "recall": 0.8382352941176471,
     "f1-score": 0.8444444444444444,
     "support": 68.0
    },
    "24": {
     "precision": 0.922077922077922,
     "recall": 0.9770642201834863,
     "f1-score": 0.9487750556792873,
     "support": 218.0
    },
    "25": {
     "precision": 0.9245283018867925,
     "recall": 0.8672566371681416,
     "f1-score": 0.8949771689497716,
     "support": 113.0
    },
    "26": {
     "precision": 0.8442622950819673,
     "recall": 0.8728813559322034,
     "f1-score": 0.8583333333333333,
     "support": 118.0
    },
    "27": {
     "precision": 0.9981132075471698,
     "recall": 1.0,
     "f1-score": 0.9990557129367328,
     "support": 529.0
    },
    "28": {
     "precision": 0.2765957446808511,
     "recall": 0.7647058823529411,
     "f1-score": 0.40625,
     "support": 34.0
    },
    "29": {
     "precision": 0.7109515260323159,
     "recall": 0.9753694581280788,
     "f1-score": 0.822429906542056,
     "support": 406.0
    },
    "30": {
     "precision": 0.9138655462184874,
     "recall": 0.942578548212351,
     "f1-score": 0.928,
     "support": 923.0
    },
    "31": {
     "precision": 0.6022727272727273,
     "recall": 0.8983050847457628,
     "f1-score": 0.7210884353741497,
     "support": 118.0
    },
    "32": {
     "precision": 0.15384615384615385,
     "recall": 0.2857142857142857,
     "f1-score": 0.2,
     "support": 14.0
    },
    "33": {
     "precision": 0.9333333333333333,
     "recall": 0.7368421052631579,
     "f1-score": 0.8235294117647058,
     "support": 133.0
    },
    "34": {
     "precision": 0.8544303797468354,
     "recall": 0.9574468085106383,
     "f1-score": 0.903010033444816,
     "support": 141.0
    },
    "35": {
     "precision": 0.9862258953168044,
     "recall": 0.9972144846796658,
     "f1-score": 0.9916897506925207,
     "support": 359.0
    },
    "36": {
     "precision": 0.8863636363636364,
     "recall": 0.9873417721518988,
     "f1-score": 0.9341317365269461,
     "support": 79.0
    },
    "37": {
     "precision": 0.5384615384615384,
     "recall": 0.5773195876288659,
     "f1-score": 0.5572139303482587,
     "support": 97.0
    },
    "38": {
     "precision": 0.9513888888888888,
     "recall": 0.9927536231884058,
     "f1-score": 0.9716312056737588,
     "support": 138.0
    },
    "39": {
     "precision": 0.8344827586206897,
     "recall": 0.8705035971223022,
     "f1-score": 0.852112676056338,
     "support": 139.0
    },
    "40": {
     "precision": 0.5238095238095238,
     "recall": 0.2777777777777778,
     "f1-score": 0.36303630363036304,
     "support": 396.0
    },
    "41": {
     "precision": 0.4444444444444444,
     "recall": 0.5714285714285714,
     "f1-score": 0.5,
     "support": 7.0
    },
    "42": {
     "precision": 0.6,
     "recall": 1.0,
     "f1-score": 0.75,
     "support": 15.0
    },
    "43": {
     "precision": 0.950507614213198,
     "recall": 0.9545454545454546,
     "f1-score": 0.9525222551928784,
     "support": 2354.0
    },
    "44": {
     "precision": 0.3969849246231156,
     "recall": 0.9266862170087976,
     "f1-score": 0.55584872471416,
     "support": 341.0
    },
    "45": {
     "precision": 0.7239583333333334,
     "recall": 0.8853503184713376,
     "f1-score": 0.7965616045845272,
     "support": 157.0
    },
    "46": {
     "precision": 0.45,
     "recall": 0.34615384615384615,
     "f1-score": 0.391304347826087,