{
 "dataset": "baron",
 "n_samples": 8569,
 "n_features": 1936,
 "n_classes": 14,
 "n_train": 5098,
 "n_test": 2571,
 "transformer_params": 74784,
 "total_params": 294749,
 "config": {
  "heads": [
   "cell_type"
  ],
  "cohorts": null,
  "n_hvg": null,
  "n_channels": 1,
  "batch_size": 128,
  "val_frac": 0.15,
  "test_frac": 0.15,
  "d_model": 96,
  "n_heads": 4,
  "d_ff": 192,
  "dropout": 0.1,
  "n_markers": 128,
  "marker_mode": "router",
  "pathway_pool": "mean",
  "compress_mode": "aggregate",
  "recursive_marker_refine": true,
  "peak_init": true,
  "anneal_markers": true,
  "recursion_depth": 6,
  "share_weights": true,
  "share_strategy": "cycle",
  "n_unique_blocks": 1,
  "step_cache": false,
  "adaptive_depth": false,
  "marker_ffn": false,
  "recursion_mode": "fixed",
  "router_capacity": null,
  "router_alpha": 1.0,
  "router_temp": 1.0,
  "router_type": "linear",
  "router_z_coeff": 0.001,
  "router_balance_coeff": 0.1,
  "gene_interaction": "none",
  "interaction_knn": 16,
  "router_prior_beta": 1.0,
  "router_prior_anneal": true,
  "pathway_attn_bias": false,
  "pathway_attn_lambda": 2.0,
  "lambda_marker": 0.1,
  "gamma_diversity": 0.05,
  "beta_compression": 0.01,
  "lr": 0.001,
  "weight_decay": 1e-05,
  "epochs": 80,
  "patience": 12,
  "seed": 0,
  "device": "cuda"
 },
 "heads": {
  "cell_type": {
   "accuracy": 0.868922598210813,
   "macro_f1": 0.6019260812188717,
   "weighted_f1": 0.8780654292905961,
   "per_class": {
    "0": {
     "precision": 0.9342560553633218,
     "recall": 0.9407665505226481,
     "f1-score": 0.9375,
     "support": 287.0
    },
    "1": {
     "precision": 0.8024691358024691,
     "recall": 0.7647058823529411,
     "f1-score": 0.7831325301204819,
     "support": 85.0
    },
    "2": {
     "precision": 0.9671361502347418,
     "recall": 0.8853868194842407,
     "f1-score": 0.9244577412116679,
     "support": 698.0
    },
    "3": {
     "precision": 0.9420689655172414,
     "recall": 0.9010554089709762,
     "f1-score": 0.921105866486851,
     "support": 758.0
    },
    "4": {
     "precision": 0.6651162790697674,
     "recall": 0.7944444444444444,
     "f1-score": 0.7240506329113924,
     "support": 180.0
    },
    "5": {
     "precision": 0.9329073482428115,
     "recall": 0.9040247678018576,
     "f1-score": 0.9182389937106918,
     "support": 323.0
    },
    "6": {
     "precision": 0.863013698630137,
     "recall": 0.8289473684210527,
     "f1-score": 0.8456375838926175,
     "support": 76.0
    },
    "7": {
     "precision": 0.03333333333333333,
     "recall": 0.2,
     "f1-score": 0.05714285714285714,
     "support": 5.0
    },
    "8": {
     "precision": 0.4649122807017544,
     "recall": 0.6883116883116883,
     "f1-score": 0.5549738219895288,
     "support": 77.0
    },
    "9": {
     "precision": 0.5882352941176471,
     "recall": 0.5882352941176471,
     "f1-score": 0.5882352941176471,
     "support": 17.0
    },
    "10": {
     "precision": 0.25,
     "recall": 0.2857142857142857,
     "f1-score": 0.26666666666666666,
     "support": 7.0
    },
    "11": {
     "precision": 0.5818181818181818,
     "recall": 0.6153846153846154,
     "f1-score": 0.5981308411214953,
     "support": 52.0
    },
    "12": {
     "precision": 0.2222222222222222,
     "recall": 0.5,
     "f1-score": 0.3076923076923077,
     "support": 4.0
    },
    "13": {
     "precision": 0.0,
     "recall": 0.0,
     "f1-score": 0.0,
     "support": 2.0
    },
    "accuracy": 0.868922598210813,
    "macro avg": {
     "precision": 0.5891063532181162,
     "recall": 0.6354983661090284,
     "f1-score": 0.6019260812188717,
     "support": 2571.0
    },
    "weighted avg": {
     "precision": 0.891088317617042,
     "recall": 0.868922598210813,
     "f1-score": 0.8780654292905961,
     "support": 2571.0
    }
   }
  }
 }
}