{
 "dataset": "common_class",
 "n_samples": 27499,
 "n_features": 1089,
 "n_classes": 19,
 "n_train": 16361,
 "n_test": 8250,
 "transformer_params": 74784,
 "total_params": 214407,
 "config": {
  "heads": [
   "cell_type"
  ],
  "cohorts": null,
  "n_hvg": null,
  "n_channels": 1,
  "batch_size": 128,
  "val_frac": 0.15,
  "test_frac": 0.15,
  "d_model": 96,
  "n_heads": 4,
  "d_ff": 192,
  "dropout": 0.1,
  "n_markers": 128,
  "marker_mode": "router",
  "pathway_pool": "mean",
  "compress_mode": "aggregate",
  "recursive_marker_refine": true,
  "peak_init": true,
  "anneal_markers": true,
  "recursion_depth": 6,
  "share_weights": true,
  "share_strategy": "cycle",
  "n_unique_blocks": 1,
  "step_cache": false,
  "adaptive_depth": false,
  "marker_ffn": false,
  "recursion_mode": "fixed",
  "router_capacity": null,
  "router_alpha": 1.0,
  "router_temp": 1.0,
  "router_type": "linear",
  "router_z_coeff": 0.001,
  "router_balance_coeff": 0.1,
  "gene_interaction": "none",
  "interaction_knn": 16,
  "router_prior_beta": 1.0,
  "router_prior_anneal": true,
  "pathway_attn_bias": false,
  "pathway_attn_lambda": 2.0,
  "lambda_marker": 0.1,
  "gamma_diversity": 0.05,
  "beta_compression": 0.01,
  "lr": 0.001,
  "weight_decay": 1e-05,
  "epochs": 80,
  "patience": 12,
  "seed": 0,
  "device": "cuda"
 },
 "heads": {
  "cell_type": {
   "accuracy": 0.8295757575757575,
   "macro_f1": 0.6887233537679247,
   "weighted_f1": 0.8369873639459776,
   "per_class": {
    "0": {
     "precision": 0.35570469798657717,
     "recall": 0.6973684210526315,
     "f1-score": 0.4711111111111111,
     "support": 76.0
    },
    "1": {
     "precision": 0.7035714285714286,
     "recall": 0.6024464831804281,
     "f1-score": 0.6490939044481054,
     "support": 327.0
    },
    "2": {
     "precision": 0.541501976284585,
     "recall": 0.5756302521008403,
     "f1-score": 0.5580448065173116,
     "support": 238.0
    },
    "3": {
     "precision": 0.5497835497835498,
     "recall": 0.7604790419161677,
     "f1-score": 0.6381909547738693,
     "support": 167.0
    },
    "4": {
     "precision": 0.7396449704142012,
     "recall": 0.78125,
     "f1-score": 0.7598784194528876,
     "support": 160.0
    },
    "5": {
     "precision": 0.7191489361702128,
     "recall": 0.689795918367347,
     "f1-score": 0.7041666666666667,
     "support": 245.0
    },
    "6": {
     "precision": 0.44571428571428573,
     "recall": 0.6554621848739496,
     "f1-score": 0.5306122448979592,
     "support": 119.0
    },
    "7": {
     "precision": 0.8819561551433389,
     "recall": 0.7794336810730254,
     "f1-score": 0.8275316455696202,
     "support": 671.0
    },
    "8": {
     "precision": 0.37083333333333335,
     "recall": 0.6180555555555556,
     "f1-score": 0.4635416666666667,
     "support": 144.0
    },
    "9": {
     "precision": 0.8365758754863813,
     "recall": 0.5218446601941747,
     "f1-score": 0.6427503736920778,
     "support": 412.0
    },
    "10": {
     "precision": 0.50199203187251,
     "recall": 0.7590361445783133,
     "f1-score": 0.60431654676259,
     "support": 166.0
    },
    "11": {
     "precision": 0.8378378378378378,
     "recall": 0.7279843444227005,
     "f1-score": 0.7790575916230367,
     "support": 511.0
    },
    "12": {
     "precision": 0.9206008583690987,
     "recall": 0.8125,
     "f1-score": 0.8631790744466801,
     "support": 528.0
    },
    "13": {
     "precision": 0.3349282296650718,
     "recall": 0.7446808510638298,
     "f1-score": 0.46204620462046203,
     "support": 94.0
    },
    "14": {
     "precision": 0.9333333333333333,
     "recall": 1.0,
     "f1-score": 0.9655172413793104,
     "support": 14.0
    },
    "15": {
     "precision": 0.553072625698324,
     "recall": 0.4925373134328358,
     "f1-score": 0.5210526315789473,
     "support": 201.0
    },
    "16": {
     "precision": 0.9838523644752019,
     "recall": 0.9649321266968326,
     "f1-score": 0.9743003997715591,
     "support": 884.0
    },
    "17": {
     "precision": 0.9828178694158075,
     "recall": 0.9632578077158603,
     "f1-score": 0.9729395391990103,
     "support": 3266.0
    },
    "18": {
     "precision": 0.6111111111111112,
     "recall": 0.8148148148148148,
     "f1-score": 0.6984126984126984,
     "support": 27.0
    },
    "accuracy": 0.8295757575757575,
    "macro avg": {
     "precision": 0.67389376161401,
     "recall": 0.7348162947915424,
     "f1-score": 0.6887233537679247,
     "support": 8250.0
    },
    "weighted avg": {
     "precision": 0.8563149694742392,
     "recall": 0.8295757575757575,
     "f1-score": 0.8369873639459776,
     "support": 8250.0
    }
   }
  }
 }
}