{
 "dataset": "prototype",
 "n_samples": 90579,
 "n_features": 752,
 "n_classes": 10,
 "n_train": 53894,
 "n_test": 27174,
 "transformer_params": 74784,
 "total_params": 180309,
 "config": {
  "heads": [
   "cell_type"
  ],
  "cohorts": null,
  "n_hvg": null,
  "n_channels": 1,
  "batch_size": 128,
  "val_frac": 0.15,
  "test_frac": 0.15,
  "d_model": 96,
  "n_heads": 4,
  "d_ff": 192,
  "dropout": 0.1,
  "n_markers": 128,
  "marker_mode": "router",
  "pathway_pool": "mean",
  "compress_mode": "aggregate",
  "recursive_marker_refine": true,
  "peak_init": true,
  "anneal_markers": true,
  "recursion_depth": 6,
  "share_weights": true,
  "share_strategy": "cycle",
  "n_unique_blocks": 1,
  "step_cache": false,
  "adaptive_depth": false,
  "marker_ffn": false,
  "recursion_mode": "fixed",
  "router_capacity": null,
  "router_alpha": 1.0,
  "router_temp": 1.0,
  "router_type": "linear",
  "router_z_coeff": 0.001,
  "router_balance_coeff": 0.1,
  "gene_interaction": "none",
  "interaction_knn": 16,
  "router_prior_beta": 1.0,
  "router_prior_anneal": true,
  "pathway_attn_bias": false,
  "pathway_attn_lambda": 2.0,
  "lambda_marker": 0.1,
  "gamma_diversity": 0.05,
  "beta_compression": 0.01,
  "lr": 0.001,
  "weight_decay": 1e-05,
  "epochs": 80,
  "patience": 12,
  "seed": 0,
  "device": "cuda"
 },
 "heads": {
  "cell_type": {
   "accuracy": 0.9423345845293295,
   "macro_f1": 0.9362135782819436,
   "weighted_f1": 0.9426890502378881,
   "per_class": {
    "0": {
     "precision": 0.9662398137369034,
     "recall": 0.9662398137369034,
     "f1-score": 0.9662398137369034,
     "support": 859.0
    },
    "1": {
     "precision": 0.9629258517034068,
     "recall": 0.9467980295566503,
     "f1-score": 0.9547938400397417,
     "support": 1015.0
    },
    "2": {
     "precision": 0.9456521739130435,
     "recall": 0.9324324324324325,
     "f1-score": 0.9389957766306898,
     "support": 2146.0
    },
    "3": {
     "precision": 0.9673553719008264,
     "recall": 0.9234714003944773,
     "f1-score": 0.944904137235116,
     "support": 2535.0
    },
    "4": {
     "precision": 0.8325409403063919,
     "recall": 0.9270588235294117,
     "f1-score": 0.877261341497356,
     "support": 1700.0
    },
    "5": {
     "precision": 0.8568192115994563,
     "recall": 0.886544772620722,
     "f1-score": 0.8714285714285714,
     "support": 2133.0
    },
    "6": {
     "precision": 0.9074475777295734,
     "recall": 0.9306637004078606,
     "f1-score": 0.9189090243455976,
     "support": 2697.0
    },
    "7": {
     "precision": 0.9665379665379665,
     "recall": 0.9453335730983636,
     "f1-score": 0.9558181818181818,
     "support": 5561.0
    },
    "8": {
     "precision": 0.9635076252723311,
     "recall": 0.9332629912951728,
     "f1-score": 0.9481441779445263,
     "support": 3791.0
    },
    "9": {
     "precision": 0.9787676935886761,
     "recall": 0.9926113573991978,
     "f1-score": 0.9856409181427523,
     "support": 4737.0
    },
    "accuracy": 0.9423345845293295,
    "macro avg": {
     "precision": 0.9347794226288576,
     "recall": 0.9384416894471193,
     "f1-score": 0.9362135782819436,
     "support": 27174.0
    },
    "weighted avg": {
     "precision": 0.9436698266842832,
     "recall": 0.9423345845293295,
     "f1-score": 0.9426890502378881,
     "support": 27174.0
    }
   }
  }
 }
}