{
 "dataset": "pancreas",
 "n_samples": 14767,
 "n_features": 1936,
 "n_classes": 15,
 "n_train": 10744,
 "n_test": 2127,
 "transformer_params": 299520,
 "total_params": 519679,
 "config": {
  "heads": [
   "cell_type"
  ],
  "cohorts": null,
  "n_hvg": null,
  "batch_size": 128,
  "val_frac": 0.15,
  "test_frac": 0.15,
  "d_model": 96,
  "n_heads": 4,
  "d_ff": 192,
  "dropout": 0.1,
  "n_markers": 128,
  "marker_mode": "router",
  "compress_mode": "aggregate",
  "recursive_marker_refine": true,
  "peak_init": true,
  "anneal_markers": true,
  "recursion_depth": 4,
  "share_weights": false,
  "adaptive_depth": false,
  "marker_ffn": false,
  "recursion_mode": "expert",
  "router_capacity": null,
  "router_alpha": 1.0,
  "router_temp": 1.0,
  "router_type": "linear",
  "router_z_coeff": 0.001,
  "router_balance_coeff": 0.1,
  "gene_interaction": "none",
  "interaction_knn": 16,
  "router_prior_beta": 1.0,
  "router_prior_anneal": true,
  "lambda_marker": 0.1,
  "gamma_diversity": 0.05,
  "beta_compression": 0.01,
  "lr": 0.001,
  "weight_decay": 1e-05,
  "epochs": 150,
  "patience": 15,
  "seed": 4,
  "device": "cuda"
 },
 "heads": {
  "cell_type": {
   "accuracy": 0.9111424541607899,
   "macro_f1": 0.5461787204917716,
   "weighted_f1": 0.9116704891895315,
   "per_class": {
    "0": {
     "precision": 0.0,
     "recall": 0.0,
     "f1-score": 0.0,
     "support": 5.0
    },
    "1": {
     "precision": 0.9621621621621622,
     "recall": 0.9621621621621622,
     "f1-score": 0.9621621621621622,
     "support": 185.0
    },
    "2": {
     "precision": 0.9691428571428572,
     "recall": 0.9571106094808126,
     "f1-score": 0.9630891538898353,
     "support": 886.0
    },
    "3": {
     "precision": 0.9565217391304348,
     "recall": 0.9777777777777777,
     "f1-score": 0.967032967032967,
     "support": 270.0
    },
    "4": {
     "precision": 0.6514285714285715,
     "recall": 1.0,
     "f1-score": 0.7889273356401384,
     "support": 114.0
    },
    "5": {
     "precision": 0.9662337662337662,
     "recall": 0.9637305699481865,
     "f1-score": 0.9649805447470817,
     "support": 386.0
    },
    "6": {
     "precision": 1.0,
     "recall": 0.8125,
     "f1-score": 0.896551724137931,
     "support": 16.0
    },
    "7": {
     "precision": 0.8,
     "recall": 0.5714285714285714,
     "f1-score": 0.6666666666666666,
     "support": 7.0
    },
    "8": {
     "precision": 0.9407894736842105,
     "recall": 0.7258883248730964,
     "f1-score": 0.8194842406876791,
     "support": 197.0
    },
    "9": {
     "precision": 0.0,
     "recall": 0.0,
     "f1-score": 0.0,
     "support": 0.0
    },
    "10": {
     "precision": 0.0,
     "recall": 0.0,
     "f1-score": 0.0,
     "support": 7.0
    },
    "11": {
     "precision": 0.0,
     "recall": 0.0,
     "f1-score": 0.0,
     "support": 0.0
    },
    "13": {
     "precision": 1.0,
     "recall": 0.037037037037037035,
     "f1-score": 0.07142857142857142,
     "support": 54.0
    },
    "accuracy": 0.9111424541607899,
    "macro avg": {
     "precision": 0.6343291207524617,
     "recall": 0.5390488502082803,
     "f1-score": 0.5461787204917716,
     "support": 2127.0
    },
    "weighted avg": {
     "precision": 0.9417423875029006,
     "recall": 0.9111424541607899,
     "f1-score": 0.9116704891895315,
     "support": 2127.0
    }
   }
  }
 }
}