{
 "dataset": "tabula_muris",
 "n_samples": 54865,
 "n_features": 1089,
 "n_classes": 55,
 "n_train": 32645,
 "n_test": 16458,
 "transformer_params": 299520,
 "total_params": 446127,
 "config": {
  "heads": [
   "cell_type"
  ],
  "cohorts": null,
  "n_hvg": null,
  "batch_size": 128,
  "val_frac": 0.15,
  "test_frac": 0.15,
  "d_model": 96,
  "n_heads": 4,
  "d_ff": 192,
  "dropout": 0.1,
  "n_markers": 128,
  "marker_mode": "router",
  "compress_mode": "aggregate",
  "recursive_marker_refine": true,
  "peak_init": true,
  "anneal_markers": true,
  "recursion_depth": 4,
  "share_weights": false,
  "adaptive_depth": false,
  "marker_ffn": false,
  "recursion_mode": "expert",
  "router_capacity": null,
  "router_alpha": 1.0,
  "router_temp": 1.0,
  "router_type": "linear",
  "router_z_coeff": 0.001,
  "router_balance_coeff": 0.1,
  "gene_interaction": "none",
  "interaction_knn": 16,
  "router_prior_beta": 1.0,
  "router_prior_anneal": true,
  "lambda_marker": 0.1,
  "gamma_diversity": 0.05,
  "beta_compression": 0.01,
  "lr": 0.001,
  "weight_decay": 1e-05,
  "epochs": 150,
  "patience": 15,
  "seed": 4,
  "device": "cuda"
 },
 "heads": {
  "cell_type": {
   "accuracy": 0.8058087252400049,
   "macro_f1": 0.714673920119701,
   "weighted_f1": 0.8070918599421745,
   "per_class": {
    "0": {
     "precision": 0.8757637474541752,
     "recall": 0.8641479099678456,
     "f1-score": 0.8699170544203925,
     "support": 2488.0
    },
    "1": {
     "precision": 0.06382978723404255,
     "recall": 0.46153846153846156,
     "f1-score": 0.11214953271028037,
     "support": 13.0
    },
    "2": {
     "precision": 0.7,
     "recall": 0.35,
     "f1-score": 0.4666666666666667,
     "support": 20.0
    },
    "3": {
     "precision": 0.7777777777777778,
     "recall": 0.6363636363636364,
     "f1-score": 0.7,
     "support": 11.0
    },
    "4": {
     "precision": 0.832,
     "recall": 0.7074829931972789,
     "f1-score": 0.7647058823529411,
     "support": 1323.0
    },
    "5": {
     "precision": 0.9607843137254902,
     "recall": 0.9423076923076923,
     "f1-score": 0.9514563106796117,
     "support": 104.0
    },
    "6": {
     "precision": 0.8709677419354839,
     "recall": 0.9152542372881356,
     "f1-score": 0.8925619834710744,
     "support": 118.0
    },
    "7": {
     "precision": 0.9378673383711167,
     "recall": 0.841748304446119,
     "f1-score": 0.8872120730738682,
     "support": 1327.0
    },
    "8": {
     "precision": 0.6470588235294118,
     "recall": 0.6111111111111112,
     "f1-score": 0.6285714285714286,
     "support": 18.0
    },
    "9": {
     "precision": 0.8603491271820449,
     "recall": 0.9556786703601108,
     "f1-score": 0.905511811023622,
     "support": 361.0
    },
    "10": {
     "precision": 0.969187675070028,
     "recall": 0.9885714285714285,
     "f1-score": 0.9787835926449788,
     "support": 350.0
    },
    "11": {
     "precision": 0.6565656565656566,
     "recall": 0.7602339181286549,
     "f1-score": 0.7046070460704607,
     "support": 342.0
    },
    "12": {
     "precision": 0.6666666666666666,
     "recall": 1.0,
     "f1-score": 0.8,
     "support": 18.0
    },
    "13": {
     "precision": 1.0,
     "recall": 0.8,
     "f1-score": 0.8888888888888888,
     "support": 15.0
    },
    "14": {
     "precision": 0.6666666666666666,
     "recall": 0.5833333333333334,
     "f1-score": 0.6222222222222222,
     "support": 48.0
    },
    "15": {
     "precision": 0.25,
     "recall": 0.07692307692307693,
     "f1-score": 0.11764705882352941,
     "support": 13.0
    },
    "16": {
     "precision": 0.6363636363636364,
     "recall": 0.875,
     "f1-score": 0.7368421052631579,
     "support": 8.0
    },
    "17": {
     "precision": 0.7037037037037037,
     "recall": 1.0,
     "f1-score": 0.8260869565217391,
     "support": 19.0
    },
    "18": {
     "precision": 0.8571428571428571,
     "recall": 0.9473684210526315,
     "f1-score": 0.9,
     "support": 19.0
    },
    "19": {
     "precision": 0.9250645994832042,
     "recall": 0.839390386869871,
     "f1-score": 0.8801475107559926,
     "support": 853.0
    },
    "20": {
     "precision": 0.5833333333333334,
     "recall": 0.875,
     "f1-score": 0.7,
     "support": 8.0
    },
    "21": {
     "precision": 0.722972972972973,
     "recall": 0.8199233716475096,
     "f1-score": 0.7684021543985637,
     "support": 261.0
    },
    "22": {
     "precision": 0.7049180327868853,
     "recall": 0.9347826086956522,
     "f1-score": 0.8037383177570093,
     "support": 46.0
    },
    "23": {
     "precision": 0.7209302325581395,
     "recall": 0.9117647058823529,
     "f1-score": 0.8051948051948052,
     "support": 68.0
    },
    "24": {
     "precision": 0.9260869565217391,
     "recall": 0.9770642201834863,
     "f1-score": 0.9508928571428571,
     "support": 218.0
    },
    "25": {
     "precision": 0.9532710280373832,
     "recall": 0.9026548672566371,
     "f1-score": 0.9272727272727272,
     "support": 113.0
    },
    "26": {
     "precision": 0.7394366197183099,
     "recall": 0.8898305084745762,
     "f1-score": 0.8076923076923077,
     "support": 118.0
    },
    "27": {
     "precision": 0.981203007518797,
     "recall": 0.9867674858223062,
     "f1-score": 0.9839773798303487,
     "support": 529.0
    },
    "28": {
     "precision": 0.11618257261410789,
     "recall": 0.8235294117647058,
     "f1-score": 0.20363636363636364,
     "support": 34.0
    },
    "29": {
     "precision": 0.830316742081448,
     "recall": 0.9039408866995073,
     "f1-score": 0.8655660377358491,
     "support": 406.0
    },
    "30": {
     "precision": 0.835,
     "recall": 0.90465872156013,
     "f1-score": 0.8684347373894956,
     "support": 923.0
    },
    "31": {
     "precision": 0.7637795275590551,
     "recall": 0.8220338983050848,
     "f1-score": 0.7918367346938775,
     "support": 118.0
    },
    "32": {
     "precision": 0.10526315789473684,
     "recall": 0.42857142857142855,
     "f1-score": 0.16901408450704225,
     "support": 14.0
    },
    "33": {
     "precision": 0.6923076923076923,
     "recall": 0.8120300751879699,
     "f1-score": 0.7474048442906575,
     "support": 133.0
    },
    "34": {
     "precision": 0.8484848484848485,
     "recall": 0.7943262411347518,
     "f1-score": 0.8205128205128205,
     "support": 141.0
    },
    "35": {
     "precision": 0.9915014164305949,
     "recall": 0.9749303621169917,
     "f1-score": 0.9831460674157303,
     "support": 359.0
    },
    "36": {
     "precision": 0.8089887640449438,
     "recall": 0.9113924050632911,
     "f1-score": 0.8571428571428571,
     "support": 79.0
    },
    "37": {
     "precision": 0.28484848484848485,
     "recall": 0.4845360824742268,
     "f1-score": 0.35877862595419846,
     "support": 97.0
    },
    "38": {
     "precision": 0.9618320610687023,
     "recall": 0.9130434782608695,
     "f1-score": 0.9368029739776952,
     "support": 138.0
    },
    "39": {
     "precision": 0.7876712328767124,
     "recall": 0.8273381294964028,
     "f1-score": 0.8070175438596491,
     "support": 139.0
    },
    "40": {
     "precision": 0.5357142857142857,
     "recall": 0.1893939393939394,
     "f1-score": 0.2798507462686567,
     "support": 396.0
    },
    "41": {
     "precision": 0.5,
     "recall": 0.8571428571428571,
     "f1-score": 0.631578947368421,
     "support": 7.0
    },
    "42": {
     "precision": 0.46153846153846156,
     "recall": 0.8,
     "f1-score": 0.5853658536585366,
     "support": 15.0
    },
    "43": {
     "precision": 0.9519533004041311,
     "recall": 0.9005947323704333,
     "f1-score": 0.9255621043440296,
     "support": 2354.0
    },
    "44": {
     "precision": 0.36233611442193087,
     "recall": 0.8914956011730205,
     "f1-score": 0.5152542372881356,
     "support": 341.0
    },
    "45": {
     "precision": 0.6752577319587629,
     "recall": 0.8343949044585988,
     "f1-score": 0.7464387464387464,
     "support": 157.0
    },