{
 "task": "pathologic_N",
 "n_samples": 867,
 "n_genes": 20530,
 "n_classes": 4,
 "n_train": 589,
 "n_test": 174,
 "transformer_params": 132992,
 "total_params": 2828297,
 "mean_recursion_depth": 2.75,
 "compute_saving_ratio": 0.6015625,
 "config": {
  "heads": [
   "pathologic_N"
  ],
  "cohorts": null,
  "n_hvg": null,
  "batch_size": 32,
  "val_frac": 0.15,
  "test_frac": 0.15,
  "d_model": 128,
  "n_heads": 4,
  "d_ff": 256,
  "dropout": 0.1,
  "n_markers": 256,
  "marker_mode": "router",
  "compress_mode": "aggregate",
  "recursive_marker_refine": true,
  "peak_init": true,
  "anneal_markers": true,
  "recursion_depth": 4,
  "share_weights": true,
  "adaptive_depth": false,
  "marker_ffn": false,
  "recursion_mode": "expert",
  "router_capacity": null,
  "router_alpha": 1.0,
  "router_temp": 1.0,
  "router_type": "linear",
  "router_z_coeff": 0.001,
  "router_balance_coeff": 0.1,
  "gene_interaction": "none",
  "interaction_knn": 16,
  "router_prior_beta": 1.0,
  "router_prior_anneal": true,
  "lambda_marker": 0.1,
  "gamma_diversity": 0.05,
  "beta_compression": 0.01,
  "lr": 0.0003,
  "weight_decay": 0.01,
  "epochs": 40,
  "patience": 8,
  "seed": 42,
  "device": "cuda"
 },
 "heads": {
  "pathologic_N": {
   "accuracy": 0.4540229885057471,
   "macro_f1": 0.2606366121916361,
   "weighted_f1": 0.4196084754490958,
   "per_class": {
    "0": {
     "precision": 0.4953271028037383,
     "recall": 0.6385542168674698,
     "f1-score": 0.5578947368421052,
     "support": 83.0
    },
    "1": {
     "precision": 0.4166666666666667,
     "recall": 0.4098360655737705,
     "f1-score": 0.4132231404958678,
     "support": 61.0
    },
    "2": {
     "precision": 0.14285714285714285,
     "recall": 0.047619047619047616,
     "f1-score": 0.07142857142857142,
     "support": 21.0
    },
    "3": {
     "precision": 0.0,
     "recall": 0.0,
     "f1-score": 0.0,
     "support": 9.0
    },
    "accuracy": 0.4540229885057471,
    "macro avg": {
     "precision": 0.26371272808188695,
     "recall": 0.274002332515072,
     "f1-score": 0.2606366121916361,
     "support": 174.0
    },
    "weighted avg": {
     "precision": 0.39959089769756867,
     "recall": 0.4540229885057471,
     "f1-score": 0.4196084754490958,
     "support": 174.0
    }
   }
  }
 }
}