{
 "task": "pathologic_stage",
 "n_samples": 867,
 "n_genes": 20530,
 "n_classes": 4,
 "n_train": 589,
 "n_test": 174,
 "transformer_params": 132992,
 "total_params": 2828297,
 "mean_recursion_depth": 2.749999761581421,
 "compute_saving_ratio": 0.6015625,
 "config": {
  "heads": [
   "pathologic_stage"
  ],
  "cohorts": null,
  "n_hvg": null,
  "batch_size": 32,
  "val_frac": 0.15,
  "test_frac": 0.15,
  "d_model": 128,
  "n_heads": 4,
  "d_ff": 256,
  "dropout": 0.1,
  "n_markers": 256,
  "marker_mode": "router",
  "compress_mode": "aggregate",
  "recursive_marker_refine": true,
  "peak_init": true,
  "anneal_markers": true,
  "recursion_depth": 4,
  "share_weights": true,
  "adaptive_depth": false,
  "marker_ffn": false,
  "recursion_mode": "expert",
  "router_capacity": null,
  "router_alpha": 1.0,
  "router_temp": 1.0,
  "router_type": "linear",
  "router_z_coeff": 0.001,
  "router_balance_coeff": 0.1,
  "gene_interaction": "none",
  "interaction_knn": 16,
  "router_prior_beta": 1.0,
  "router_prior_anneal": true,
  "lambda_marker": 0.1,
  "gamma_diversity": 0.05,
  "beta_compression": 0.01,
  "lr": 0.0003,
  "weight_decay": 0.01,
  "epochs": 40,
  "patience": 8,
  "seed": 42,
  "device": "cuda"
 },
 "heads": {
  "pathologic_stage": {
   "accuracy": 0.3505747126436782,
   "macro_f1": 0.25591452324805825,
   "weighted_f1": 0.35850634494974826,
   "per_class": {
    "0": {
     "precision": 0.22916666666666666,
     "recall": 0.3548387096774194,
     "f1-score": 0.27848101265822783,
     "support": 31.0
    },
    "1": {
     "precision": 0.6122448979591837,
     "recall": 0.29411764705882354,
     "f1-score": 0.3973509933774834,
     "support": 102.0
    },
    "2": {
     "precision": 0.2597402597402597,
     "recall": 0.5263157894736842,
     "f1-score": 0.34782608695652173,
     "support": 38.0
    },
    "3": {
     "precision": 0.0,
     "recall": 0.0,
     "f1-score": 0.0,
     "support": 3.0
    },
    "accuracy": 0.3505747126436782,
    "macro avg": {
     "precision": 0.2752879560915275,
     "recall": 0.29381803655248173,
     "f1-score": 0.25591452324805825,
     "support": 174.0
    },
    "weighted avg": {
     "precision": 0.456455609934674,
     "recall": 0.3505747126436782,
     "f1-score": 0.35850634494974826,
     "support": 174.0
    }
   }
  }
 }
}