{
 "dataset": "common_class",
 "n_samples": 27499,
 "n_features": 1089,
 "n_classes": 19,
 "n_train": 16361,
 "n_test": 8250,
 "transformer_params": 74880,
 "total_params": 214503,
 "config": {
  "heads": [
   "cell_type"
  ],
  "cohorts": null,
  "n_hvg": null,
  "n_channels": 1,
  "batch_size": 128,
  "val_frac": 0.15,
  "test_frac": 0.15,
  "d_model": 96,
  "n_heads": 4,
  "d_ff": 192,
  "dropout": 0.1,
  "n_markers": 128,
  "marker_mode": "router",
  "pathway_pool": "mean",
  "compress_mode": "aggregate",
  "recursive_marker_refine": true,
  "peak_init": true,
  "anneal_markers": true,
  "recursion_depth": 1,
  "share_weights": true,
  "adaptive_depth": false,
  "marker_ffn": false,
  "recursion_mode": "expert",
  "router_capacity": null,
  "router_alpha": 1.0,
  "router_temp": 1.0,
  "router_type": "linear",
  "router_z_coeff": 0.001,
  "router_balance_coeff": 0.1,
  "gene_interaction": "none",
  "interaction_knn": 16,
  "router_prior_beta": 1.0,
  "router_prior_anneal": true,
  "pathway_attn_bias": false,
  "pathway_attn_lambda": 2.0,
  "lambda_marker": 0.1,
  "gamma_diversity": 0.05,
  "beta_compression": 0.01,
  "lr": 0.001,
  "weight_decay": 1e-05,
  "epochs": 150,
  "patience": 15,
  "seed": 2,
  "device": "cuda"
 },
 "heads": {
  "cell_type": {
   "accuracy": 0.7881212121212121,
   "macro_f1": 0.6120660358750835,
   "weighted_f1": 0.800480744599536,
   "per_class": {
    "0": {
     "precision": 0.53125,
     "recall": 0.6710526315789473,
     "f1-score": 0.5930232558139535,
     "support": 76.0
    },
    "1": {
     "precision": 0.5610561056105611,
     "recall": 0.5198776758409785,
     "f1-score": 0.5396825396825397,
     "support": 327.0
    },
    "2": {
     "precision": 0.45576407506702415,
     "recall": 0.7142857142857143,
     "f1-score": 0.5564648117839607,
     "support": 238.0
    },
    "3": {
     "precision": 0.6108108108108108,
     "recall": 0.6766467065868264,
     "f1-score": 0.6420454545454546,
     "support": 167.0
    },
    "4": {
     "precision": 0.5233644859813084,
     "recall": 0.7,
     "f1-score": 0.5989304812834224,
     "support": 160.0
    },
    "5": {
     "precision": 0.6456692913385826,
     "recall": 0.3346938775510204,
     "f1-score": 0.44086021505376344,
     "support": 245.0
    },
    "6": {
     "precision": 0.3986013986013986,
     "recall": 0.4789915966386555,
     "f1-score": 0.4351145038167939,
     "support": 119.0
    },
    "7": {
     "precision": 0.8058076225045372,
     "recall": 0.6616989567809239,
     "f1-score": 0.7266775777414075,
     "support": 671.0
    },
    "8": {
     "precision": 0.5161290322580645,
     "recall": 0.5555555555555556,
     "f1-score": 0.5351170568561873,
     "support": 144.0
    },
    "9": {
     "precision": 0.6471774193548387,
     "recall": 0.779126213592233,
     "f1-score": 0.7070484581497798,
     "support": 412.0
    },
    "10": {
     "precision": 0.6081871345029239,
     "recall": 0.6265060240963856,
     "f1-score": 0.6172106824925816,
     "support": 166.0
    },
    "11": {
     "precision": 0.8647342995169082,
     "recall": 0.700587084148728,
     "f1-score": 0.774054054054054,
     "support": 511.0
    },
    "12": {
     "precision": 0.9237472766884531,
     "recall": 0.803030303030303,
     "f1-score": 0.8591691995947315,
     "support": 528.0
    },
    "13": {
     "precision": 0.32663316582914576,
     "recall": 0.6914893617021277,
     "f1-score": 0.44368600682593856,
     "support": 94.0
    },
    "14": {
     "precision": 0.2857142857142857,
     "recall": 0.2857142857142857,
     "f1-score": 0.2857142857142857,
     "support": 14.0
    },
    "15": {
     "precision": 0.24305555555555555,
     "recall": 0.5223880597014925,
     "f1-score": 0.33175355450236965,
     "support": 201.0
    },
    "16": {
     "precision": 0.9891041162227603,
     "recall": 0.9242081447963801,
     "f1-score": 0.9555555555555556,
     "support": 884.0
    },
    "17": {
     "precision": 0.983950212905339,
     "recall": 0.9197795468462951,
     "f1-score": 0.9507833517961702,
     "support": 3266.0
    },
    "18": {
     "precision": 0.5384615384615384,
     "recall": 0.7777777777777778,
     "f1-score": 0.6363636363636364,
     "support": 27.0
    },
    "accuracy": 0.7881212121212121,
    "macro avg": {
     "precision": 0.6031167277328441,
     "recall": 0.6496531324328751,
     "f1-score": 0.6120660358750835,
     "support": 8250.0
    },
    "weighted avg": {
     "precision": 0.8269039379211385,
     "recall": 0.7881212121212121,
     "f1-score": 0.800480744599536,
     "support": 8250.0
    }
   }
  }
 }
}