{
 "dataset": "tabula_muris",
 "n_samples": 54865,
 "n_features": 1089,
 "n_classes": 55,
 "n_train": 32645,
 "n_test": 16458,
 "transformer_params": 74880,
 "total_params": 221487,
 "config": {
  "heads": [
   "cell_type"
  ],
  "cohorts": null,
  "n_hvg": null,
  "n_channels": 1,
  "batch_size": 128,
  "val_frac": 0.15,
  "test_frac": 0.15,
  "d_model": 96,
  "n_heads": 4,
  "d_ff": 192,
  "dropout": 0.1,
  "n_markers": 128,
  "marker_mode": "router",
  "compress_mode": "aggregate",
  "recursive_marker_refine": true,
  "peak_init": true,
  "anneal_markers": true,
  "recursion_depth": 1,
  "share_weights": true,
  "adaptive_depth": false,
  "marker_ffn": false,
  "recursion_mode": "expert",
  "router_capacity": null,
  "router_alpha": 1.0,
  "router_temp": 1.0,
  "router_type": "linear",
  "router_z_coeff": 0.001,
  "router_balance_coeff": 0.1,
  "gene_interaction": "none",
  "interaction_knn": 16,
  "router_prior_beta": 1.0,
  "router_prior_anneal": true,
  "lambda_marker": 0.1,
  "gamma_diversity": 0.05,
  "beta_compression": 0.01,
  "lr": 0.001,
  "weight_decay": 1e-05,
  "epochs": 150,
  "patience": 15,
  "seed": 2,
  "device": "cuda"
 },
 "heads": {
  "cell_type": {
   "accuracy": 0.845120913841293,
   "macro_f1": 0.7639970719691913,
   "weighted_f1": 0.8445738231715031,
   "per_class": {
    "0": {
     "precision": 0.9516129032258065,
     "recall": 0.9485530546623794,
     "f1-score": 0.9500805152979066,
     "support": 2488.0
    },
    "1": {
     "precision": 0.2222222222222222,
     "recall": 0.7692307692307693,
     "f1-score": 0.3448275862068966,
     "support": 13.0
    },
    "2": {
     "precision": 0.6818181818181818,
     "recall": 0.75,
     "f1-score": 0.7142857142857143,
     "support": 20.0
    },
    "3": {
     "precision": 0.75,
     "recall": 0.5454545454545454,
     "f1-score": 0.631578947368421,
     "support": 11.0
    },
    "4": {
     "precision": 0.9212410501193318,
     "recall": 0.8752834467120182,
     "f1-score": 0.8976744186046511,
     "support": 1323.0
    },
    "5": {
     "precision": 0.9690721649484536,
     "recall": 0.9038461538461539,
     "f1-score": 0.9353233830845771,
     "support": 104.0
    },
    "6": {
     "precision": 0.872,
     "recall": 0.923728813559322,
     "f1-score": 0.897119341563786,
     "support": 118.0
    },
    "7": {
     "precision": 0.9608313349320543,
     "recall": 0.905802562170309,
     "f1-score": 0.9325058184639256,
     "support": 1327.0
    },
    "8": {
     "precision": 0.8235294117647058,
     "recall": 0.7777777777777778,
     "f1-score": 0.8,
     "support": 18.0
    },
    "9": {
     "precision": 0.8439024390243902,
     "recall": 0.9584487534626038,
     "f1-score": 0.8975356679636836,
     "support": 361.0
    },
    "10": {
     "precision": 0.9943181818181818,
     "recall": 1.0,
     "f1-score": 0.9971509971509972,
     "support": 350.0
    },
    "11": {
     "precision": 0.6992481203007519,
     "recall": 0.8157894736842105,
     "f1-score": 0.7530364372469636,
     "support": 342.0
    },
    "12": {
     "precision": 1.0,
     "recall": 1.0,
     "f1-score": 1.0,
     "support": 18.0
    },
    "13": {
     "precision": 0.7777777777777778,
     "recall": 0.9333333333333333,
     "f1-score": 0.8484848484848485,
     "support": 15.0
    },
    "14": {
     "precision": 0.4444444444444444,
     "recall": 0.5833333333333334,
     "f1-score": 0.5045045045045045,
     "support": 48.0
    },
    "15": {
     "precision": 0.4,
     "recall": 0.46153846153846156,
     "f1-score": 0.42857142857142855,
     "support": 13.0
    },
    "16": {
     "precision": 1.0,
     "recall": 0.875,
     "f1-score": 0.9333333333333333,
     "support": 8.0
    },
    "17": {
     "precision": 0.75,
     "recall": 0.9473684210526315,
     "f1-score": 0.8372093023255814,
     "support": 19.0
    },
    "18": {
     "precision": 0.85,
     "recall": 0.8947368421052632,
     "f1-score": 0.8717948717948718,
     "support": 19.0
    },
    "19": {
     "precision": 0.9151670951156813,
     "recall": 0.8347010550996483,
     "f1-score": 0.8730839975475169,
     "support": 853.0
    },
    "20": {
     "precision": 1.0,
     "recall": 0.875,
     "f1-score": 0.9333333333333333,
     "support": 8.0
    },
    "21": {
     "precision": 0.7665615141955836,
     "recall": 0.9310344827586207,
     "f1-score": 0.8408304498269896,
     "support": 261.0
    },
    "22": {
     "precision": 0.7857142857142857,
     "recall": 0.9565217391304348,
     "f1-score": 0.8627450980392157,
     "support": 46.0
    },
    "23": {
     "precision": 0.6219512195121951,
     "recall": 0.75,
     "f1-score": 0.68,
     "support": 68.0
    },
    "24": {
     "precision": 0.9,
     "recall": 0.9495412844036697,
     "f1-score": 0.9241071428571429,
     "support": 218.0
    },
    "25": {
     "precision": 0.8928571428571429,
     "recall": 0.8849557522123894,
     "f1-score": 0.8888888888888888,
     "support": 113.0
    },
    "26": {
     "precision": 0.8532110091743119,
     "recall": 0.788135593220339,
     "f1-score": 0.8193832599118943,
     "support": 118.0
    },
    "27": {
     "precision": 0.9980842911877394,
     "recall": 0.9848771266540642,
     "f1-score": 0.9914367269267365,
     "support": 529.0
    },
    "28": {
     "precision": 0.15151515151515152,
     "recall": 0.4411764705882353,
     "f1-score": 0.22556390977443608,
     "support": 34.0
    },
    "29": {
     "precision": 0.8444444444444444,
     "recall": 0.9359605911330049,
     "f1-score": 0.8878504672897196,
     "support": 406.0
    },
    "30": {
     "precision": 0.8830645161290323,
     "recall": 0.9490790899241603,
     "f1-score": 0.9148825065274151,
     "support": 923.0
    },
    "31": {
     "precision": 0.9247311827956989,
     "recall": 0.7288135593220338,
     "f1-score": 0.8151658767772512,
     "support": 118.0
    },
    "32": {
     "precision": 0.46153846153846156,
     "recall": 0.42857142857142855,
     "f1-score": 0.4444444444444444,
     "support": 14.0
    },
    "33": {
     "precision": 0.8306451612903226,
     "recall": 0.7744360902255639,
     "f1-score": 0.8015564202334631,
     "support": 133.0
    },
    "34": {
     "precision": 0.86,
     "recall": 0.9148936170212766,
     "f1-score": 0.8865979381443299,
     "support": 141.0
    },
    "35": {
     "precision": 0.9781420765027322,
     "recall": 0.9972144846796658,
     "f1-score": 0.9875862068965517,
     "support": 359.0
    },
    "36": {
     "precision": 0.8666666666666667,
     "recall": 0.9873417721518988,
     "f1-score": 0.9230769230769231,
     "support": 79.0
    },
    "37": {
     "precision": 0.45098039215686275,
     "recall": 0.4742268041237113,
     "f1-score": 0.4623115577889447,
     "support": 97.0
    },
    "38": {
     "precision": 0.9776119402985075,
     "recall": 0.9492753623188406,
     "f1-score": 0.9632352941176471,
     "support": 138.0
    },
    "39": {
     "precision": 0.8076923076923077,
     "recall": 0.9064748201438849,
     "f1-score": 0.8542372881355932,
     "support": 139.0
    },
    "40": {
     "precision": 0.46638655462184875,
     "recall": 0.2803030303030303,
     "f1-score": 0.3501577287066246,
     "support": 396.0
    },
    "41": {
     "precision": 0.5454545454545454,
     "recall": 0.8571428571428571,
     "f1-score": 0.6666666666666666,
     "support": 7.0
    },
    "42": {
     "precision": 0.7333333333333333,
     "recall": 0.7333333333333333,
     "f1-score": 0.7333333333333333,
     "support": 15.0
    },
    "43": {
     "precision": 0.9368845120859445,
     "recall": 0.889124893797791,
     "f1-score": 0.9123801220575414,
     "support": 2354.0
    },
    "44": {
     "precision": 0.36658031088082904,
     "recall": 0.8299120234604106,
     "f1-score": 0.5085354896675651,
     "support": 341.0
    },
    "45": {
     "precision": 0.616504854368932,
     "recall": 0.8089171974522293,
     "f1-score": 0.699724517906336,
     "support": 157.0
    },