{
 "dataset": "Muraro",
 "mode": "learned_bigbio",
 "K": 4,
 "seed": 2,
 "n_markers": 128,
 "test_macro_f1": 77.65718093642128,
 "test_accuracy": 92.4646781789639,
 "n_features": 2000,
 "n_classes": 9,
 "n_samples": 2122,
 "learned_lambda": 0.22946718335151672,
 "bio_anchor_have": false
}