{
 "dataset": "Muraro",
 "mode": "learned_bio",
 "K": 4,
 "seed": 3,
 "n_markers": 128,
 "test_macro_f1": 79.68204465725832,
 "test_accuracy": 91.99372056514915,
 "n_features": 2000,
 "n_classes": 9,
 "n_samples": 2122,
 "learned_lambda": 0.2208443433046341,
 "bio_anchor_have": false
}