{
 "dataset": "Muraro",
 "mode": "learned_bio",
 "K": 4,
 "seed": 0,
 "n_markers": 128,
 "test_macro_f1": 68.03022181100877,
 "test_accuracy": 80.06279434850863,
 "n_features": 2000,
 "n_classes": 9,
 "n_samples": 2122,
 "learned_lambda": 0.21581435203552246,
 "bio_anchor_have": false
}