{
 "dataset": "Muraro",
 "mode": "learned_bigbio",
 "K": 4,
 "seed": 4,
 "n_markers": 128,
 "test_macro_f1": 83.54806462935674,
 "test_accuracy": 90.42386185243329,
 "n_features": 2000,
 "n_classes": 9,
 "n_samples": 2122,
 "learned_lambda": 0.2253248542547226,
 "bio_anchor_have": false
}