{
 "dataset": "Muraro",
 "mode": "learned_bio",
 "K": 4,
 "seed": 2,
 "n_markers": 128,
 "test_macro_f1": 72.67322767486797,
 "test_accuracy": 86.65620094191523,
 "n_features": 2000,
 "n_classes": 9,
 "n_samples": 2122,
 "learned_lambda": 0.22070229053497314,
 "bio_anchor_have": false
}