{
 "dataset": "Muraro",
 "mode": "learned_bio",
 "K": 4,
 "seed": 4,
 "n_markers": 128,
 "test_macro_f1": 81.74501069177404,
 "test_accuracy": 91.3657770800628,
 "n_features": 2000,
 "n_classes": 9,
 "n_samples": 2122,
 "learned_lambda": 0.22275198996067047,
 "bio_anchor_have": false
}