{
 "dataset": "Muraro",
 "mode": "learned",
 "K": 4,
 "seed": 3,
 "n_markers": 128,
 "test_macro_f1": 74.01226991650832,
 "test_accuracy": 84.45839874411303,
 "n_features": 2000,
 "n_classes": 9,
 "n_samples": 2122,
 "learned_lambda": 0.2216329574584961,
 "bio_anchor_have": false
}