{
 "dataset": "Muraro",
 "mode": "learned_anchor",
 "K": 4,
 "seed": 4,
 "n_markers": 128,
 "test_macro_f1": 87.82163430909478,
 "test_accuracy": 93.4065934065934,
 "n_features": 2000,
 "n_classes": 9,
 "n_samples": 2122,
 "learned_lambda": 0.21153157949447632,
 "bio_anchor_have": true
}