{
 "dataset": "Muraro",
 "mode": "learned_bigbio",
 "K": 4,
 "seed": 3,
 "n_markers": 128,
 "test_macro_f1": 67.47442133239973,
 "test_accuracy": 77.70800627943485,
 "n_features": 2000,
 "n_classes": 9,
 "n_samples": 2122,
 "learned_lambda": 0.22568918764591217,
 "bio_anchor_have": false
}