{
 "dataset": "Muraro",
 "mode": "learned_bigbio",
 "K": 4,
 "seed": 0,
 "n_markers": 128,
 "test_macro_f1": 74.66061294556287,
 "test_accuracy": 88.85400313971743,
 "n_features": 2000,
 "n_classes": 9,
 "n_samples": 2122,
 "learned_lambda": 0.21760070323944092,
 "bio_anchor_have": false
}