{
 "dataset": "Muraro",
 "mode": "learned_anchor",
 "K": 4,
 "seed": 2,
 "n_markers": 128,
 "test_macro_f1": 77.93786635511954,
 "test_accuracy": 91.67974882260597,
 "n_features": 2000,
 "n_classes": 9,
 "n_samples": 2122,
 "learned_lambda": 0.21387143433094025,
 "bio_anchor_have": true
}