{
 "dataset": "Muraro",
 "mode": "learned_anchor",
 "K": 4,
 "seed": 0,
 "n_markers": 128,
 "test_macro_f1": 65.4946434006572,
 "test_accuracy": 79.90580847723704,
 "n_features": 2000,
 "n_classes": 9,
 "n_samples": 2122,
 "learned_lambda": 0.2429652363061905,
 "bio_anchor_have": true
}