{
 "dataset": "Muraro",
 "mode": "learned_bigbio",
 "K": 4,
 "seed": 1,
 "n_markers": 128,
 "test_macro_f1": 79.48962567265505,
 "test_accuracy": 92.77864992150707,
 "n_features": 2000,
 "n_classes": 9,
 "n_samples": 2122,
 "learned_lambda": 0.21979328989982605,
 "bio_anchor_have": false
}