{
 "dataset": "Muraro",
 "mode": "learned_bio",
 "K": 4,
 "seed": 1,
 "n_markers": 128,
 "test_macro_f1": 74.51582194784349,
 "test_accuracy": 88.69701726844585,
 "n_features": 2000,
 "n_classes": 9,
 "n_samples": 2122,
 "learned_lambda": 0.21843531727790833,
 "bio_anchor_have": false
}