{
 "dataset": "Muraro",
 "mode": "learned_anchor",
 "K": 4,
 "seed": 3,
 "n_markers": 128,
 "test_macro_f1": 64.97523143835768,
 "test_accuracy": 79.74882260596546,
 "n_features": 2000,
 "n_classes": 9,
 "n_samples": 2122,
 "learned_lambda": 0.22393785417079926,
 "bio_anchor_have": true
}