{
 "dataset": "Muraro",
 "mode": "learned_anchor",
 "K": 4,
 "seed": 1,
 "n_markers": 128,
 "test_macro_f1": 83.44244324128829,
 "test_accuracy": 91.20879120879121,
 "n_features": 2000,
 "n_classes": 9,
 "n_samples": 2122,
 "learned_lambda": 0.2148945927619934,
 "bio_anchor_have": true
}