{
 "dataset": "baron",
 "config": "adaptive",
 "seed": 0,
 "n_classes": 13,
 "n_test": 2571,
 "nll": 0.4713228799511931,
 "ece": 0.03984128571544458,
 "brier": 0.21547077730773476,
 "conf": 0.8931149077742119,
 "auroc": 0.8461719181868436,
 "temperature": 1.3036929368972778,
 "nll_ts": 0.4396110540221631,
 "ece_ts": 0.011049989112038755,
 "brier_ts": 0.2122962280015896,
 "auroc_ts": 0.8503467510930198
}