{
 "dataset": "blca",
 "config": "adaptive",
 "seed": 0,
 "n_classes": 2,
 "n_test": 81,
 "nll": 8.117437133281408,
 "ece": 0.33168708414926085,
 "brier": 0.6392560879662571,
 "conf": 0.9772557180252102,
 "auroc": 0.5633423180592992,
 "temperature": 731.4280395507812,
 "nll_ts": 0.7410645736795662,
 "ece_ts": 0.14493317647177514,
 "brier_ts": 0.5027937050404268,
 "auroc_ts": 0.47102425876010784
}