{
 "dataset": "brca",
 "config": "adaptive",
 "seed": 0,
 "n_classes": 5,
 "n_test": 104,
 "nll": 1.5117982375626051,
 "ece": 0.22997089975880017,
 "brier": 0.7646297816635619,
 "conf": 0.2764140734454178,
 "auroc": 0.5136363636363637,
 "temperature": 0.6051487922668457,
 "nll_ts": 1.503644779894484,
 "ece_ts": 0.20592263897650923,
 "brier_ts": 0.7508899698753455,
 "auroc_ts": 0.5196969696969698
}