{
 "dataset": "lung",
 "config": "adaptive",
 "seed": 0,
 "n_classes": 25,
 "n_test": 17106,
 "nll": 0.6096193364678827,
 "ece": 0.02883136462213187,
 "brier": 0.293220827074151,
 "conf": 0.8183788918055763,
 "auroc": 0.8393805016700395,
 "temperature": 1.255692720413208,
 "nll_ts": 0.593254871652999,
 "ece_ts": 0.014197973934506829,
 "brier_ts": 0.292163926175448,
 "auroc_ts": 0.8410464279250374
}