{
 "dataset": "muraro",
 "config": "adaptive",
 "seed": 0,
 "n_classes": 9,
 "n_test": 637,
 "nll": 0.6252353386161881,
 "ece": 0.07031415363296271,
 "brier": 0.2652952858413431,
 "conf": 0.8954248057036723,
 "auroc": 0.8084526479213386,
 "temperature": 1.1686066389083862,
 "nll_ts": 0.5822386925870167,
 "ece_ts": 0.054263575902939634,
 "brier_ts": 0.26067983119004773,
 "auroc_ts": 0.8097119199585993
}