{
 "dataset": "oesophagus",
 "config": "adaptive",
 "seed": 0,
 "n_classes": 18,
 "n_test": 26385,
 "nll": 0.6383176747883978,
 "ece": 0.017714634582249467,
 "brier": 0.32351541381685606,
 "conf": 0.784870187954534,
 "auroc": 0.7888964723356042,
 "temperature": 1.0360547304153442,
 "nll_ts": 0.6375553045105924,
 "ece_ts": 0.014938419765428474,
 "brier_ts": 0.3235064047573356,
 "auroc_ts": 0.7880791922425191
}