{
 "dataset": "prostate",
 "config": "adaptive",
 "seed": 0,
 "n_classes": 2,
 "n_test": 203,
 "nll": 0.6694835978513075,
 "ece": 0.19725287241645248,
 "brier": 0.4763402717946735,
 "conf": 0.5303009303632191,
 "auroc": 0.5468637346791637,
 "temperature": 0.6116271615028381,
 "nll_ts": 0.6572323364134471,
 "ece_ts": 0.19175451089082385,
 "brier_ts": 0.4640460592519919,
 "auroc_ts": 0.5468637346791637
}