{
 "dataset": "spleen",
 "config": "adaptive",
 "seed": 0,
 "n_classes": 28,
 "n_test": 28239,
 "nll": 1.2786694139179526,
 "ece": 0.026745303331112545,
 "brier": 0.5576612897329462,
 "conf": 0.5999137780027884,
 "auroc": 0.7535019518830497,
 "temperature": 1.1500201225280762,
 "nll_ts": 1.268225845549387,
 "ece_ts": 0.025080747809906864,
 "brier_ts": 0.5568172106818358,
 "auroc_ts": 0.7555860176481316
}