{
 "dataset": "stad",
 "config": "adaptive",
 "seed": 0,
 "n_classes": 2,
 "n_test": 83,
 "nll": 7.33097504126767,
 "ece": 0.44882079897464583,
 "brier": 0.9003358952629738,
 "conf": 0.8511128519619293,
 "auroc": 0.6092261904761904,
 "temperature": 1126.7685546875,
 "nll_ts": 0.6996161498838737,
 "ece_ts": 0.10255275378345002,
 "brier_ts": 0.5072804759344777,
 "auroc_ts": 0.5761904761904763
}