{
 "dataset": "tcell",
 "config": "adaptive",
 "seed": 0,
 "n_classes": 7,
 "n_test": 7203,
 "nll": 0.9847157225706286,
 "ece": 0.13489532580264013,
 "brier": 0.5031308501857837,
 "conf": 0.562405363301982,
 "auroc": 0.67954947262078,
 "temperature": 0.857886016368866,
 "nll_ts": 0.9766065934200419,
 "ece_ts": 0.11072809358798048,
 "brier_ts": 0.49526219747734146,
 "auroc_ts": 0.6704355645104807
}