{
 "dataset": "common_class",
 "n_samples": 27499,
 "n_features": 1089,
 "n_classes": 19,
 "n_train": 16361,
 "n_test": 8250,
 "transformer_params": 74880,
 "total_params": 214503,
 "config": {
  "heads": [
   "cell_type"
  ],
  "cohorts": null,
  "n_hvg": null,
  "n_channels": 1,
  "batch_size": 128,
  "val_frac": 0.15,
  "test_frac": 0.15,
  "d_model": 96,
  "n_heads": 4,
  "d_ff": 192,
  "dropout": 0.1,
  "n_markers": 128,
  "marker_mode": "router",
  "pathway_pool": "mean",
  "compress_mode": "aggregate",
  "recursive_marker_refine": true,
  "peak_init": true,
  "anneal_markers": true,
  "recursion_depth": 1,
  "share_weights": true,
  "adaptive_depth": false,
  "marker_ffn": false,
  "recursion_mode": "expert",
  "router_capacity": null,
  "router_alpha": 1.0,
  "router_temp": 1.0,
  "router_type": "linear",
  "router_z_coeff": 0.001,
  "router_balance_coeff": 0.1,
  "gene_interaction": "none",
  "interaction_knn": 16,
  "router_prior_beta": 1.0,
  "router_prior_anneal": true,
  "pathway_attn_bias": false,
  "pathway_attn_lambda": 2.0,
  "lambda_marker": 0.1,
  "gamma_diversity": 0.05,
  "beta_compression": 0.01,
  "lr": 0.001,
  "weight_decay": 1e-05,
  "epochs": 150,
  "patience": 15,
  "seed": 1,
  "device": "cuda"
 },
 "heads": {
  "cell_type": {
   "accuracy": 0.8081212121212121,
   "macro_f1": 0.6718428992175641,
   "weighted_f1": 0.8149490404570254,
   "per_class": {
    "0": {
     "precision": 0.7037037037037037,
     "recall": 0.75,
     "f1-score": 0.7261146496815286,
     "support": 76.0
    },
    "1": {
     "precision": 0.6518987341772152,
     "recall": 0.6299694189602446,
     "f1-score": 0.640746500777605,
     "support": 327.0
    },
    "2": {
     "precision": 0.8592233009708737,
     "recall": 0.7436974789915967,
     "f1-score": 0.7972972972972973,
     "support": 238.0
    },
    "3": {
     "precision": 0.5291479820627802,
     "recall": 0.7065868263473054,
     "f1-score": 0.6051282051282051,
     "support": 167.0
    },
    "4": {
     "precision": 0.8881118881118881,
     "recall": 0.79375,
     "f1-score": 0.8382838283828383,
     "support": 160.0
    },
    "5": {
     "precision": 0.5441176470588235,
     "recall": 0.6040816326530613,
     "f1-score": 0.5725338491295938,
     "support": 245.0
    },
    "6": {
     "precision": 0.6222222222222222,
     "recall": 0.7058823529411765,
     "f1-score": 0.6614173228346457,
     "support": 119.0
    },
    "7": {
     "precision": 0.7222963951935915,
     "recall": 0.8062593144560357,
     "f1-score": 0.7619718309859155,
     "support": 671.0
    },
    "8": {
     "precision": 0.6821705426356589,
     "recall": 0.6111111111111112,
     "f1-score": 0.6446886446886447,
     "support": 144.0
    },
    "9": {
     "precision": 0.6711111111111111,
     "recall": 0.7330097087378641,
     "f1-score": 0.7006960556844548,
     "support": 412.0
    },
    "10": {
     "precision": 0.6149425287356322,
     "recall": 0.6445783132530121,
     "f1-score": 0.6294117647058823,
     "support": 166.0
    },
    "11": {
     "precision": 0.8299776286353467,
     "recall": 0.726027397260274,
     "f1-score": 0.7745302713987474,
     "support": 511.0
    },
    "12": {
     "precision": 0.6160130718954249,
     "recall": 0.7140151515151515,
     "f1-score": 0.6614035087719298,
     "support": 528.0
    },
    "13": {
     "precision": 0.25396825396825395,
     "recall": 0.6808510638297872,
     "f1-score": 0.3699421965317919,
     "support": 94.0
    },
    "14": {
     "precision": 0.3,
     "recall": 0.42857142857142855,
     "f1-score": 0.35294117647058826,
     "support": 14.0
    },
    "15": {
     "precision": 0.5038759689922481,
     "recall": 0.32338308457711445,
     "f1-score": 0.3939393939393939,
     "support": 201.0
    },
    "16": {
     "precision": 0.974472807991121,
     "recall": 0.9932126696832579,
     "f1-score": 0.9837535014005602,
     "support": 884.0
    },
    "17": {
     "precision": 0.9835515273581739,
     "recall": 0.8971218616044091,
     "f1-score": 0.9383506805444356,
     "support": 3266.0
    },
    "18": {
     "precision": 0.65625,
     "recall": 0.7777777777777778,
     "f1-score": 0.711864406779661,
     "support": 27.0
    },
    "accuracy": 0.8081212121212121,
    "macro avg": {
     "precision": 0.6635292270960036,
     "recall": 0.6984150838037163,
     "f1-score": 0.6718428992175641,
     "support": 8250.0
    },
    "weighted avg": {
     "precision": 0.8291631066153843,
     "recall": 0.8081212121212121,
     "f1-score": 0.8149490404570254,
     "support": 8250.0
    }
   }
  }
 }
}