{
 "dataset": "prototype",
 "n_samples": 90579,
 "n_features": 752,
 "n_classes": 10,
 "n_train": 53894,
 "n_test": 27174,
 "transformer_params": 74880,
 "total_params": 180405,
 "config": {
  "heads": [
   "cell_type"
  ],
  "cohorts": null,
  "n_hvg": null,
  "n_channels": 1,
  "batch_size": 128,
  "val_frac": 0.15,
  "test_frac": 0.15,
  "d_model": 96,
  "n_heads": 4,
  "d_ff": 192,
  "dropout": 0.1,
  "n_markers": 128,
  "marker_mode": "router",
  "pathway_pool": "mean",
  "compress_mode": "aggregate",
  "recursive_marker_refine": true,
  "peak_init": true,
  "anneal_markers": true,
  "recursion_depth": 1,
  "share_weights": true,
  "adaptive_depth": false,
  "marker_ffn": false,
  "recursion_mode": "expert",
  "router_capacity": null,
  "router_alpha": 1.0,
  "router_temp": 1.0,
  "router_type": "linear",
  "router_z_coeff": 0.001,
  "router_balance_coeff": 0.1,
  "gene_interaction": "none",
  "interaction_knn": 16,
  "router_prior_beta": 1.0,
  "router_prior_anneal": true,
  "pathway_attn_bias": false,
  "pathway_attn_lambda": 2.0,
  "lambda_marker": 0.1,
  "gamma_diversity": 0.05,
  "beta_compression": 0.01,
  "lr": 0.001,
  "weight_decay": 1e-05,
  "epochs": 150,
  "patience": 15,
  "seed": 1,
  "device": "cuda"
 },
 "heads": {
  "cell_type": {
   "accuracy": 0.9409729888864355,
   "macro_f1": 0.937284506980153,
   "weighted_f1": 0.941065662239076,
   "per_class": {
    "0": {
     "precision": 0.9670454545454545,
     "recall": 0.9906868451688009,
     "f1-score": 0.9787234042553191,
     "support": 859.0
    },
    "1": {
     "precision": 0.9355769230769231,
     "recall": 0.9586206896551724,
     "f1-score": 0.9469586374695864,
     "support": 1015.0
    },
    "2": {
     "precision": 0.9434315100514259,
     "recall": 0.940354147250699,
     "f1-score": 0.9418903150525088,
     "support": 2146.0
    },
    "3": {
     "precision": 0.9499599679743795,
     "recall": 0.936094674556213,
     "f1-score": 0.9429763560500696,
     "support": 2535.0
    },
    "4": {
     "precision": 0.9049008168028004,
     "recall": 0.9123529411764706,
     "f1-score": 0.9086115992970123,
     "support": 1700.0
    },
    "5": {
     "precision": 0.8478549314462627,
     "recall": 0.8987341772151899,
     "f1-score": 0.8725534820209376,
     "support": 2133.0
    },
    "6": {
     "precision": 0.9357762017336485,
     "recall": 0.8806080830552465,
     "f1-score": 0.9073543457497613,
     "support": 2697.0
    },
    "7": {
     "precision": 0.945941155618575,
     "recall": 0.9597194749145838,
     "f1-score": 0.9527805052218156,
     "support": 5561.0
    },
    "8": {
     "precision": 0.9411610191752036,
     "recall": 0.9451332102347666,
     "f1-score": 0.9431429323506186,
     "support": 3791.0
    },
    "9": {
     "precision": 0.9864661654135338,
     "recall": 0.969389909225248,
     "f1-score": 0.9778534923339012,
     "support": 4737.0
    },
    "accuracy": 0.9409729888864355,
    "macro avg": {
     "precision": 0.9358114145838206,
     "recall": 0.939169415245239,
     "f1-score": 0.937284506980153,
     "support": 27174.0
    },
    "weighted avg": {
     "precision": 0.9415198333270892,
     "recall": 0.9409729888864355,
     "f1-score": 0.941065662239076,
     "support": 27174.0
    }
   }
  }
 }
}