{
 "dataset": "tabula_muris",
 "n_samples": 54865,
 "n_features": 1089,
 "n_classes": 55,
 "n_train": 32645,
 "n_test": 16458,
 "transformer_params": 74880,
 "total_params": 221487,
 "config": {
  "heads": [
   "cell_type"
  ],
  "cohorts": null,
  "n_hvg": null,
  "n_channels": 1,
  "batch_size": 128,
  "val_frac": 0.15,
  "test_frac": 0.15,
  "d_model": 96,
  "n_heads": 4,
  "d_ff": 192,
  "dropout": 0.1,
  "n_markers": 128,
  "marker_mode": "router",
  "compress_mode": "aggregate",
  "recursive_marker_refine": true,
  "peak_init": true,
  "anneal_markers": true,
  "recursion_depth": 1,
  "share_weights": true,
  "adaptive_depth": false,
  "marker_ffn": false,
  "recursion_mode": "expert",
  "router_capacity": null,
  "router_alpha": 1.0,
  "router_temp": 1.0,
  "router_type": "linear",
  "router_z_coeff": 0.001,
  "router_balance_coeff": 0.1,
  "gene_interaction": "none",
  "interaction_knn": 16,
  "router_prior_beta": 1.0,
  "router_prior_anneal": true,
  "lambda_marker": 0.1,
  "gamma_diversity": 0.05,
  "beta_compression": 0.01,
  "lr": 0.001,
  "weight_decay": 1e-05,
  "epochs": 150,
  "patience": 15,
  "seed": 1,
  "device": "cuda"
 },
 "heads": {
  "cell_type": {
   "accuracy": 0.8121278405638596,
   "macro_f1": 0.7213836793336431,
   "weighted_f1": 0.8153544013350463,
   "per_class": {
    "0": {
     "precision": 0.9350021958717611,
     "recall": 0.8557073954983923,
     "f1-score": 0.8935991605456454,
     "support": 2488.0
    },
    "1": {
     "precision": 0.47368421052631576,
     "recall": 0.6923076923076923,
     "f1-score": 0.5625,
     "support": 13.0
    },
    "2": {
     "precision": 0.7222222222222222,
     "recall": 0.65,
     "f1-score": 0.6842105263157895,
     "support": 20.0
    },
    "3": {
     "precision": 0.5714285714285714,
     "recall": 0.7272727272727273,
     "f1-score": 0.64,
     "support": 11.0
    },
    "4": {
     "precision": 0.8820754716981132,
     "recall": 0.8480725623582767,
     "f1-score": 0.8647398843930636,
     "support": 1323.0
    },
    "5": {
     "precision": 0.9803921568627451,
     "recall": 0.9615384615384616,
     "f1-score": 0.970873786407767,
     "support": 104.0
    },
    "6": {
     "precision": 0.9105691056910569,
     "recall": 0.9491525423728814,
     "f1-score": 0.9294605809128631,
     "support": 118.0
    },
    "7": {
     "precision": 0.9508825786646201,
     "recall": 0.9336850037678975,
     "f1-score": 0.9422053231939164,
     "support": 1327.0
    },
    "8": {
     "precision": 0.8947368421052632,
     "recall": 0.9444444444444444,
     "f1-score": 0.918918918918919,
     "support": 18.0
    },
    "9": {
     "precision": 0.7278911564625851,
     "recall": 0.889196675900277,
     "f1-score": 0.800498753117207,
     "support": 361.0
    },
    "10": {
     "precision": 0.9667590027700831,
     "recall": 0.9971428571428571,
     "f1-score": 0.9817158931082982,
     "support": 350.0
    },
    "11": {
     "precision": 0.5346938775510204,
     "recall": 0.7660818713450293,
     "f1-score": 0.6298076923076923,
     "support": 342.0
    },
    "12": {
     "precision": 0.6428571428571429,
     "recall": 1.0,
     "f1-score": 0.782608695652174,
     "support": 18.0
    },
    "13": {
     "precision": 0.9090909090909091,
     "recall": 0.6666666666666666,
     "f1-score": 0.7692307692307693,
     "support": 15.0
    },
    "14": {
     "precision": 0.5833333333333334,
     "recall": 0.5833333333333334,
     "f1-score": 0.5833333333333334,
     "support": 48.0
    },
    "15": {
     "precision": 0.7142857142857143,
     "recall": 0.7692307692307693,
     "f1-score": 0.7407407407407407,
     "support": 13.0
    },
    "16": {
     "precision": 0.4444444444444444,
     "recall": 1.0,
     "f1-score": 0.6153846153846154,
     "support": 8.0
    },
    "17": {
     "precision": 0.5862068965517241,
     "recall": 0.8947368421052632,
     "f1-score": 0.7083333333333334,
     "support": 19.0
    },
    "18": {
     "precision": 0.8947368421052632,
     "recall": 0.8947368421052632,
     "f1-score": 0.8947368421052632,
     "support": 19.0
    },
    "19": {
     "precision": 0.9325842696629213,
     "recall": 0.5838218053927315,
     "f1-score": 0.7180966113914924,
     "support": 853.0
    },
    "20": {
     "precision": 0.38461538461538464,
     "recall": 0.625,
     "f1-score": 0.47619047619047616,
     "support": 8.0
    },
    "21": {
     "precision": 0.6489028213166145,
     "recall": 0.7931034482758621,
     "f1-score": 0.7137931034482758,
     "support": 261.0
    },
    "22": {
     "precision": 0.8958333333333334,
     "recall": 0.9347826086956522,
     "f1-score": 0.9148936170212766,
     "support": 46.0
    },
    "23": {
     "precision": 0.6285714285714286,
     "recall": 0.6470588235294118,
     "f1-score": 0.6376811594202898,
     "support": 68.0
    },
    "24": {
     "precision": 0.9029535864978903,
     "recall": 0.981651376146789,
     "f1-score": 0.9406593406593406,
     "support": 218.0
    },
    "25": {
     "precision": 0.967741935483871,
     "recall": 0.7964601769911505,
     "f1-score": 0.8737864077669902,
     "support": 113.0
    },
    "26": {
     "precision": 0.8166666666666667,
     "recall": 0.8305084745762712,
     "f1-score": 0.8235294117647058,
     "support": 118.0
    },
    "27": {
     "precision": 0.9942965779467681,
     "recall": 0.9886578449905482,
     "f1-score": 0.9914691943127962,
     "support": 529.0
    },
    "28": {
     "precision": 0.07258064516129033,
     "recall": 0.5294117647058824,
     "f1-score": 0.1276595744680851,
     "support": 34.0
    },
    "29": {
     "precision": 0.7269155206286837,
     "recall": 0.9113300492610837,
     "f1-score": 0.8087431693989071,
     "support": 406.0
    },
    "30": {
     "precision": 0.9351351351351351,
     "recall": 0.9371614301191766,
     "f1-score": 0.9361471861471862,
     "support": 923.0
    },
    "31": {
     "precision": 0.5240641711229946,
     "recall": 0.8305084745762712,
     "f1-score": 0.6426229508196721,
     "support": 118.0
    },
    "32": {
     "precision": 0.07894736842105263,
     "recall": 0.42857142857142855,
     "f1-score": 0.13333333333333333,
     "support": 14.0
    },
    "33": {
     "precision": 0.7105263157894737,
     "recall": 0.6090225563909775,
     "f1-score": 0.6558704453441295,
     "support": 133.0
    },
    "34": {
     "precision": 0.6896551724137931,
     "recall": 0.851063829787234,
     "f1-score": 0.7619047619047619,
     "support": 141.0
    },
    "35": {
     "precision": 0.9915492957746479,
     "recall": 0.9805013927576601,
     "f1-score": 0.9859943977591037,
     "support": 359.0
    },
    "36": {
     "precision": 0.8089887640449438,
     "recall": 0.9113924050632911,
     "f1-score": 0.8571428571428571,
     "support": 79.0
    },
    "37": {
     "precision": 0.3,
     "recall": 0.5567010309278351,
     "f1-score": 0.3898916967509025,
     "support": 97.0
    },
    "38": {
     "precision": 0.9236111111111112,
     "recall": 0.9637681159420289,
     "f1-score": 0.9432624113475178,
     "support": 138.0
    },
    "39": {
     "precision": 0.6912751677852349,
     "recall": 0.7410071942446043,
     "f1-score": 0.7152777777777778,
     "support": 139.0
    },
    "40": {
     "precision": 0.5136986301369864,
     "recall": 0.1893939393939394,
     "f1-score": 0.2767527675276753,
     "support": 396.0
    },
    "41": {
     "precision": 0.4666666666666667,
     "recall": 1.0,
     "f1-score": 0.6363636363636364,
     "support": 7.0
    },
    "42": {
     "precision": 0.7857142857142857,
     "recall": 0.7333333333333333,
     "f1-score": 0.7586206896551724,
     "support": 15.0
    },
    "43": {
     "precision": 0.9740082079343365,
     "recall": 0.907391673746814,
     "f1-score": 0.9395205630085771,
     "support": 2354.0
    },
    "44": {
     "precision": 0.346448087431694,
     "recall": 0.9296187683284457,
     "f1-score": 0.5047770700636943,
     "support": 341.0
    },