{
 "dataset": "common_class",
 "n_samples": 27499,
 "n_features": 1089,
 "n_classes": 19,
 "n_train": 16361,
 "n_test": 8250,
 "transformer_params": 224352,
 "total_params": 363975,
 "config": {
  "heads": [
   "cell_type"
  ],
  "cohorts": null,
  "n_hvg": null,
  "n_channels": 1,
  "batch_size": 128,
  "val_frac": 0.15,
  "test_frac": 0.15,
  "d_model": 96,
  "n_heads": 4,
  "d_ff": 192,
  "dropout": 0.1,
  "n_markers": 128,
  "marker_mode": "router",
  "pathway_pool": "mean",
  "compress_mode": "aggregate",
  "recursive_marker_refine": true,
  "peak_init": true,
  "anneal_markers": true,
  "recursion_depth": 6,
  "share_weights": true,
  "share_strategy": "middle_cycle",
  "n_unique_blocks": 3,
  "step_cache": false,
  "adaptive_depth": false,
  "marker_ffn": false,
  "recursion_mode": "fixed",
  "router_capacity": null,
  "router_alpha": 1.0,
  "router_temp": 1.0,
  "router_type": "linear",
  "router_z_coeff": 0.001,
  "router_balance_coeff": 0.1,
  "gene_interaction": "none",
  "interaction_knn": 16,
  "router_prior_beta": 1.0,
  "router_prior_anneal": true,
  "pathway_attn_bias": false,
  "pathway_attn_lambda": 2.0,
  "lambda_marker": 0.1,
  "gamma_diversity": 0.05,
  "beta_compression": 0.01,
  "lr": 0.001,
  "weight_decay": 1e-05,
  "epochs": 80,
  "patience": 12,
  "seed": 0,
  "device": "cuda"
 },
 "heads": {
  "cell_type": {
   "accuracy": 0.8383030303030303,
   "macro_f1": 0.6695261123592495,
   "weighted_f1": 0.8390846424730506,
   "per_class": {
    "0": {
     "precision": 0.6056338028169014,
     "recall": 0.5657894736842105,
     "f1-score": 0.5850340136054422,
     "support": 76.0
    },
    "1": {
     "precision": 0.6582278481012658,
     "recall": 0.636085626911315,
     "f1-score": 0.6469673405909798,
     "support": 327.0
    },
    "2": {
     "precision": 0.6850393700787402,
     "recall": 0.36554621848739494,
     "f1-score": 0.4767123287671233,
     "support": 238.0
    },
    "3": {
     "precision": 0.5055350553505535,
     "recall": 0.8203592814371258,
     "f1-score": 0.6255707762557078,
     "support": 167.0
    },
    "4": {
     "precision": 0.6968085106382979,
     "recall": 0.81875,
     "f1-score": 0.7528735632183908,
     "support": 160.0
    },
    "5": {
     "precision": 0.7074235807860262,
     "recall": 0.6612244897959184,
     "f1-score": 0.6835443037974683,
     "support": 245.0
    },
    "6": {
     "precision": 0.4175257731958763,
     "recall": 0.680672268907563,
     "f1-score": 0.5175718849840255,
     "support": 119.0
    },
    "7": {
     "precision": 0.9095477386934674,
     "recall": 0.8092399403874814,
     "f1-score": 0.8564668769716088,
     "support": 671.0
    },
    "8": {
     "precision": 0.43,
     "recall": 0.5972222222222222,
     "f1-score": 0.5,
     "support": 144.0
    },
    "9": {
     "precision": 0.8434163701067615,
     "recall": 0.5752427184466019,
     "f1-score": 0.683982683982684,
     "support": 412.0
    },
    "10": {
     "precision": 0.6927374301675978,
     "recall": 0.7469879518072289,
     "f1-score": 0.7188405797101449,
     "support": 166.0
    },
    "11": {
     "precision": 0.8546255506607929,
     "recall": 0.7592954990215264,
     "f1-score": 0.8041450777202073,
     "support": 511.0
    },
    "12": {
     "precision": 0.8714011516314779,
     "recall": 0.8598484848484849,
     "f1-score": 0.86558627264061,
     "support": 528.0
    },
    "13": {
     "precision": 0.310126582278481,
     "recall": 0.5212765957446809,
     "f1-score": 0.3888888888888889,
     "support": 94.0
    },
    "14": {
     "precision": 0.5416666666666666,
     "recall": 0.9285714285714286,
     "f1-score": 0.6842105263157895,
     "support": 14.0
    },
    "15": {
     "precision": 0.4506172839506173,
     "recall": 0.36318407960199006,
     "f1-score": 0.4022038567493113,
     "support": 201.0
    },
    "16": {
     "precision": 0.9640852974186308,
     "recall": 0.9717194570135747,
     "f1-score": 0.967887323943662,
     "support": 884.0
    },
    "17": {
     "precision": 0.9654861944777912,
     "recall": 0.984996938150643,
     "f1-score": 0.9751439830251591,
     "support": 3266.0
    },
    "18": {
     "precision": 0.43636363636363634,
     "recall": 0.8888888888888888,
     "f1-score": 0.5853658536585366,
     "support": 27.0
    },
    "accuracy": 0.8383030303030303,
    "macro avg": {
     "precision": 0.6603298864938727,
     "recall": 0.7134158717856988,
     "f1-score": 0.6695261123592495,
     "support": 8250.0
    },
    "weighted avg": {
     "precision": 0.850832545343108,
     "recall": 0.8383030303030303,
     "f1-score": 0.8390846424730506,
     "support": 8250.0
    }
   }
  }
 }
}