{
 "dataset": "Tcell",
 "mode": "learned",
 "K": 4,
 "seed": 1,
 "n_markers": 128,
 "test_macro_f1": 69.2224071724203,
 "test_accuracy": 83.72900180480354,
 "val_macro_f1": 69.91800439008546,
 "n_features": 1089,
 "n_classes": 7,
 "n_samples": 24007,
 "learned_lambda": 0.30747559666633606,
 "bio_anchor_have": false
}