{
 "dataset": "Tcell",
 "mode": "learned",
 "K": 4,
 "seed": 2,
 "n_markers": 128,
 "test_macro_f1": 69.21479793250474,
 "test_accuracy": 84.04831320283215,
 "val_macro_f1": 69.51471351020916,
 "n_features": 1089,
 "n_classes": 7,
 "n_samples": 24007,
 "learned_lambda": 0.36114704608917236,
 "bio_anchor_have": false
}