{
 "dataset": "Tcell",
 "mode": "learned",
 "K": 4,
 "seed": 0,
 "n_markers": 128,
 "test_macro_f1": 68.07745840030675,
 "test_accuracy": 79.11981118978203,
 "val_macro_f1": 68.09094878328838,
 "n_features": 1089,
 "n_classes": 7,
 "n_samples": 24007,
 "learned_lambda": 0.3038822114467621,
 "bio_anchor_have": false
}