{
 "dataset": "Xin",
 "mode": "learned_bigbio",
 "K": 4,
 "seed": 2,
 "n_markers": 128,
 "test_macro_f1": 79.79669613729156,
 "test_accuracy": 94.19642857142857,
 "n_features": 2000,
 "n_classes": 4,
 "n_samples": 1492,
 "learned_lambda": 0.21651722490787506,
 "bio_anchor_have": false
}