{
 "dataset": "Xin",
 "mode": "learned_bio",
 "K": 4,
 "seed": 0,
 "n_markers": 128,
 "test_macro_f1": 55.22402159244264,
 "test_accuracy": 81.91964285714286,
 "n_features": 2000,
 "n_classes": 4,
 "n_samples": 1492,
 "learned_lambda": 0.2042199820280075,
 "bio_anchor_have": false
}