{
 "dataset": "Xin",
 "mode": "learned",
 "K": 4,
 "seed": 2,
 "n_markers": 128,
 "test_macro_f1": 77.76844765229205,
 "test_accuracy": 91.96428571428571,
 "n_features": 2000,
 "n_classes": 4,
 "n_samples": 1492,
 "learned_lambda": 0.21657589077949524,
 "bio_anchor_have": false
}