{
 "dataset": "Xin",
 "mode": "learned_bio",
 "K": 4,
 "seed": 4,
 "n_markers": 128,
 "test_macro_f1": 62.32104969424452,
 "test_accuracy": 85.04464285714286,
 "n_features": 2000,
 "n_classes": 4,
 "n_samples": 1492,
 "learned_lambda": 0.20758353173732758,
 "bio_anchor_have": false
}