{
 "dataset": "Xin",
 "mode": "learned_bigbio",
 "K": 4,
 "seed": 1,
 "n_markers": 128,
 "test_macro_f1": 62.0644785385442,
 "test_accuracy": 86.60714285714286,
 "n_features": 2000,
 "n_classes": 4,
 "n_samples": 1492,
 "learned_lambda": 0.2103181779384613,
 "bio_anchor_have": false
}