{
 "dataset": "Xin",
 "mode": "learned_anchor",
 "K": 4,
 "seed": 1,
 "n_markers": 128,
 "test_macro_f1": 66.72425877707805,
 "test_accuracy": 86.60714285714286,
 "n_features": 2000,
 "n_classes": 4,
 "n_samples": 1492,
 "learned_lambda": 0.21657423675060272,
 "bio_anchor_have": true
}