{
 "dataset": "Xin",
 "mode": "learned",
 "K": 4,
 "seed": 3,
 "n_markers": 128,
 "test_macro_f1": 70.81850470844778,
 "test_accuracy": 89.50892857142857,
 "n_features": 2000,
 "n_classes": 4,
 "n_samples": 1492,
 "learned_lambda": 0.20993222296237946,
 "bio_anchor_have": false
}