{
 "dataset": "Xin",
 "mode": "learned_anchor",
 "K": 4,
 "seed": 4,
 "n_markers": 128,
 "test_macro_f1": 81.20341894175152,
 "test_accuracy": 93.97321428571429,
 "n_features": 2000,
 "n_classes": 4,
 "n_samples": 1492,
 "learned_lambda": 0.2071208655834198,
 "bio_anchor_have": true
}