{
 "dataset": "Xin",
 "mode": "learned_bigbio",
 "K": 4,
 "seed": 3,
 "n_markers": 128,
 "test_macro_f1": 69.29242998785253,
 "test_accuracy": 90.40178571428571,
 "n_features": 2000,
 "n_classes": 4,
 "n_samples": 1492,
 "learned_lambda": 0.2167869210243225,
 "bio_anchor_have": false
}