{
 "dataset": "Xin",
 "mode": "learned_bigbio",
 "K": 4,
 "seed": 4,
 "n_markers": 128,
 "test_macro_f1": 65.59766099239783,
 "test_accuracy": 88.61607142857143,
 "n_features": 2000,
 "n_classes": 4,
 "n_samples": 1492,
 "learned_lambda": 0.21804825961589813,
 "bio_anchor_have": false
}