{
 "dataset": "Xin",
 "mode": "learned",
 "K": 4,
 "seed": 4,
 "n_markers": 128,
 "test_macro_f1": 65.21456723868769,
 "test_accuracy": 86.60714285714286,
 "n_features": 2000,
 "n_classes": 4,
 "n_samples": 1492,
 "learned_lambda": 0.209672212600708,
 "bio_anchor_have": false
}