{
 "dataset": "Xin",
 "mode": "learned_anchor",
 "K": 4,
 "seed": 3,
 "n_markers": 128,
 "test_macro_f1": 57.99069221037412,
 "test_accuracy": 81.69642857142857,
 "n_features": 2000,
 "n_classes": 4,
 "n_samples": 1492,
 "learned_lambda": 0.2280282825231552,
 "bio_anchor_have": true
}