{
 "dataset": "Xin",
 "mode": "learned_bigbio",
 "K": 4,
 "seed": 0,
 "n_markers": 128,
 "test_macro_f1": 65.78134595238956,
 "test_accuracy": 88.83928571428571,
 "n_features": 2000,
 "n_classes": 4,
 "n_samples": 1492,
 "learned_lambda": 0.21413065493106842,
 "bio_anchor_have": false
}