{
 "dataset": "Xin",
 "mode": "learned_anchor",
 "K": 4,
 "seed": 2,
 "n_markers": 128,
 "test_macro_f1": 73.85502164280055,
 "test_accuracy": 90.84821428571429,
 "n_features": 2000,
 "n_classes": 4,
 "n_samples": 1492,
 "learned_lambda": 0.22562991082668304,
 "bio_anchor_have": true
}