{
 "dataset": "Xin",
 "mode": "learned_anchor",
 "K": 4,
 "seed": 0,
 "n_markers": 128,
 "test_macro_f1": 67.75140228892607,
 "test_accuracy": 89.73214285714286,
 "n_features": 2000,
 "n_classes": 4,
 "n_samples": 1492,
 "learned_lambda": 0.23560085892677307,
 "bio_anchor_have": true
}