{
 "dataset": "Baron",
 "mode": "learned_anchor",
 "K": 4,
 "seed": 0,
 "n_markers": 128,
 "test_macro_f1": 69.70897729060948,
 "test_accuracy": 90.62621548035784,
 "val_macro_f1": 83.12690733032782,
 "n_features": 2000,
 "n_classes": 13,
 "n_samples": 8569,
 "learned_lambda": 0.32605406641960144,
 "bio_anchor_have": true
}