{
 "dataset": "Baron",
 "mode": "learned_anchor",
 "K": 4,
 "seed": 1,
 "n_markers": 128,
 "test_macro_f1": 68.59825833826044,
 "test_accuracy": 89.6927265655387,
 "val_macro_f1": 78.28971249731367,
 "n_features": 2000,
 "n_classes": 13,
 "n_samples": 8569,
 "learned_lambda": 0.3078359067440033,
 "bio_anchor_have": true
}