{
 "dataset": "Baron",
 "mode": "learned_anchor",
 "K": 4,
 "seed": 2,
 "n_markers": 128,
 "test_macro_f1": 70.5709089609313,
 "test_accuracy": 92.22092570984053,
 "val_macro_f1": 67.5120809223389,
 "n_features": 2000,
 "n_classes": 13,
 "n_samples": 8569,
 "learned_lambda": 0.3211590647697449,
 "bio_anchor_have": true
}