{
 "task": "pathologic_stage",
 "n_samples": 505,
 "n_genes": 20530,
 "n_classes": 4,
 "n_train": 343,
 "n_test": 101,
 "transformer_params": 530432,
 "total_params": 3225737,
 "mean_recursion_depth": 2.75,
 "compute_saving_ratio": 0.6015625,
 "config": {
  "heads": [
   "pathologic_stage"
  ],
  "cohorts": null,
  "n_hvg": null,
  "batch_size": 32,
  "val_frac": 0.15,
  "test_frac": 0.15,
  "d_model": 128,
  "n_heads": 4,
  "d_ff": 256,
  "dropout": 0.1,
  "n_markers": 256,
  "marker_mode": "router",
  "compress_mode": "aggregate",
  "recursive_marker_refine": true,
  "peak_init": true,
  "anneal_markers": true,
  "recursion_depth": 4,
  "share_weights": false,
  "adaptive_depth": false,
  "marker_ffn": false,
  "recursion_mode": "expert",
  "router_capacity": null,
  "router_alpha": 1.0,
  "router_temp": 1.0,
  "router_type": "linear",
  "router_z_coeff": 0.001,
  "router_balance_coeff": 0.1,
  "gene_interaction": "none",
  "interaction_knn": 16,
  "router_prior_beta": 1.0,
  "router_prior_anneal": true,
  "lambda_marker": 0.1,
  "gamma_diversity": 0.05,
  "beta_compression": 0.01,
  "lr": 0.0003,
  "weight_decay": 0.01,
  "epochs": 40,
  "patience": 8,
  "seed": 42,
  "device": "cuda"
 },
 "heads": {
  "pathologic_stage": {
   "accuracy": 0.31683168316831684,
   "macro_f1": 0.24205534160604764,
   "weighted_f1": 0.3361043678180398,
   "per_class": {
    "0": {
     "precision": 0.6216216216216216,
     "recall": 0.39655172413793105,
     "f1-score": 0.4842105263157895,
     "support": 58.0
    },
    "1": {
     "precision": 0.12903225806451613,
     "recall": 0.4,
     "f1-score": 0.1951219512195122,
     "support": 10.0
    },
    "2": {
     "precision": 0.125,
     "recall": 0.045454545454545456,
     "f1-score": 0.06666666666666667,
     "support": 22.0
    },
    "3": {
     "precision": 0.16,
     "recall": 0.36363636363636365,
     "f1-score": 0.2222222222222222,
     "support": 11.0
    },
    "accuracy": 0.31683168316831684,
    "macro avg": {
     "precision": 0.2589134699215344,
     "recall": 0.30141065830721003,
     "f1-score": 0.24205534160604764,
     "support": 101.0
    },
    "weighted avg": {
     "precision": 0.41439976866038825,
     "recall": 0.31683168316831684,
     "f1-score": 0.3361043678180398,
     "support": 101.0
    }
   }
  }
 }
}