{
 "dataset": "Lung",
 "mode": "learned_bio",
 "K": 4,
 "seed": 1,
 "n_markers": 128,
 "test_macro_f1": 78.6527878642309,
 "test_accuracy": 86.67134338828481,
 "n_features": 1089,
 "n_classes": 25,
 "n_samples": 57020,
 "learned_lambda": 0.7399821877479553,
 "bio_anchor_have": false
}