{
 "dataset": "Lung",
 "mode": "learned_bio",
 "K": 4,
 "seed": 3,
 "n_markers": 128,
 "test_macro_f1": 80.6799000800962,
 "test_accuracy": 87.6593008301181,
 "n_features": 1089,
 "n_classes": 25,
 "n_samples": 57020,
 "learned_lambda": 0.5770502090454102,
 "bio_anchor_have": false
}