{
 "dataset": "Lung",
 "mode": "learned_bigbio",
 "K": 4,
 "seed": 4,
 "n_markers": 128,
 "test_macro_f1": 79.07873916883885,
 "test_accuracy": 86.02829416578977,
 "n_features": 1089,
 "n_classes": 25,
 "n_samples": 57020,
 "learned_lambda": 0.5455343127250671,
 "bio_anchor_have": false
}