{
 "dataset": "Lung",
 "mode": "learned_anchor",
 "K": 4,
 "seed": 3,
 "n_markers": 128,
 "test_macro_f1": 73.72876063924231,
 "test_accuracy": 81.66725125686894,
 "n_features": 1089,
 "n_classes": 25,
 "n_samples": 57020,
 "learned_lambda": 0.25040295720100403,
 "bio_anchor_have": true
}