{
 "dataset": "Lung",
 "mode": "learned",
 "K": 4,
 "seed": 4,
 "n_markers": 128,
 "test_macro_f1": 81.15192148526843,
 "test_accuracy": 87.0688647258272,
 "n_features": 1089,
 "n_classes": 25,
 "n_samples": 57020,
 "learned_lambda": 0.544737696647644,
 "bio_anchor_have": false
}