{
 "dataset": "Lung",
 "mode": "learned_bio",
 "K": 4,
 "seed": 4,
 "n_markers": 128,
 "test_macro_f1": 79.36959440851078,
 "test_accuracy": 86.60703846603532,
 "n_features": 1089,
 "n_classes": 25,
 "n_samples": 57020,
 "learned_lambda": 0.5544700026512146,
 "bio_anchor_have": false
}