{
 "dataset": "Lung",
 "mode": "learned_anchor",
 "K": 4,
 "seed": 0,
 "n_markers": 128,
 "test_macro_f1": 66.11327873005924,
 "test_accuracy": 77.11913948322227,
 "n_features": 1089,
 "n_classes": 25,
 "n_samples": 57020,
 "learned_lambda": 0.39238062500953674,
 "bio_anchor_have": true
}