{
 "dataset": "Lung",
 "mode": "learned",
 "K": 4,
 "seed": 0,
 "n_markers": 128,
 "test_macro_f1": 78.94277544636023,
 "test_accuracy": 86.33812697299193,
 "n_features": 1089,
 "n_classes": 25,
 "n_samples": 57020,
 "learned_lambda": 0.5715786814689636,
 "bio_anchor_have": false
}