{
 "dataset": "Lung",
 "mode": "learned_bio",
 "K": 4,
 "seed": 0,
 "n_markers": 128,
 "test_macro_f1": 80.69985527734922,
 "test_accuracy": 86.49012042558167,
 "n_features": 1089,
 "n_classes": 25,
 "n_samples": 57020,
 "learned_lambda": 0.5605906844139099,
 "bio_anchor_have": false
}