{
 "dataset": "Lung",
 "mode": "learned_anchor",
 "K": 4,
 "seed": 2,
 "n_markers": 128,
 "test_macro_f1": 69.1810271392353,
 "test_accuracy": 79.12428387700223,
 "n_features": 1089,
 "n_classes": 25,
 "n_samples": 57020,
 "learned_lambda": 0.33674249053001404,
 "bio_anchor_have": true
}