{
 "dataset": "Lung",
 "mode": "learned",
 "K": 4,
 "seed": 3,
 "n_markers": 128,
 "test_macro_f1": 81.13303547863718,
 "test_accuracy": 87.75868116450368,
 "n_features": 1089,
 "n_classes": 25,
 "n_samples": 57020,
 "learned_lambda": 0.6496763229370117,
 "bio_anchor_have": false
}