{
 "dataset": "Lung",
 "mode": "learned",
 "K": 4,
 "seed": 2,
 "n_markers": 128,
 "test_macro_f1": 78.54856219399721,
 "test_accuracy": 85.87045481117737,
 "n_features": 1089,
 "n_classes": 25,
 "n_samples": 57020,
 "learned_lambda": 0.5915706753730774,
 "bio_anchor_have": false
}