{
 "dataset": "Lung",
 "mode": "learned_bigbio",
 "K": 4,
 "seed": 0,
 "n_markers": 128,
 "test_macro_f1": 77.46164551327468,
 "test_accuracy": 86.4141236992868,
 "n_features": 1089,
 "n_classes": 25,
 "n_samples": 57020,
 "learned_lambda": 0.6177580952644348,
 "bio_anchor_have": false
}