{
 "dataset": "Lung",
 "mode": "learned_bigbio",
 "K": 4,
 "seed": 1,
 "n_markers": 128,
 "test_macro_f1": 78.14400292758404,
 "test_accuracy": 86.62457617210335,
 "n_features": 1089,
 "n_classes": 25,
 "n_samples": 57020,
 "learned_lambda": 0.711603045463562,
 "bio_anchor_have": false
}