{
 "dataset": "Lung",
 "mode": "learned_bigbio",
 "K": 4,
 "seed": 3,
 "n_markers": 128,
 "test_macro_f1": 78.73412483322525,
 "test_accuracy": 87.17993686425815,
 "n_features": 1089,
 "n_classes": 25,
 "n_samples": 57020,
 "learned_lambda": 0.6982759833335876,
 "bio_anchor_have": false
}