{
 "dataset": "Lung",
 "mode": "learned_anchor",
 "K": 4,
 "seed": 4,
 "n_markers": 128,
 "test_macro_f1": 72.35257612553936,
 "test_accuracy": 80.67344791301298,
 "n_features": 1089,
 "n_classes": 25,
 "n_samples": 57020,
 "learned_lambda": 0.33639487624168396,
 "bio_anchor_have": true
}