{
 "dataset": "Lung",
 "mode": "learned_anchor",
 "K": 4,
 "seed": 1,
 "n_markers": 128,
 "test_macro_f1": 68.48081200584201,
 "test_accuracy": 79.46334619431778,
 "n_features": 1089,
 "n_classes": 25,
 "n_samples": 57020,
 "learned_lambda": 0.42023202776908875,
 "bio_anchor_have": true
}