{
 "dataset": "Lung",
 "mode": "learned_bigbio",
 "K": 4,
 "seed": 2,
 "n_markers": 128,
 "test_macro_f1": 78.81175038119841,
 "test_accuracy": 87.30270080673448,
 "n_features": 1089,
 "n_classes": 25,
 "n_samples": 57020,
 "learned_lambda": 0.6326718330383301,
 "bio_anchor_have": false
}