{
 "dataset": "Lung",
 "mode": "learned_bio",
 "K": 4,
 "seed": 2,
 "n_markers": 128,
 "test_macro_f1": 79.58757550615167,
 "test_accuracy": 87.24424178650766,
 "n_features": 1089,
 "n_classes": 25,
 "n_samples": 57020,
 "learned_lambda": 0.5098106265068054,
 "bio_anchor_have": false
}