{
 "dataset": "baron",
 "config": "bio",
 "seed": 1,
 "n_classes": 13,
 "n_test": 2571,
 "nll": 0.54784307275177,
 "ece": 0.03161368963704611,
 "brier": 0.25602901856214016,
 "conf": 0.8583117006937401,
 "auroc": 0.8441699809823928,
 "temperature": 1.3919057846069336,
 "nll_ts": 0.5222399823001417,
 "ece_ts": 0.026993890313571495,
 "brier_ts": 0.2549446852953421,
 "auroc_ts": 0.8455295916508894
}