{
 "dataset": "blca",
 "config": "bio",
 "seed": 1,
 "n_classes": 2,
 "n_test": 81,
 "nll": 0.6820364064037105,
 "ece": 0.1547908609344129,
 "brier": 0.4888971210819892,
 "conf": 0.5241951676041595,
 "auroc": 0.44098143236074266,
 "temperature": 0.7086663842201233,
 "nll_ts": 0.6782507623056875,
 "ece_ts": 0.10787091747874356,
 "brier_ts": 0.48512287016647687,
 "auroc_ts": 0.44098143236074266
}