{
 "dataset": "brca",
 "config": "bio",
 "seed": 1,
 "n_classes": 5,
 "n_test": 104,
 "nll": 1.4030364401275233,
 "ece": 0.13873230698711062,
 "brier": 0.721093937762703,
 "conf": 0.4416492466678851,
 "auroc": 0.6459293394777266,
 "temperature": 0.7613430619239807,
 "nll_ts": 1.4670723882490233,
 "ece_ts": 0.1472053987684385,
 "brier_ts": 0.733487440650043,
 "auroc_ts": 0.6447772657450077
}