{
 "dataset": "lung",
 "config": "bio",
 "seed": 1,
 "n_classes": 25,
 "n_test": 17106,
 "nll": 0.6538953109659176,
 "ece": 0.02957322301087678,
 "brier": 0.3077869647237158,
 "conf": 0.8143389675575395,
 "auroc": 0.8136148330435077,
 "temperature": 1.2182010412216187,
 "nll_ts": 0.6385790389327748,
 "ece_ts": 0.015802776086940886,
 "brier_ts": 0.3067419731971243,
 "auroc_ts": 0.8150368963755694
}