{
 "dataset": "oesophagus",
 "config": "bio",
 "seed": 1,
 "n_classes": 18,
 "n_test": 26385,
 "nll": 0.5945065722037742,
 "ece": 0.007057372035605192,
 "brier": 0.29532076019756864,
 "conf": 0.7864134720798198,
 "auroc": 0.8177924809242225,
 "temperature": 0.9744840264320374,
 "nll_ts": 0.594249106380054,
 "ece_ts": 0.006205381816271364,
 "brier_ts": 0.29528104146211176,
 "auroc_ts": 0.818124927100069
}