{
 "dataset": "prostate",
 "config": "bio",
 "seed": 1,
 "n_classes": 2,
 "n_test": 203,
 "nll": 5.305941525659133,
 "ece": 0.2913934487085053,
 "brier": 0.6395278262923507,
 "conf": 0.9219353206296875,
 "auroc": 0.48723958333333334,
 "temperature": 1991.3642578125,
 "nll_ts": 0.6974713661784683,
 "ece_ts": 0.14076425673551698,
 "brier_ts": 0.5040971556990694,
 "auroc_ts": 0.4808333333333333
}