{
 "dataset": "spleen",
 "config": "bio",
 "seed": 1,
 "n_classes": 28,
 "n_test": 28239,
 "nll": 1.4628548750535748,
 "ece": 0.018371983014542802,
 "brier": 0.6202702819478094,
 "conf": 0.49183037259160506,
 "auroc": 0.7470982838894044,
 "temperature": 0.9544917941093445,
 "nll_ts": 1.4618908460450333,
 "ece_ts": 0.012549857052186473,
 "brier_ts": 0.6199173329162397,
 "auroc_ts": 0.7469724292367226
}