{
 "dataset": "stad",
 "config": "bio",
 "seed": 1,
 "n_classes": 2,
 "n_test": 83,
 "nll": 0.6849997606160649,
 "ece": 0.04544541513398796,
 "brier": 0.4917935280423254,
 "conf": 0.5643671193459039,
 "auroc": 0.43157262905162064,
 "temperature": 5571.20263671875,
 "nll_ts": 0.6931439853977729,
 "ece_ts": 0.09034979967532286,
 "brier_ts": 0.499996804837828,
 "auroc_ts": 0.43157262905162064
}