{
 "dataset": "tcell",
 "config": "bio",
 "seed": 1,
 "n_classes": 7,
 "n_test": 7203,
 "nll": 1.0751614139696986,
 "ece": 0.021501870736304978,
 "brier": 0.5418190304546611,
 "conf": 0.577431938157407,
 "auroc": 0.6988959281397702,
 "temperature": 0.9065145254135132,
 "nll_ts": 1.07482038247806,
 "ece_ts": 0.023647887171295366,
 "brier_ts": 0.5418145201749377,
 "auroc_ts": 0.6980553940714543
}