{
 "dataset": "wang",
 "config": "bio",
 "seed": 1,
 "n_classes": 7,
 "n_test": 138,
 "nll": 1.682368319380546,
 "ece": 0.2626303686859123,
 "brier": 0.8002952484429716,
 "conf": 0.26587556047716737,
 "auroc": 0.5318288269107941,
 "temperature": 0.3825889229774475,
 "nll_ts": 1.835099922278062,
 "ece_ts": 0.24119975983227154,
 "brier_ts": 0.8081029465603315,
 "auroc_ts": 0.5405578028528848
}