{
 "dataset": "pancreas",
 "n_samples": 14767,
 "n_features": 1936,
 "n_classes": 15,
 "n_train": 10744,
 "n_test": 2127,
 "transformer_params": 75168,
 "total_params": 295327,
 "config": {
  "heads": [
   "cell_type"
  ],
  "cohorts": null,
  "n_hvg": null,
  "batch_size": 128,
  "val_frac": 0.15,
  "test_frac": 0.15,
  "d_model": 96,
  "n_heads": 4,
  "d_ff": 192,
  "dropout": 0.1,
  "n_markers": 128,
  "marker_mode": "router",
  "compress_mode": "aggregate",
  "recursive_marker_refine": true,
  "peak_init": true,
  "anneal_markers": true,
  "recursion_depth": 4,
  "share_weights": true,
  "adaptive_depth": false,
  "marker_ffn": false,
  "recursion_mode": "expert",
  "router_capacity": null,
  "router_alpha": 1.0,
  "router_temp": 1.0,
  "router_type": "linear",
  "router_z_coeff": 0.001,
  "router_balance_coeff": 0.1,
  "gene_interaction": "none",
  "interaction_knn": 16,
  "router_prior_beta": 1.0,
  "router_prior_anneal": true,
  "lambda_marker": 0.1,
  "gamma_diversity": 0.05,
  "beta_compression": 0.01,
  "lr": 0.001,
  "weight_decay": 1e-05,
  "epochs": 150,
  "patience": 15,
  "seed": 3,
  "device": "cuda"
 },
 "heads": {
  "cell_type": {
   "accuracy": 0.9346497414198401,
   "macro_f1": 0.5783211757147532,
   "weighted_f1": 0.9364870530100898,
   "per_class": {
    "0": {
     "precision": 0.0,
     "recall": 0.0,
     "f1-score": 0.0,
     "support": 5.0
    },
    "1": {
     "precision": 0.9831460674157303,
     "recall": 0.9459459459459459,
     "f1-score": 0.9641873278236914,
     "support": 185.0
    },
    "2": {
     "precision": 0.971655328798186,
     "recall": 0.9672686230248307,
     "f1-score": 0.9694570135746606,
     "support": 886.0
    },
    "3": {
     "precision": 0.9151943462897526,
     "recall": 0.9592592592592593,
     "f1-score": 0.9367088607594937,
     "support": 270.0
    },
    "4": {
     "precision": 0.84251968503937,
     "recall": 0.9385964912280702,
     "f1-score": 0.8879668049792531,
     "support": 114.0
    },
    "5": {
     "precision": 0.95,
     "recall": 0.9844559585492227,
     "f1-score": 0.9669211195928753,
     "support": 386.0
    },
    "6": {
     "precision": 0.9375,
     "recall": 0.9375,
     "f1-score": 0.9375,
     "support": 16.0
    },
    "7": {
     "precision": 0.375,
     "recall": 0.42857142857142855,
     "f1-score": 0.4,
     "support": 7.0
    },
    "8": {
     "precision": 0.9608938547486033,
     "recall": 0.8730964467005076,
     "f1-score": 0.9148936170212766,
     "support": 197.0
    },
    "10": {
     "precision": 0.0,
     "recall": 0.0,
     "f1-score": 0.0,
     "support": 7.0
    },
    "11": {
     "precision": 0.0,
     "recall": 0.0,
     "f1-score": 0.0,
     "support": 0.0
    },
    "12": {
     "precision": 0.0,
     "recall": 0.0,
     "f1-score": 0.0,
     "support": 0.0
    },
    "13": {
     "precision": 1.0,
     "recall": 0.37037037037037035,
     "f1-score": 0.5405405405405406,
     "support": 54.0
    },
    "accuracy": 0.9346497414198401,
    "macro avg": {
     "precision": 0.6104545601762802,
     "recall": 0.5696203479730488,
     "f1-score": 0.5783211757147532,
     "support": 2127.0
    },
    "weighted avg": {
     "precision": 0.9466570055314053,
     "recall": 0.9346497414198401,
     "f1-score": 0.9364870530100898,
     "support": 2127.0
    }
   }
  }
 }
}