{
 "dataset": "tabula_muris",
 "n_samples": 54865,
 "n_features": 1089,
 "n_classes": 55,
 "n_train": 32645,
 "n_test": 16458,
 "transformer_params": 75168,
 "total_params": 221775,
 "config": {
  "heads": [
   "cell_type"
  ],
  "cohorts": null,
  "n_hvg": null,
  "batch_size": 128,
  "val_frac": 0.15,
  "test_frac": 0.15,
  "d_model": 96,
  "n_heads": 4,
  "d_ff": 192,
  "dropout": 0.1,
  "n_markers": 128,
  "marker_mode": "router",
  "compress_mode": "aggregate",
  "recursive_marker_refine": true,
  "peak_init": true,
  "anneal_markers": true,
  "recursion_depth": 4,
  "share_weights": true,
  "adaptive_depth": false,
  "marker_ffn": false,
  "recursion_mode": "expert",
  "router_capacity": null,
  "router_alpha": 1.0,
  "router_temp": 1.0,
  "router_type": "linear",
  "router_z_coeff": 0.001,
  "router_balance_coeff": 0.1,
  "gene_interaction": "none",
  "interaction_knn": 16,
  "router_prior_beta": 1.0,
  "router_prior_anneal": true,
  "lambda_marker": 0.1,
  "gamma_diversity": 0.05,
  "beta_compression": 0.01,
  "lr": 0.001,
  "weight_decay": 1e-05,
  "epochs": 150,
  "patience": 15,
  "seed": 3,
  "device": "cuda"
 },
 "heads": {
  "cell_type": {
   "accuracy": 0.815226637501519,
   "macro_f1": 0.7341136681117176,
   "weighted_f1": 0.8166663885473715,
   "per_class": {
    "0": {
     "precision": 0.8541093197011403,
     "recall": 0.8729903536977492,
     "f1-score": 0.8634466308884914,
     "support": 2488.0
    },
    "1": {
     "precision": 0.1527777777777778,
     "recall": 0.8461538461538461,
     "f1-score": 0.25882352941176473,
     "support": 13.0
    },
    "2": {
     "precision": 0.42105263157894735,
     "recall": 0.8,
     "f1-score": 0.5517241379310345,
     "support": 20.0
    },
    "3": {
     "precision": 0.17073170731707318,
     "recall": 0.6363636363636364,
     "f1-score": 0.2692307692307692,
     "support": 11.0
    },
    "4": {
     "precision": 0.8773784355179705,
     "recall": 0.6273620559334845,
     "f1-score": 0.7315998237108858,
     "support": 1323.0
    },
    "5": {
     "precision": 0.9174311926605505,
     "recall": 0.9615384615384616,
     "f1-score": 0.9389671361502347,
     "support": 104.0
    },
    "6": {
     "precision": 0.9666666666666667,
     "recall": 0.9830508474576272,
     "f1-score": 0.9747899159663865,
     "support": 118.0
    },
    "7": {
     "precision": 0.9642573471008737,
     "recall": 0.9148455162019593,
     "f1-score": 0.9389017788089714,
     "support": 1327.0
    },
    "8": {
     "precision": 0.7647058823529411,
     "recall": 0.7222222222222222,
     "f1-score": 0.7428571428571429,
     "support": 18.0
    },
    "9": {
     "precision": 0.8400954653937948,
     "recall": 0.9750692520775623,
     "f1-score": 0.9025641025641026,
     "support": 361.0
    },
    "10": {
     "precision": 0.9886039886039886,
     "recall": 0.9914285714285714,
     "f1-score": 0.9900142653352354,
     "support": 350.0
    },
    "11": {
     "precision": 0.5080321285140562,
     "recall": 0.7397660818713451,
     "f1-score": 0.6023809523809524,
     "support": 342.0
    },
    "12": {
     "precision": 0.8181818181818182,
     "recall": 1.0,
     "f1-score": 0.9,
     "support": 18.0
    },
    "13": {
     "precision": 0.7777777777777778,
     "recall": 0.9333333333333333,
     "f1-score": 0.8484848484848485,
     "support": 15.0
    },
    "14": {
     "precision": 0.5166666666666667,
     "recall": 0.6458333333333334,
     "f1-score": 0.5740740740740741,
     "support": 48.0
    },
    "15": {
     "precision": 0.47368421052631576,
     "recall": 0.6923076923076923,
     "f1-score": 0.5625,
     "support": 13.0
    },
    "16": {
     "precision": 0.5833333333333334,
     "recall": 0.875,
     "f1-score": 0.7,
     "support": 8.0
    },
    "17": {
     "precision": 0.6428571428571429,
     "recall": 0.9473684210526315,
     "f1-score": 0.7659574468085106,
     "support": 19.0
    },
    "18": {
     "precision": 0.85,
     "recall": 0.8947368421052632,
     "f1-score": 0.8717948717948718,
     "support": 19.0
    },
    "19": {
     "precision": 0.9149277688603531,
     "recall": 0.6682297772567409,
     "f1-score": 0.7723577235772358,
     "support": 853.0
    },
    "20": {
     "precision": 1.0,
     "recall": 0.875,
     "f1-score": 0.9333333333333333,
     "support": 8.0
    },
    "21": {
     "precision": 0.8866396761133604,
     "recall": 0.8390804597701149,
     "f1-score": 0.8622047244094488,
     "support": 261.0
    },
    "22": {
     "precision": 0.8571428571428571,
     "recall": 0.9130434782608695,
     "f1-score": 0.8842105263157894,
     "support": 46.0
    },
    "23": {
     "precision": 0.7666666666666667,
     "recall": 0.6764705882352942,
     "f1-score": 0.71875,
     "support": 68.0
    },
    "24": {
     "precision": 0.9184549356223176,
     "recall": 0.981651376146789,
     "f1-score": 0.9490022172949002,
     "support": 218.0
    },
    "25": {
     "precision": 0.9528301886792453,
     "recall": 0.8938053097345132,
     "f1-score": 0.9223744292237442,
     "support": 113.0
    },
    "26": {
     "precision": 0.84,
     "recall": 0.8898305084745762,
     "f1-score": 0.8641975308641975,
     "support": 118.0
    },
    "27": {
     "precision": 0.9961832061068703,
     "recall": 0.9867674858223062,
     "f1-score": 0.9914529914529915,
     "support": 529.0
    },
    "28": {
     "precision": 0.0967741935483871,
     "recall": 0.7941176470588235,
     "f1-score": 0.17252396166134185,
     "support": 34.0
    },
    "29": {
     "precision": 0.795045045045045,
     "recall": 0.8694581280788177,
     "f1-score": 0.8305882352941176,
     "support": 406.0
    },
    "30": {
     "precision": 0.8935091277890467,
     "recall": 0.9544962080173348,
     "f1-score": 0.9229963331587219,
     "support": 923.0
    },
    "31": {
     "precision": 0.8252427184466019,
     "recall": 0.7203389830508474,
     "f1-score": 0.7692307692307693,
     "support": 118.0
    },
    "32": {
     "precision": 0.36363636363636365,
     "recall": 0.2857142857142857,
     "f1-score": 0.32,
     "support": 14.0
    },
    "33": {
     "precision": 0.8611111111111112,
     "recall": 0.6992481203007519,
     "f1-score": 0.7717842323651453,
     "support": 133.0
    },
    "34": {
     "precision": 0.8037974683544303,
     "recall": 0.900709219858156,
     "f1-score": 0.8494983277591973,
     "support": 141.0
    },
    "35": {
     "precision": 0.9916666666666667,
     "recall": 0.9944289693593314,
     "f1-score": 0.9930458970792768,
     "support": 359.0
    },
    "36": {
     "precision": 0.8351648351648352,
     "recall": 0.9620253164556962,
     "f1-score": 0.8941176470588236,
     "support": 79.0
    },
    "37": {
     "precision": 0.48148148148148145,
     "recall": 0.5360824742268041,
     "f1-score": 0.5073170731707317,
     "support": 97.0
    },
    "38": {
     "precision": 0.84472049689441,
     "recall": 0.9855072463768116,
     "f1-score": 0.9096989966555183,
     "support": 138.0
    },
    "39": {
     "precision": 0.5099601593625498,
     "recall": 0.920863309352518,
     "f1-score": 0.6564102564102564,
     "support": 139.0
    },
    "40": {
     "precision": 0.4793388429752066,
     "recall": 0.29292929292929293,
     "f1-score": 0.36363636363636365,
     "support": 396.0
    },
    "41": {
     "precision": 0.375,
     "recall": 0.8571428571428571,
     "f1-score": 0.5217391304347826,
     "support": 7.0
    },
    "42": {
     "precision": 0.7333333333333333,
     "recall": 0.7333333333333333,
     "f1-score": 0.7333333333333333,
     "support": 15.0
    },
    "43": {
     "precision": 0.9641791044776119,
     "recall": 0.9604927782497876,
     "f1-score": 0.9623324111513087,
     "support": 2354.0
    },
    "44": {
     "precision": 0.367612293144208,
     "recall": 0.9120234604105572,
     "f1-score": 0.5240101095197978,
     "support": 341.0
    },
    "45": {
     "precision": 0.7167630057803468,
     "recall": 0.7898089171974523,