{
 "dataset": "Muraro",
 "mode": "learned",
 "K": 4,
 "seed": 2,
 "n_markers": 128,
 "test_macro_f1": 75.23041170941734,
 "test_accuracy": 90.10989010989012,
 "val_macro_f1": 90.25266597867217,
 "n_features": 2000,
 "n_classes": 9,
 "n_samples": 2122,
 "learned_lambda": 0.22332194447517395,
 "bio_anchor_have": false
}