{
 "dataset": "Muraro",
 "mode": "learned",
 "K": 4,
 "seed": 0,
 "n_markers": 128,
 "test_macro_f1": 70.11919499649018,
 "test_accuracy": 84.61538461538461,
 "val_macro_f1": 79.2741656021027,
 "n_features": 2000,
 "n_classes": 9,
 "n_samples": 2122,
 "learned_lambda": 0.22000011801719666,
 "bio_anchor_have": false
}