{
 "dataset": "Muraro",
 "mode": "learned",
 "K": 4,
 "seed": 1,
 "n_markers": 128,
 "test_macro_f1": 68.96904557764127,
 "test_accuracy": 82.10361067503925,
 "val_macro_f1": 81.94972234962441,
 "n_features": 2000,
 "n_classes": 9,
 "n_samples": 2122,
 "learned_lambda": 0.21633478999137878,
 "bio_anchor_have": false
}