{
 "dataset": "pancreas",
 "n_samples": 14767,
 "n_features": 1936,
 "n_classes": 15,
 "n_train": 10744,
 "n_test": 2127,
 "transformer_params": 299520,
 "total_params": 519679,
 "config": {
  "heads": [
   "cell_type"
  ],
  "cohorts": null,
  "n_hvg": null,
  "batch_size": 128,
  "val_frac": 0.15,
  "test_frac": 0.15,
  "d_model": 96,
  "n_heads": 4,
  "d_ff": 192,
  "dropout": 0.1,
  "n_markers": 128,
  "marker_mode": "router",
  "compress_mode": "aggregate",
  "recursive_marker_refine": true,
  "peak_init": true,
  "anneal_markers": true,
  "recursion_depth": 4,
  "share_weights": false,
  "adaptive_depth": false,
  "marker_ffn": false,
  "recursion_mode": "expert",
  "router_capacity": null,
  "router_alpha": 1.0,
  "router_temp": 1.0,
  "router_type": "linear",
  "router_z_coeff": 0.001,
  "router_balance_coeff": 0.1,
  "gene_interaction": "none",
  "interaction_knn": 16,
  "router_prior_beta": 1.0,
  "router_prior_anneal": true,
  "lambda_marker": 0.1,
  "gamma_diversity": 0.05,
  "beta_compression": 0.01,
  "lr": 0.001,
  "weight_decay": 1e-05,
  "epochs": 150,
  "patience": 15,
  "seed": 1,
  "device": "cuda"
 },
 "heads": {
  "cell_type": {
   "accuracy": 0.917724494593324,
   "macro_f1": 0.5446115256969574,
   "weighted_f1": 0.9169946654902439,
   "per_class": {
    "0": {
     "precision": 0.0,
     "recall": 0.0,
     "f1-score": 0.0,
     "support": 5.0
    },
    "1": {
     "precision": 0.9880239520958084,
     "recall": 0.8918918918918919,
     "f1-score": 0.9375,
     "support": 185.0
    },
    "2": {
     "precision": 0.9896432681242808,
     "recall": 0.9706546275395034,
     "f1-score": 0.98005698005698,
     "support": 886.0
    },
    "3": {
     "precision": 0.9219330855018587,
     "recall": 0.9185185185185185,
     "f1-score": 0.9202226345083488,
     "support": 270.0
    },
    "4": {
     "precision": 0.7062937062937062,
     "recall": 0.8859649122807017,
     "f1-score": 0.7859922178988327,
     "support": 114.0
    },
    "5": {
     "precision": 0.9336609336609336,
     "recall": 0.9844559585492227,
     "f1-score": 0.9583858764186634,
     "support": 386.0
    },
    "6": {
     "precision": 0.9375,
     "recall": 0.9375,
     "f1-score": 0.9375,
     "support": 16.0
    },
    "7": {
     "precision": 0.5,
     "recall": 0.2857142857142857,
     "f1-score": 0.36363636363636365,
     "support": 7.0
    },
    "8": {
     "precision": 0.9132653061224489,
     "recall": 0.9086294416243654,
     "f1-score": 0.910941475826972,
     "support": 197.0
    },
    "9": {
     "precision": 0.0,
     "recall": 0.0,
     "f1-score": 0.0,
     "support": 0.0
    },
    "10": {
     "precision": 1.0,
     "recall": 0.14285714285714285,
     "f1-score": 0.25,
     "support": 7.0
    },
    "11": {
     "precision": 0.0,
     "recall": 0.0,
     "f1-score": 0.0,
     "support": 0.0
    },
    "13": {
     "precision": 0.5,
     "recall": 0.018518518518518517,
     "f1-score": 0.03571428571428571,
     "support": 54.0
    },
    "accuracy": 0.917724494593324,
    "macro avg": {
     "precision": 0.6454092501383875,
     "recall": 0.5342080998072424,
     "f1-score": 0.5446115256969574,
     "support": 2127.0
    },
    "weighted avg": {
     "precision": 0.9317603046535329,
     "recall": 0.917724494593324,
     "f1-score": 0.9169946654902439,
     "support": 2127.0
    }
   }
  }
 }
}