{
 "dataset": "tabula_muris",
 "n_samples": 54865,
 "n_features": 1089,
 "n_classes": 55,
 "n_train": 32645,
 "n_test": 16458,
 "transformer_params": 299520,
 "total_params": 446127,
 "config": {
  "heads": [
   "cell_type"
  ],
  "cohorts": null,
  "n_hvg": null,
  "batch_size": 128,
  "val_frac": 0.15,
  "test_frac": 0.15,
  "d_model": 96,
  "n_heads": 4,
  "d_ff": 192,
  "dropout": 0.1,
  "n_markers": 128,
  "marker_mode": "router",
  "compress_mode": "aggregate",
  "recursive_marker_refine": true,
  "peak_init": true,
  "anneal_markers": true,
  "recursion_depth": 4,
  "share_weights": false,
  "adaptive_depth": false,
  "marker_ffn": false,
  "recursion_mode": "expert",
  "router_capacity": null,
  "router_alpha": 1.0,
  "router_temp": 1.0,
  "router_type": "linear",
  "router_z_coeff": 0.001,
  "router_balance_coeff": 0.1,
  "gene_interaction": "none",
  "interaction_knn": 16,
  "router_prior_beta": 1.0,
  "router_prior_anneal": true,
  "lambda_marker": 0.1,
  "gamma_diversity": 0.05,
  "beta_compression": 0.01,
  "lr": 0.001,
  "weight_decay": 1e-05,
  "epochs": 150,
  "patience": 15,
  "seed": 1,
  "device": "cuda"
 },
 "heads": {
  "cell_type": {
   "accuracy": 0.8487057965730952,
   "macro_f1": 0.7591392285339725,
   "weighted_f1": 0.8468871543645079,
   "per_class": {
    "0": {
     "precision": 0.9446450060168472,
     "recall": 0.9465434083601286,
     "f1-score": 0.945593254366593,
     "support": 2488.0
    },
    "1": {
     "precision": 0.15384615384615385,
     "recall": 0.7692307692307693,
     "f1-score": 0.2564102564102564,
     "support": 13.0
    },
    "2": {
     "precision": 0.6875,
     "recall": 0.55,
     "f1-score": 0.6111111111111112,
     "support": 20.0
    },
    "3": {
     "precision": 0.875,
     "recall": 0.6363636363636364,
     "f1-score": 0.7368421052631579,
     "support": 11.0
    },
    "4": {
     "precision": 0.9107981220657277,
     "recall": 0.7331821617535903,
     "f1-score": 0.8123953098827471,
     "support": 1323.0
    },
    "5": {
     "precision": 0.98989898989899,
     "recall": 0.9423076923076923,
     "f1-score": 0.9655172413793104,
     "support": 104.0
    },
    "6": {
     "precision": 0.8769230769230769,
     "recall": 0.9661016949152542,
     "f1-score": 0.9193548387096774,
     "support": 118.0
    },
    "7": {
     "precision": 0.9506627393225331,
     "recall": 0.972871137905049,
     "f1-score": 0.9616387337057728,
     "support": 1327.0
    },
    "8": {
     "precision": 0.8888888888888888,
     "recall": 0.8888888888888888,
     "f1-score": 0.8888888888888888,
     "support": 18.0
    },
    "9": {
     "precision": 0.7919621749408984,
     "recall": 0.9279778393351801,
     "f1-score": 0.8545918367346939,
     "support": 361.0
    },
    "10": {
     "precision": 0.953551912568306,
     "recall": 0.9971428571428571,
     "f1-score": 0.9748603351955307,
     "support": 350.0
    },
    "11": {
     "precision": 0.7034313725490197,
     "recall": 0.8391812865497076,
     "f1-score": 0.7653333333333333,
     "support": 342.0
    },
    "12": {
     "precision": 0.8571428571428571,
     "recall": 1.0,
     "f1-score": 0.9230769230769231,
     "support": 18.0
    },
    "13": {
     "precision": 1.0,
     "recall": 1.0,
     "f1-score": 1.0,
     "support": 15.0
    },
    "14": {
     "precision": 0.55,
     "recall": 0.6875,
     "f1-score": 0.6111111111111112,
     "support": 48.0
    },
    "15": {
     "precision": 0.5217391304347826,
     "recall": 0.9230769230769231,
     "f1-score": 0.6666666666666666,
     "support": 13.0
    },
    "16": {
     "precision": 0.5555555555555556,
     "recall": 0.625,
     "f1-score": 0.5882352941176471,
     "support": 8.0
    },
    "17": {
     "precision": 0.6666666666666666,
     "recall": 0.9473684210526315,
     "f1-score": 0.782608695652174,
     "support": 19.0
    },
    "18": {
     "precision": 0.7727272727272727,
     "recall": 0.8947368421052632,
     "f1-score": 0.8292682926829268,
     "support": 19.0
    },
    "19": {
     "precision": 0.8868458274398868,
     "recall": 0.735052754982415,
     "f1-score": 0.8038461538461539,
     "support": 853.0
    },
    "20": {
     "precision": 0.42857142857142855,
     "recall": 0.375,
     "f1-score": 0.4,
     "support": 8.0
    },
    "21": {
     "precision": 0.8455598455598455,
     "recall": 0.8390804597701149,
     "f1-score": 0.8423076923076923,
     "support": 261.0
    },
    "22": {
     "precision": 0.8113207547169812,
     "recall": 0.9347826086956522,
     "f1-score": 0.8686868686868687,
     "support": 46.0
    },
    "23": {
     "precision": 0.7313432835820896,
     "recall": 0.7205882352941176,
     "f1-score": 0.725925925925926,
     "support": 68.0
    },
    "24": {
     "precision": 0.9372197309417041,
     "recall": 0.9587155963302753,
     "f1-score": 0.9478458049886621,
     "support": 218.0
    },
    "25": {
     "precision": 0.9369369369369369,
     "recall": 0.9203539823008849,
     "f1-score": 0.9285714285714286,
     "support": 113.0
    },
    "26": {
     "precision": 0.8760330578512396,
     "recall": 0.8983050847457628,
     "f1-score": 0.8870292887029289,
     "support": 118.0
    },
    "27": {
     "precision": 0.998109640831758,
     "recall": 0.998109640831758,
     "f1-score": 0.998109640831758,
     "support": 529.0
    },
    "28": {
     "precision": 0.5531914893617021,
     "recall": 0.7647058823529411,
     "f1-score": 0.6419753086419753,
     "support": 34.0
    },
    "29": {
     "precision": 0.660958904109589,
     "recall": 0.9507389162561576,
     "f1-score": 0.7797979797979798,
     "support": 406.0
    },
    "30": {
     "precision": 0.9671574178935447,
     "recall": 0.9252437703141928,
     "f1-score": 0.9457364341085271,
     "support": 923.0
    },
    "31": {
     "precision": 0.8365384615384616,
     "recall": 0.7372881355932204,
     "f1-score": 0.7837837837837838,
     "support": 118.0
    },
    "32": {
     "precision": 0.5,
     "recall": 0.21428571428571427,
     "f1-score": 0.3,
     "support": 14.0
    },
    "33": {
     "precision": 0.788235294117647,
     "recall": 0.5037593984962406,
     "f1-score": 0.6146788990825688,
     "support": 133.0
    },
    "34": {
     "precision": 0.6701030927835051,
     "recall": 0.9219858156028369,
     "f1-score": 0.7761194029850746,
     "support": 141.0
    },
    "35": {
     "precision": 0.9834710743801653,
     "recall": 0.9944289693593314,
     "f1-score": 0.9889196675900277,
     "support": 359.0
    },
    "36": {
     "precision": 0.78125,
     "recall": 0.9493670886075949,
     "f1-score": 0.8571428571428571,
     "support": 79.0
    },
    "37": {
     "precision": 0.35,
     "recall": 0.5773195876288659,
     "f1-score": 0.4357976653696498,
     "support": 97.0
    },
    "38": {
     "precision": 0.9420289855072463,
     "recall": 0.9420289855072463,
     "f1-score": 0.9420289855072463,
     "support": 138.0
    },
    "39": {
     "precision": 0.7125,
     "recall": 0.8201438848920863,
     "f1-score": 0.7625418060200669,
     "support": 139.0
    },
    "40": {
     "precision": 0.5039787798408488,
     "recall": 0.4797979797979798,
     "f1-score": 0.49159120310478654,
     "support": 396.0
    },
    "41": {
     "precision": 0.5454545454545454,
     "recall": 0.8571428571428571,
     "f1-score": 0.6666666666666666,
     "support": 7.0
    },
    "42": {
     "precision": 0.7368421052631579,
     "recall": 0.9333333333333333,
     "f1-score": 0.8235294117647058,
     "support": 15.0
    },
    "43": {
     "precision": 0.9748591244039878,
     "recall": 0.9553950722175021,
     "f1-score": 0.9650289637416863,
     "support": 2354.0
    },
    "44": {
     "precision": 0.40074441687344914,
     "recall": 0.9472140762463344,
     "f1-score": 0.5632083696599826,
     "support": 341.0
    },
    "45": {
     "precision": 0.8202247191011236,
     "recall": 0.9299363057324841,
     "f1-score": 0.8716417910447761,
     "support": 157.0
    },