{
 "dataset": "stad",
 "arch": "recursive",
 "K": 4,
 "seed": 0,
 "test_macro_f1": 55.19568151147099,
 "test_accuracy": 61.44578313253012,
 "transformer_params": 132480,
 "total_params": 1474159,
 "n_markers": 256,
 "d_model": 128,
 "d_ff": 256,
 "flops_nominal": 268435456.0,
 "flops_effective": 268435456.0,
 "compute_saving": 0.0
}