{
 "dataset": "stad",
 "arch": "recursive",
 "K": 4,
 "seed": 2,
 "test_macro_f1": 40.641897784754924,
 "test_accuracy": 50.602409638554214,
 "transformer_params": 132480,
 "total_params": 1474159,
 "n_markers": 256,
 "d_model": 128,
 "d_ff": 256,
 "flops_nominal": 268435456.0,
 "flops_effective": 268435456.0,
 "compute_saving": 0.0
}