{
 "dataset": "pancreas",
 "n_samples": 14767,
 "n_features": 1936,
 "n_classes": 15,
 "n_train": 10744,
 "n_test": 2127,
 "transformer_params": 299520,
 "total_params": 519679,
 "config": {
  "heads": [
   "cell_type"
  ],
  "cohorts": null,
  "n_hvg": null,
  "n_channels": 1,
  "batch_size": 128,
  "val_frac": 0.15,
  "test_frac": 0.15,
  "d_model": 96,
  "n_heads": 4,
  "d_ff": 192,
  "dropout": 0.1,
  "n_markers": 128,
  "marker_mode": "router",
  "compress_mode": "aggregate",
  "recursive_marker_refine": true,
  "peak_init": true,
  "anneal_markers": true,
  "recursion_depth": 4,
  "share_weights": false,
  "adaptive_depth": false,
  "marker_ffn": false,
  "recursion_mode": "expert",
  "router_capacity": null,
  "router_alpha": 1.0,
  "router_temp": 1.0,
  "router_type": "linear",
  "router_z_coeff": 0.001,
  "router_balance_coeff": 0.1,
  "gene_interaction": "none",
  "interaction_knn": 16,
  "router_prior_beta": 1.0,
  "router_prior_anneal": true,
  "lambda_marker": 0.1,
  "gamma_diversity": 0.05,
  "beta_compression": 0.01,
  "lr": 0.001,
  "weight_decay": 1e-05,
  "epochs": 150,
  "patience": 15,
  "seed": 2,
  "device": "cuda"
 },
 "heads": {
  "cell_type": {
   "accuracy": 0.9304184297132111,
   "macro_f1": 0.550297859735959,
   "weighted_f1": 0.9332675656132189,
   "per_class": {
    "0": {
     "precision": 0.0,
     "recall": 0.0,
     "f1-score": 0.0,
     "support": 5.0
    },
    "1": {
     "precision": 0.9941860465116279,
     "recall": 0.9243243243243243,
     "f1-score": 0.957983193277311,
     "support": 185.0
    },
    "2": {
     "precision": 0.991822429906542,
     "recall": 0.9582392776523702,
     "f1-score": 0.9747416762342136,
     "support": 886.0
    },
    "3": {
     "precision": 0.8866666666666667,
     "recall": 0.9851851851851852,
     "f1-score": 0.9333333333333333,
     "support": 270.0
    },
    "4": {
     "precision": 0.822429906542056,
     "recall": 0.7719298245614035,
     "f1-score": 0.7963800904977375,
     "support": 114.0
    },
    "5": {
     "precision": 0.9546599496221663,
     "recall": 0.9818652849740933,
     "f1-score": 0.9680715197956578,
     "support": 386.0
    },
    "6": {
     "precision": 1.0,
     "recall": 1.0,
     "f1-score": 1.0,
     "support": 16.0
    },
    "7": {
     "precision": 0.375,
     "recall": 0.42857142857142855,
     "f1-score": 0.4,
     "support": 7.0
    },
    "8": {
     "precision": 0.9516908212560387,
     "recall": 1.0,
     "f1-score": 0.9752475247524752,
     "support": 197.0
    },
    "9": {
     "precision": 0.0,
     "recall": 0.0,
     "f1-score": 0.0,
     "support": 0.0
    },
    "10": {
     "precision": 1.0,
     "recall": 0.2857142857142857,
     "f1-score": 0.4444444444444444,
     "support": 7.0
    },
    "11": {
     "precision": 0.0,
     "recall": 0.0,
     "f1-score": 0.0,
     "support": 0.0
    },
    "12": {
     "precision": 0.0,
     "recall": 0.0,
     "f1-score": 0.0,
     "support": 0.0
    },
    "13": {
     "precision": 0.8888888888888888,
     "recall": 0.14814814814814814,
     "f1-score": 0.25396825396825395,
     "support": 54.0
    },
    "accuracy": 0.9304184297132111,
    "macro avg": {
     "precision": 0.6332389078138562,
     "recall": 0.5345698399379456,
     "f1-score": 0.550297859735959,
     "support": 2127.0
    },
    "weighted avg": {
     "precision": 0.9522533771458569,
     "recall": 0.9304184297132111,
     "f1-score": 0.9332675656132189,
     "support": 2127.0
    }
   }
  }
 }
}