{
 "dataset": "tabula_muris",
 "n_samples": 54865,
 "n_features": 1089,
 "n_classes": 55,
 "n_train": 32645,
 "n_test": 16458,
 "transformer_params": 299520,
 "total_params": 446127,
 "config": {
  "heads": [
   "cell_type"
  ],
  "cohorts": null,
  "n_hvg": null,
  "n_channels": 1,
  "batch_size": 128,
  "val_frac": 0.15,
  "test_frac": 0.15,
  "d_model": 96,
  "n_heads": 4,
  "d_ff": 192,
  "dropout": 0.1,
  "n_markers": 128,
  "marker_mode": "router",
  "compress_mode": "aggregate",
  "recursive_marker_refine": true,
  "peak_init": true,
  "anneal_markers": true,
  "recursion_depth": 4,
  "share_weights": false,
  "adaptive_depth": false,
  "marker_ffn": false,
  "recursion_mode": "expert",
  "router_capacity": null,
  "router_alpha": 1.0,
  "router_temp": 1.0,
  "router_type": "linear",
  "router_z_coeff": 0.001,
  "router_balance_coeff": 0.1,
  "gene_interaction": "none",
  "interaction_knn": 16,
  "router_prior_beta": 1.0,
  "router_prior_anneal": true,
  "lambda_marker": 0.1,
  "gamma_diversity": 0.05,
  "beta_compression": 0.01,
  "lr": 0.001,
  "weight_decay": 1e-05,
  "epochs": 150,
  "patience": 15,
  "seed": 2,
  "device": "cuda"
 },
 "heads": {
  "cell_type": {
   "accuracy": 0.8563616478308421,
   "macro_f1": 0.7664560321673274,
   "weighted_f1": 0.8559009633111457,
   "per_class": {
    "0": {
     "precision": 0.9585726004922067,
     "recall": 0.9393086816720257,
     "f1-score": 0.9488428745432399,
     "support": 2488.0
    },
    "1": {
     "precision": 0.11842105263157894,
     "recall": 0.6923076923076923,
     "f1-score": 0.20224719101123595,
     "support": 13.0
    },
    "2": {
     "precision": 0.5833333333333334,
     "recall": 0.7,
     "f1-score": 0.6363636363636364,
     "support": 20.0
    },
    "3": {
     "precision": 0.6666666666666666,
     "recall": 0.5454545454545454,
     "f1-score": 0.6,
     "support": 11.0
    },
    "4": {
     "precision": 0.8991399530883503,
     "recall": 0.8692365835222978,
     "f1-score": 0.883935434281322,
     "support": 1323.0
    },
    "5": {
     "precision": 0.9764705882352941,
     "recall": 0.7980769230769231,
     "f1-score": 0.8783068783068783,
     "support": 104.0
    },
    "6": {
     "precision": 0.9327731092436975,
     "recall": 0.940677966101695,
     "f1-score": 0.9367088607594937,
     "support": 118.0
    },
    "7": {
     "precision": 0.9614220877458396,
     "recall": 0.9577995478522984,
     "f1-score": 0.9596073990184976,
     "support": 1327.0
    },
    "8": {
     "precision": 0.6875,
     "recall": 0.6111111111111112,
     "f1-score": 0.6470588235294118,
     "support": 18.0
    },
    "9": {
     "precision": 0.9514824797843666,
     "recall": 0.9778393351800554,
     "f1-score": 0.9644808743169399,
     "support": 361.0
    },
    "10": {
     "precision": 0.9913294797687862,
     "recall": 0.98,
     "f1-score": 0.985632183908046,
     "support": 350.0
    },
    "11": {
     "precision": 0.6512261580381471,
     "recall": 0.6988304093567251,
     "f1-score": 0.6741889985895627,
     "support": 342.0
    },
    "12": {
     "precision": 0.9,
     "recall": 1.0,
     "f1-score": 0.9473684210526315,
     "support": 18.0
    },
    "13": {
     "precision": 0.9375,
     "recall": 1.0,
     "f1-score": 0.967741935483871,
     "support": 15.0
    },
    "14": {
     "precision": 0.46296296296296297,
     "recall": 0.5208333333333334,
     "f1-score": 0.49019607843137253,
     "support": 48.0
    },
    "15": {
     "precision": 0.2727272727272727,
     "recall": 0.23076923076923078,
     "f1-score": 0.25,
     "support": 13.0
    },
    "16": {
     "precision": 1.0,
     "recall": 0.875,
     "f1-score": 0.9333333333333333,
     "support": 8.0
    },
    "17": {
     "precision": 0.6785714285714286,
     "recall": 1.0,
     "f1-score": 0.8085106382978723,
     "support": 19.0
    },
    "18": {
     "precision": 0.7391304347826086,
     "recall": 0.8947368421052632,
     "f1-score": 0.8095238095238095,
     "support": 19.0
    },
    "19": {
     "precision": 0.8968553459119497,
     "recall": 0.835873388042204,
     "f1-score": 0.8652912621359223,
     "support": 853.0
    },
    "20": {
     "precision": 0.7,
     "recall": 0.875,
     "f1-score": 0.7777777777777778,
     "support": 8.0
    },
    "21": {
     "precision": 0.8175675675675675,
     "recall": 0.9272030651340997,
     "f1-score": 0.8689407540394973,
     "support": 261.0
    },
    "22": {
     "precision": 0.7258064516129032,
     "recall": 0.9782608695652174,
     "f1-score": 0.8333333333333334,
     "support": 46.0
    },
    "23": {
     "precision": 0.7741935483870968,
     "recall": 0.7058823529411765,
     "f1-score": 0.7384615384615385,
     "support": 68.0
    },
    "24": {
     "precision": 0.9288888888888889,
     "recall": 0.9587155963302753,
     "f1-score": 0.9435665914221218,
     "support": 218.0
    },
    "25": {
     "precision": 0.9423076923076923,
     "recall": 0.8672566371681416,
     "f1-score": 0.9032258064516129,
     "support": 113.0
    },
    "26": {
     "precision": 0.7851239669421488,
     "recall": 0.8050847457627118,
     "f1-score": 0.7949790794979079,
     "support": 118.0
    },
    "27": {
     "precision": 0.9962264150943396,
     "recall": 0.998109640831758,
     "f1-score": 0.9971671388101983,
     "support": 529.0
    },
    "28": {
     "precision": 0.12871287128712872,
     "recall": 0.38235294117647056,
     "f1-score": 0.1925925925925926,
     "support": 34.0
    },
    "29": {
     "precision": 0.8815165876777251,
     "recall": 0.916256157635468,
     "f1-score": 0.8985507246376812,
     "support": 406.0
    },
    "30": {
     "precision": 0.95,
     "recall": 0.9469122426868906,
     "f1-score": 0.9484536082474226,
     "support": 923.0
    },
    "31": {
     "precision": 0.9035087719298246,
     "recall": 0.8728813559322034,
     "f1-score": 0.8879310344827587,
     "support": 118.0
    },
    "32": {
     "precision": 0.9090909090909091,
     "recall": 0.7142857142857143,
     "f1-score": 0.8,
     "support": 14.0
    },
    "33": {
     "precision": 0.896551724137931,
     "recall": 0.7819548872180451,
     "f1-score": 0.8353413654618473,
     "support": 133.0
    },
    "34": {
     "precision": 0.8888888888888888,
     "recall": 0.9078014184397163,
     "f1-score": 0.8982456140350877,
     "support": 141.0
    },
    "35": {
     "precision": 0.9834710743801653,
     "recall": 0.9944289693593314,
     "f1-score": 0.9889196675900277,
     "support": 359.0
    },
    "36": {
     "precision": 0.8444444444444444,
     "recall": 0.9620253164556962,
     "f1-score": 0.8994082840236687,
     "support": 79.0
    },
    "37": {
     "precision": 0.6082474226804123,
     "recall": 0.6082474226804123,
     "f1-score": 0.6082474226804123,
     "support": 97.0
    },
    "38": {
     "precision": 0.9436619718309859,
     "recall": 0.9710144927536232,
     "f1-score": 0.9571428571428572,
     "support": 138.0
    },
    "39": {
     "precision": 0.7814569536423841,
     "recall": 0.8489208633093526,
     "f1-score": 0.8137931034482758,
     "support": 139.0
    },
    "40": {
     "precision": 0.49122807017543857,
     "recall": 0.42424242424242425,
     "f1-score": 0.45528455284552843,
     "support": 396.0
    },
    "41": {
     "precision": 0.5454545454545454,
     "recall": 0.8571428571428571,
     "f1-score": 0.6666666666666666,
     "support": 7.0
    },
    "42": {
     "precision": 0.7222222222222222,
     "recall": 0.8666666666666667,
     "f1-score": 0.7878787878787878,
     "support": 15.0
    },
    "43": {
     "precision": 0.9109840751327072,
     "recall": 0.9477485131690739,
     "f1-score": 0.9290027066416823,
     "support": 2354.0
    },
    "44": {
     "precision": 0.3842239185750636,
     "recall": 0.8856304985337243,
     "f1-score": 0.5359361135758651,
     "support": 341.0
    },
    "45": {
     "precision": 0.65625,
     "recall": 0.802547770700637,
     "f1-score": 0.7220630372492837,
     "support": 157.0
    },