{
 "dataset": "Baron",
 "mode": "learned",
 "K": 4,
 "seed": 0,
 "n_markers": 512,
 "test_macro_f1": 82.62480795713564,
 "test_accuracy": 95.17697394010113,
 "n_features": 2000,
 "n_classes": 13,
 "n_samples": 8569,
 "learned_lambda": 0.28399938344955444
}