{
 "dataset": "Lung",
 "mode": "learned_anchor",
 "K": 4,
 "seed": 0,
 "n_markers": 128,
 "test_macro_f1": 69.10013127380506,
 "test_accuracy": 78.51631006664329,
 "val_macro_f1": 69.24295503196208,
 "n_features": 1089,
 "n_classes": 25,
 "n_samples": 57020,
 "learned_lambda": 0.38867875933647156,
 "bio_anchor_have": true
}