{
 "dataset": "Lung",
 "mode": "learned_anchor",
 "K": 4,
 "seed": 2,
 "n_markers": 128,
 "test_macro_f1": 70.54210899210469,
 "test_accuracy": 79.52765111656728,
 "val_macro_f1": 70.6784593018574,
 "n_features": 1089,
 "n_classes": 25,
 "n_samples": 57020,
 "learned_lambda": 0.30537596344947815,
 "bio_anchor_have": true
}