{
 "dataset": "Lung",
 "mode": "learned_anchor",
 "K": 4,
 "seed": 1,
 "n_markers": 128,
 "test_macro_f1": 67.15901228956638,
 "test_accuracy": 78.58646089091546,
 "val_macro_f1": 67.49113277787356,
 "n_features": 1089,
 "n_classes": 25,
 "n_samples": 57020,
 "learned_lambda": 0.442985862493515,
 "bio_anchor_have": true
}