{
 "dataset": "tabula_muris",
 "arch": "recursive",
 "K": 4,
 "seed": 1,
 "test_macro_f1": 76.28995146929917,
 "test_accuracy": 85.46603475513427,
 "transformer_params": 74784,
 "total_params": 221391,
 "n_markers": 128,
 "d_model": 96,
 "d_ff": 192,
 "flops_nominal": 62914560.0,
 "flops_effective": 62914560.0,
 "compute_saving": 0.0
}