{
 "dataset": "common_class",
 "n_samples": 27499,
 "n_features": 1089,
 "n_classes": 19,
 "n_train": 18699,
 "n_test": 5500,
 "transformer_params": 75168,
 "total_params": 214791,
 "config": {
  "heads": [
   "cell_type"
  ],
  "cohorts": null,
  "n_hvg": null,
  "batch_size": 256,
  "val_frac": 0.15,
  "test_frac": 0.15,
  "d_model": 96,
  "n_heads": 4,
  "d_ff": 192,
  "dropout": 0.1,
  "n_markers": 128,
  "marker_mode": "router",
  "compress_mode": "aggregate",
  "recursive_marker_refine": true,
  "recursion_depth": 4,
  "share_weights": true,
  "adaptive_depth": false,
  "marker_ffn": false,
  "recursion_mode": "expert",
  "router_capacity": null,
  "router_alpha": 1.0,
  "router_temp": 1.0,
  "router_type": "linear",
  "router_z_coeff": 0.001,
  "router_balance_coeff": 0.1,
  "lambda_marker": 0.1,
  "gamma_diversity": 0.05,
  "beta_compression": 0.01,
  "lr": 0.001,
  "weight_decay": 0.01,
  "epochs": 25,
  "patience": 6,
  "seed": 42,
  "device": "cuda"
 },
 "heads": {
  "cell_type": {
   "accuracy": 0.8305454545454546,
   "macro_f1": 0.687254407775395,
   "weighted_f1": 0.8336881947095381,
   "per_class": {
    "0": {
     "precision": 0.6909090909090909,
     "recall": 0.76,
     "f1-score": 0.7238095238095238,
     "support": 50.0
    },
    "1": {
     "precision": 0.732620320855615,
     "recall": 0.6284403669724771,
     "f1-score": 0.6765432098765433,
     "support": 218.0
    },
    "2": {
     "precision": 0.6706586826347305,
     "recall": 0.7088607594936709,
     "f1-score": 0.6892307692307692,
     "support": 158.0
    },
    "3": {
     "precision": 0.5,
     "recall": 0.6785714285714286,
     "f1-score": 0.5757575757575758,
     "support": 112.0
    },
    "4": {
     "precision": 0.7083333333333334,
     "recall": 0.794392523364486,
     "f1-score": 0.748898678414097,
     "support": 107.0
    },
    "5": {
     "precision": 0.8211382113821138,
     "recall": 0.6196319018404908,
     "f1-score": 0.7062937062937062,
     "support": 163.0
    },
    "6": {
     "precision": 0.5,
     "recall": 0.8625,
     "f1-score": 0.6330275229357798,
     "support": 80.0
    },
    "7": {
     "precision": 0.7728395061728395,
     "recall": 0.7002237136465325,
     "f1-score": 0.7347417840375586,
     "support": 447.0
    },
    "8": {
     "precision": 0.4090909090909091,
     "recall": 0.46875,
     "f1-score": 0.4368932038834951,
     "support": 96.0
    },
    "9": {
     "precision": 0.7964912280701755,
     "recall": 0.8284671532846716,
     "f1-score": 0.8121645796064401,
     "support": 274.0
    },
    "10": {
     "precision": 0.546875,
     "recall": 0.6306306306306306,
     "f1-score": 0.5857740585774058,
     "support": 111.0
    },
    "11": {
     "precision": 0.7741046831955923,
     "recall": 0.8264705882352941,
     "f1-score": 0.7994310099573257,
     "support": 340.0
    },
    "12": {
     "precision": 0.8103975535168195,
     "recall": 0.7528409090909091,
     "f1-score": 0.780559646539028,
     "support": 352.0
    },
    "13": {
     "precision": 0.3902439024390244,
     "recall": 0.5079365079365079,
     "f1-score": 0.4413793103448276,
     "support": 63.0
    },
    "14": {
     "precision": 0.6,
     "recall": 0.6,
     "f1-score": 0.6,
     "support": 10.0
    },
    "15": {
     "precision": 0.3937007874015748,
     "recall": 0.373134328358209,
     "f1-score": 0.3831417624521073,
     "support": 134.0
    },
    "16": {
     "precision": 0.9805309734513274,
     "recall": 0.9405772495755518,
     "f1-score": 0.9601386481802426,
     "support": 589.0
    },
    "17": {
     "precision": 0.9812118365429779,
     "recall": 0.9591368227731865,
     "f1-score": 0.9700487578360808,
     "support": 2178.0
    },
    "18": {
     "precision": 0.6666666666666666,
     "recall": 1.0,
     "f1-score": 0.8,
     "support": 18.0
    },
    "accuracy": 0.8305454545454546,
    "macro avg": {
     "precision": 0.6708322466138309,
     "recall": 0.7179244675670551,
     "f1-score": 0.687254407775395,
     "support": 5500.0
    },
    "weighted avg": {
     "precision": 0.841443742788502,
     "recall": 0.8305454545454546,
     "f1-score": 0.8336881947095381,
     "support": 5500.0
    }
   }
  }
 }
}