{
 "dataset": "pancreas",
 "n_samples": 14767,
 "n_features": 1936,
 "n_classes": 15,
 "n_train": 10744,
 "n_test": 2127,
 "transformer_params": 75168,
 "total_params": 295327,
 "config": {
  "heads": [
   "cell_type"
  ],
  "cohorts": null,
  "n_hvg": null,
  "batch_size": 256,
  "val_frac": 0.15,
  "test_frac": 0.15,
  "d_model": 96,
  "n_heads": 4,
  "d_ff": 192,
  "dropout": 0.1,
  "n_markers": 128,
  "marker_mode": "router",
  "compress_mode": "aggregate",
  "recursive_marker_refine": true,
  "recursion_depth": 4,
  "share_weights": true,
  "adaptive_depth": false,
  "marker_ffn": false,
  "recursion_mode": "expert",
  "router_capacity": null,
  "router_alpha": 1.0,
  "router_temp": 1.0,
  "router_type": "linear",
  "router_z_coeff": 0.001,
  "router_balance_coeff": 0.1,
  "lambda_marker": 0.1,
  "gamma_diversity": 0.05,
  "beta_compression": 0.01,
  "lr": 0.001,
  "weight_decay": 0.01,
  "epochs": 25,
  "patience": 6,
  "seed": 42,
  "device": "cuda"
 },
 "heads": {
  "cell_type": {
   "accuracy": 0.8730606488011283,
   "macro_f1": 0.48208865540671325,
   "weighted_f1": 0.8788302584638236,
   "per_class": {
    "0": {
     "precision": 0.0,
     "recall": 0.0,
     "f1-score": 0.0,
     "support": 5.0
    },
    "1": {
     "precision": 0.8757396449704142,
     "recall": 0.8,
     "f1-score": 0.8361581920903954,
     "support": 185.0
    },
    "2": {
     "precision": 0.9647058823529412,
     "recall": 0.9255079006772009,
     "f1-score": 0.9447004608294931,
     "support": 886.0
    },
    "3": {
     "precision": 0.968503937007874,
     "recall": 0.9111111111111111,
     "f1-score": 0.9389312977099237,
     "support": 270.0
    },
    "4": {
     "precision": 0.7430555555555556,
     "recall": 0.9385964912280702,
     "f1-score": 0.8294573643410853,
     "support": 114.0
    },
    "5": {
     "precision": 0.8916256157635468,
     "recall": 0.9378238341968912,
     "f1-score": 0.9141414141414141,
     "support": 386.0
    },
    "6": {
     "precision": 1.0,
     "recall": 1.0,
     "f1-score": 1.0,
     "support": 16.0
    },
    "7": {
     "precision": 0.25,
     "recall": 0.7142857142857143,
     "f1-score": 0.37037037037037035,
     "support": 7.0
    },
    "8": {
     "precision": 0.7164179104477612,
     "recall": 0.7309644670050761,
     "f1-score": 0.7236180904522613,
     "support": 197.0
    },
    "9": {
     "precision": 0.0,
     "recall": 0.0,
     "f1-score": 0.0,
     "support": 0.0
    },
    "10": {
     "precision": 1.0,
     "recall": 0.2857142857142857,
     "f1-score": 0.4444444444444444,
     "support": 7.0
    },
    "11": {
     "precision": 0.0,
     "recall": 0.0,
     "f1-score": 0.0,
     "support": 0.0
    },
    "12": {
     "precision": 0.0,
     "recall": 0.0,
     "f1-score": 0.0,
     "support": 0.0
    },
    "13": {
     "precision": 1.0,
     "recall": 0.12962962962962962,
     "f1-score": 0.22950819672131148,
     "support": 54.0
    },
    "14": {
     "precision": 0.0,
     "recall": 0.0,
     "f1-score": 0.0,
     "support": 0.0
    },
    "accuracy": 0.8730606488011283,
    "macro avg": {
     "precision": 0.5606699030732062,
     "recall": 0.49157556225653193,
     "f1-score": 0.48208865540671325,
     "support": 2127.0
    },
    "weighted avg": {
     "precision": 0.9059696560661165,
     "recall": 0.8730606488011283,
     "f1-score": 0.8788302584638236,
     "support": 2127.0
    }
   }
  }
 }
}