{
 "dataset": "prototype",
 "n_samples": 90579,
 "n_features": 752,
 "n_classes": 10,
 "n_train": 61593,
 "n_test": 18116,
 "transformer_params": 75168,
 "total_params": 180693,
 "config": {
  "heads": [
   "cell_type"
  ],
  "cohorts": null,
  "n_hvg": null,
  "batch_size": 256,
  "val_frac": 0.15,
  "test_frac": 0.15,
  "d_model": 96,
  "n_heads": 4,
  "d_ff": 192,
  "dropout": 0.1,
  "n_markers": 128,
  "marker_mode": "router",
  "compress_mode": "aggregate",
  "recursive_marker_refine": true,
  "recursion_depth": 4,
  "share_weights": true,
  "adaptive_depth": false,
  "marker_ffn": false,
  "recursion_mode": "expert",
  "router_capacity": null,
  "router_alpha": 1.0,
  "router_temp": 1.0,
  "router_type": "linear",
  "router_z_coeff": 0.001,
  "router_balance_coeff": 0.1,
  "lambda_marker": 0.1,
  "gamma_diversity": 0.05,
  "beta_compression": 0.01,
  "lr": 0.001,
  "weight_decay": 0.01,
  "epochs": 25,
  "patience": 6,
  "seed": 42,
  "device": "cuda"
 },
 "heads": {
  "cell_type": {
   "accuracy": 0.9297306248620004,
   "macro_f1": 0.92723881011028,
   "weighted_f1": 0.9297544923234701,
   "per_class": {
    "0": {
     "precision": 0.975177304964539,
     "recall": 0.9615384615384616,
     "f1-score": 0.9683098591549296,
     "support": 572.0
    },
    "1": {
     "precision": 0.9363241678726484,
     "recall": 0.9556868537666174,
     "f1-score": 0.945906432748538,
     "support": 677.0
    },
    "2": {
     "precision": 0.9321678321678322,
     "recall": 0.9315164220824598,
     "f1-score": 0.9318420132820692,
     "support": 1431.0
    },
    "3": {
     "precision": 0.9305473808122425,
     "recall": 0.9355029585798816,
     "f1-score": 0.9330185895544408,
     "support": 1690.0
    },
    "4": {
     "precision": 0.8542372881355932,
     "recall": 0.8888888888888888,
     "f1-score": 0.8712186689714779,
     "support": 1134.0
    },
    "5": {
     "precision": 0.8860759493670886,
     "recall": 0.8860759493670886,
     "f1-score": 0.8860759493670886,
     "support": 1422.0
    },
    "6": {
     "precision": 0.912800447177194,
     "recall": 0.9082313681868743,
     "f1-score": 0.9105101756342348,
     "support": 1798.0
    },
    "7": {
     "precision": 0.9398351648351648,
     "recall": 0.9228486646884273,
     "f1-score": 0.9312644616850415,
     "support": 3707.0
    },
    "8": {
     "precision": 0.9234144395692062,
     "recall": 0.9161060546102098,
     "f1-score": 0.919745729042511,
     "support": 2527.0
    },
    "9": {
     "precision": 0.9690043832185348,
     "recall": 0.9800506649778341,
     "f1-score": 0.9744962216624685,
     "support": 3158.0
    },
    "accuracy": 0.9297306248620004,
    "macro avg": {
     "precision": 0.9259584358120044,
     "recall": 0.9286446286686744,
     "f1-score": 0.92723881011028,
     "support": 18116.0
    },
    "weighted avg": {
     "precision": 0.9298809614321146,
     "recall": 0.9297306248620004,
     "f1-score": 0.9297544923234701,
     "support": 18116.0
    }
   }
  }
 }
}