{
 "dataset": "tabula_muris",
 "n_samples": 54865,
 "n_features": 1089,
 "n_classes": 55,
 "n_train": 32645,
 "n_test": 16458,
 "transformer_params": 75168,
 "total_params": 221775,
 "config": {
  "heads": [
   "cell_type"
  ],
  "cohorts": null,
  "n_hvg": null,
  "batch_size": 256,
  "val_frac": 0.15,
  "test_frac": 0.15,
  "d_model": 96,
  "n_heads": 4,
  "d_ff": 192,
  "dropout": 0.1,
  "n_markers": 128,
  "marker_mode": "router",
  "compress_mode": "aggregate",
  "recursive_marker_refine": true,
  "recursion_depth": 4,
  "share_weights": true,
  "adaptive_depth": false,
  "marker_ffn": false,
  "recursion_mode": "expert",
  "router_capacity": null,
  "router_alpha": 1.0,
  "router_temp": 1.0,
  "router_type": "linear",
  "router_z_coeff": 0.001,
  "router_balance_coeff": 0.1,
  "lambda_marker": 0.1,
  "gamma_diversity": 0.05,
  "beta_compression": 0.01,
  "lr": 0.001,
  "weight_decay": 0.01,
  "epochs": 25,
  "patience": 6,
  "seed": 42,
  "device": "cuda"
 },
 "heads": {
  "cell_type": {
   "accuracy": 0.6321545752825374,
   "macro_f1": 0.5602268644412782,
   "weighted_f1": 0.65276136590479,
   "per_class": {
    "0": {
     "precision": 0.784640171858217,
     "recall": 0.5872186495176849,
     "f1-score": 0.6717241379310345,
     "support": 2488.0
    },
    "1": {
     "precision": 0.01914580265095729,
     "recall": 1.0,
     "f1-score": 0.03757225433526012,
     "support": 13.0
    },
    "2": {
     "precision": 0.4827586206896552,
     "recall": 0.7,
     "f1-score": 0.5714285714285714,
     "support": 20.0
    },
    "3": {
     "precision": 0.09090909090909091,
     "recall": 0.45454545454545453,
     "f1-score": 0.15151515151515152,
     "support": 11.0
    },
    "4": {
     "precision": 0.5541310541310541,
     "recall": 0.29402872260015117,
     "f1-score": 0.38419753086419756,
     "support": 1323.0
    },
    "5": {
     "precision": 0.9714285714285714,
     "recall": 0.9807692307692307,
     "f1-score": 0.9760765550239234,
     "support": 104.0
    },
    "6": {
     "precision": 0.5045045045045045,
     "recall": 0.9491525423728814,
     "f1-score": 0.6588235294117647,
     "support": 118.0
    },
    "7": {
     "precision": 0.9100840336134454,
     "recall": 0.8161266013564431,
     "f1-score": 0.8605482717520858,
     "support": 1327.0
    },
    "8": {
     "precision": 0.3888888888888889,
     "recall": 0.7777777777777778,
     "f1-score": 0.5185185185185185,
     "support": 18.0
    },
    "9": {
     "precision": 0.4744897959183674,
     "recall": 0.5152354570637119,
     "f1-score": 0.4940239043824701,
     "support": 361.0
    },
    "10": {
     "precision": 0.896551724137931,
     "recall": 0.8914285714285715,
     "f1-score": 0.8939828080229226,
     "support": 350.0
    },
    "11": {
     "precision": 0.5091324200913242,
     "recall": 0.652046783625731,
     "f1-score": 0.5717948717948718,
     "support": 342.0
    },
    "12": {
     "precision": 0.8095238095238095,
     "recall": 0.9444444444444444,
     "f1-score": 0.8717948717948718,
     "support": 18.0
    },
    "13": {
     "precision": 0.42424242424242425,
     "recall": 0.9333333333333333,
     "f1-score": 0.5833333333333334,
     "support": 15.0
    },
    "14": {
     "precision": 0.2830188679245283,
     "recall": 0.3125,
     "f1-score": 0.297029702970297,
     "support": 48.0
    },
    "15": {
     "precision": 0.3448275862068966,
     "recall": 0.7692307692307693,
     "f1-score": 0.47619047619047616,
     "support": 13.0
    },
    "16": {
     "precision": 0.1,
     "recall": 0.625,
     "f1-score": 0.1724137931034483,
     "support": 8.0
    },
    "17": {
     "precision": 0.5,
     "recall": 0.9473684210526315,
     "f1-score": 0.6545454545454545,
     "support": 19.0
    },
    "18": {
     "precision": 0.10119047619047619,
     "recall": 0.8947368421052632,
     "f1-score": 0.18181818181818182,
     "support": 19.0
    },
    "19": {
     "precision": 0.741514360313316,
     "recall": 0.6658851113716295,
     "f1-score": 0.701667696108709,
     "support": 853.0
    },
    "20": {
     "precision": 0.09090909090909091,
     "recall": 0.25,
     "f1-score": 0.13333333333333333,
     "support": 8.0
    },
    "21": {
     "precision": 0.7766990291262136,
     "recall": 0.6130268199233716,
     "f1-score": 0.6852248394004282,
     "support": 261.0
    },
    "22": {
     "precision": 0.8571428571428571,
     "recall": 0.6521739130434783,
     "f1-score": 0.7407407407407407,
     "support": 46.0
    },
    "23": {
     "precision": 0.0975103734439834,
     "recall": 0.6911764705882353,
     "f1-score": 0.1709090909090909,
     "support": 68.0
    },
    "24": {
     "precision": 0.9099099099099099,
     "recall": 0.926605504587156,
     "f1-score": 0.9181818181818182,
     "support": 218.0
    },
    "25": {
     "precision": 0.8648648648648649,
     "recall": 0.8495575221238938,
     "f1-score": 0.8571428571428571,
     "support": 113.0
    },
    "26": {
     "precision": 0.7079646017699115,
     "recall": 0.6779661016949152,
     "f1-score": 0.6926406926406926,
     "support": 118.0
    },
    "27": {
     "precision": 0.9716446124763705,
     "recall": 0.9716446124763705,
     "f1-score": 0.9716446124763705,
     "support": 529.0
    },
    "28": {
     "precision": 0.03309692671394799,
     "recall": 0.4117647058823529,
     "f1-score": 0.061269146608315096,
     "support": 34.0
    },
    "29": {
     "precision": 0.6395348837209303,
     "recall": 0.812807881773399,
     "f1-score": 0.7158351409978309,
     "support": 406.0
    },
    "30": {
     "precision": 0.8082329317269076,
     "recall": 0.8721560130010835,
     "f1-score": 0.8389786347055758,
     "support": 923.0
    },
    "31": {
     "precision": 0.5470085470085471,
     "recall": 0.5423728813559322,
     "f1-score": 0.5446808510638298,
     "support": 118.0
    },
    "32": {
     "precision": 0.023809523809523808,
     "recall": 0.07142857142857142,
     "f1-score": 0.03571428571428571,
     "support": 14.0
    },
    "33": {
     "precision": 0.8125,
     "recall": 0.5864661654135338,
     "f1-score": 0.6812227074235808,
     "support": 133.0
    },
    "34": {
     "precision": 0.7950310559006211,
     "recall": 0.9078014184397163,
     "f1-score": 0.847682119205298,
     "support": 141.0
    },
    "35": {
     "precision": 0.9683908045977011,
     "recall": 0.9387186629526463,
     "f1-score": 0.9533239038189534,
     "support": 359.0
    },
    "36": {
     "precision": 0.7872340425531915,
     "recall": 0.9367088607594937,
     "f1-score": 0.8554913294797688,
     "support": 79.0
    },
    "37": {
     "precision": 0.4482758620689655,
     "recall": 0.4020618556701031,
     "f1-score": 0.42391304347826086,
     "support": 97.0
    },
    "38": {
     "precision": 0.6142131979695431,
     "recall": 0.8768115942028986,
     "f1-score": 0.7223880597014926,
     "support": 138.0
    },
    "39": {
     "precision": 0.5638297872340425,
     "recall": 0.762589928057554,
     "f1-score": 0.6483180428134556,
     "support": 139.0
    },
    "40": {
     "precision": 0.1,
     "recall": 0.017676767676767676,
     "f1-score": 0.030042918454935622,
     "support": 396.0
    },
    "41": {
     "precision": 0.22727272727272727,
     "recall": 0.7142857142857143,
     "f1-score": 0.3448275862068966,
     "support": 7.0
    },
    "42": {
     "precision": 0.3181818181818182,
     "recall": 0.9333333333333333,
     "f1-score": 0.4745762711864407,
     "support": 15.0
    },
    "43": {
     "precision": 0.8988173455978975,
     "recall": 0.5811384876805438,
     "f1-score": 0.7058823529411765,
     "support": 2354.0
    },
    "44": {
     "precision": 0.31009615384615385,
     "recall": 0.7565982404692082,
     "f1-score": 0.4398976982097187,
     "support": 341.0
    },
    "45": {
     "precision": 0.7183908045977011,
     "recall": 0.7961783439490446,
     "f1-score": 0.7552870090634441,
     "support": 157.0
    },
    "46": {
     "precision": 0.19230769230769232,