{
 "dataset": "baron",
 "config": "none",
 "seed": 2,
 "n_classes": 13,
 "n_test": 2571,
 "nll": 0.40835105042191155,
 "ece": 0.03011961188933613,
 "brier": 0.1679102951182093,
 "conf": 0.9153272982618897,
 "auroc": 0.873264210050675,
 "temperature": 1.3965178728103638,
 "nll_ts": 0.37925846753687437,
 "ece_ts": 0.022101273275940272,
 "brier_ts": 0.1678014748321569,
 "auroc_ts": 0.8749457921024779
}