{
 "dataset": "blca",
 "config": "none",
 "seed": 2,
 "n_classes": 2,
 "n_test": 81,
 "nll": 0.6924493223385457,
 "ece": 0.011788947402621375,
 "brier": 0.49930230378851986,
 "conf": 0.5067295711158971,
 "auroc": 0.5231990231990232,
 "temperature": 0.948671817779541,
 "nll_ts": 0.6924196593368546,
 "ece_ts": 0.011424990610262808,
 "brier_ts": 0.49927266469423615,
 "auroc_ts": 0.5231990231990232
}