{
 "dataset": "brca",
 "config": "none",
 "seed": 2,
 "n_classes": 5,
 "n_test": 104,
 "nll": 1.4004680808600867,
 "ece": 0.1349616533625586,
 "brier": 0.7078303536304816,
 "conf": 0.46855274674050423,
 "auroc": 0.5402597402597402,
 "temperature": 1.1089270114898682,
 "nll_ts": 1.3835699013045137,
 "ece_ts": 0.14383270285668825,
 "brier_ts": 0.7052642692359979,
 "auroc_ts": 0.5372912801484231
}