{
 "dataset": "muraro",
 "config": "none",
 "seed": 2,
 "n_classes": 9,
 "n_test": 637,
 "nll": 0.40116013637167713,
 "ece": 0.045365245536113846,
 "brier": 0.15969987703724844,
 "conf": 0.9330510197450759,
 "auroc": 0.874124464600655,
 "temperature": 1.3451286554336548,
 "nll_ts": 0.3606817448810372,
 "ece_ts": 0.02425123236707171,
 "brier_ts": 0.15655923109244588,
 "auroc_ts": 0.8751574703955657
}