{
 "dataset": "oesophagus",
 "config": "none",
 "seed": 2,
 "n_classes": 18,
 "n_test": 26385,
 "nll": 0.689523752913055,
 "ece": 0.018899342588153668,
 "brier": 0.3293095915684159,
 "conf": 0.7538609345867939,
 "auroc": 0.8124950815823393,
 "temperature": 0.9588010907173157,
 "nll_ts": 0.689226408845704,
 "ece_ts": 0.010684456185613544,
 "brier_ts": 0.32888531590258424,
 "auroc_ts": 0.8133307609136271
}