{
 "dataset": "prostate",
 "config": "none",
 "seed": 2,
 "n_classes": 2,
 "n_test": 203,
 "nll": 7.079620494589609,
 "ece": 0.31213605636422925,
 "brier": 0.652389652061533,
 "conf": 0.9236696850771473,
 "auroc": 0.32105263157894737,
 "temperature": 16915544.0,
 "nll_ts": 0.693147748135148,
 "ece_ts": 0.15517119444909844,
 "brier_ts": 0.5000005675752022,
 "auroc_ts": 0.3070891514500537
}