{
 "dataset": "segerstolpe",
 "config": "none",
 "seed": 2,
 "n_classes": 11,
 "n_test": 639,
 "nll": 0.5558822878026394,
 "ece": 0.03534844457402287,
 "brier": 0.25293704035173703,
 "conf": 0.8379084622064714,
 "auroc": 0.8827882903672448,
 "temperature": 1.055844783782959,
 "nll_ts": 0.5499139888079582,
 "ece_ts": 0.04029109326620368,
 "brier_ts": 0.25254243362235734,
 "auroc_ts": 0.8830685039889233
}