{
 "dataset": "stad",
 "config": "none",
 "seed": 2,
 "n_classes": 2,
 "n_test": 83,
 "nll": 0.6950819686946694,
 "ece": 0.06084044645070108,
 "brier": 0.5019342788879898,
 "conf": 0.5066235789808216,
 "auroc": 0.4753231492361927,
 "temperature": 0.9154383540153503,
 "nll_ts": 0.6952757424202773,
 "ece_ts": 0.061451978167327836,
 "brier_ts": 0.5021278891707968,
 "auroc_ts": 0.4753231492361927
}