{
 "dataset": "baron",
 "config": "bio",
 "seed": 0,
 "n_classes": 13,
 "n_test": 2571,
 "nll": 0.5352282750895475,
 "ece": 0.04557699199234994,
 "brier": 0.2587598164951221,
 "conf": 0.7877659367482174,
 "auroc": 0.8324343862957724,
 "temperature": 0.9050219655036926,
 "nll_ts": 0.5331554076991896,
 "ece_ts": 0.030276504346672093,
 "brier_ts": 0.2561160626275444,
 "auroc_ts": 0.8325915448687725
}