{
 "dataset": "blca",
 "config": "bio",
 "seed": 0,
 "n_classes": 2,
 "n_test": 81,
 "nll": 8.117419977184516,
 "ece": 0.33168584037755755,
 "brier": 0.6392538284651412,
 "conf": 0.9772552354857454,
 "auroc": 0.5633423180592992,
 "temperature": 731.6066284179688,
 "nll_ts": 0.7410305192962854,
 "ece_ts": 0.14494840383789082,
 "brier_ts": 0.5027897781045013,
 "auroc_ts": 0.47102425876010784
}