{
 "dataset": "brca",
 "config": "bio",
 "seed": 0,
 "n_classes": 5,
 "n_test": 104,
 "nll": 1.5113886972639052,
 "ece": 0.2298199181194011,
 "brier": 0.7644831943766403,
 "conf": 0.2765267097036426,
 "auroc": 0.5121212121212121,
 "temperature": 0.6032015681266785,
 "nll_ts": 1.503018586395367,
 "ece_ts": 0.20544108598582836,
 "brier_ts": 0.7505825258159835,
 "auroc_ts": 0.5196969696969697
}