{
 "dataset": "lung",
 "config": "bio",
 "seed": 0,
 "n_classes": 25,
 "n_test": 17106,
 "nll": 0.594584038265689,
 "ece": 0.04746045580599005,
 "brier": 0.27627300601870364,
 "conf": 0.8532063829413227,
 "auroc": 0.8412980366560292,
 "temperature": 1.4097036123275757,
 "nll_ts": 0.5551643965658006,
 "ece_ts": 0.013390586580251223,
 "brier_ts": 0.27207542689437797,
 "auroc_ts": 0.843645840722065
}