{
 "dataset": "oesophagus",
 "config": "bio",
 "seed": 0,
 "n_classes": 18,
 "n_test": 26385,
 "nll": 0.47893374850751225,
 "ece": 0.008789861084888799,
 "brier": 0.23210263934486267,
 "conf": 0.8397220375882547,
 "auroc": 0.8264006438913922,
 "temperature": 1.0428240299224854,
 "nll_ts": 0.47892619794895924,
 "ece_ts": 0.01333556192877174,
 "brier_ts": 0.23245775440557803,
 "auroc_ts": 0.8256629538248794
}