{
 "dataset": "prostate",
 "config": "bio",
 "seed": 0,
 "n_classes": 2,
 "n_test": 203,
 "nll": 0.6694676243421288,
 "ece": 0.1972354276399733,
 "brier": 0.47632437799987243,
 "conf": 0.5303179254767298,
 "auroc": 0.5473443883681808,
 "temperature": 0.6113184690475464,
 "nll_ts": 0.657193650475671,
 "ece_ts": 0.19170968167893315,
 "brier_ts": 0.46400757045631064,
 "auroc_ts": 0.5473443883681808
}