{
 "dataset": "spleen",
 "config": "bio",
 "seed": 0,
 "n_classes": 28,
 "n_test": 28239,
 "nll": 1.2294023448508862,
 "ece": 0.017140269732243352,
 "brier": 0.5483115768543831,
 "conf": 0.5675111189071371,
 "auroc": 0.7525771287112448,
 "temperature": 1.0147581100463867,
 "nll_ts": 1.2293509569016803,
 "ece_ts": 0.019844400916792702,
 "brier_ts": 0.5484682444246751,
 "auroc_ts": 0.7526460790366294
}