{
 "dataset": "stad",
 "config": "bio",
 "seed": 0,
 "n_classes": 2,
 "n_test": 83,
 "nll": 7.229589123175386,
 "ece": 0.44883490429536743,
 "brier": 0.899885362576582,
 "conf": 0.8505313695682339,
 "auroc": 0.6092261904761904,
 "temperature": 1098.2308349609375,
 "nll_ts": 0.6996611402679523,
 "ece_ts": 0.10253370145627067,
 "brier_ts": 0.5073246116998763,
 "auroc_ts": 0.5761904761904763
}