{
 "dataset": "tcell",
 "config": "bio",
 "seed": 0,
 "n_classes": 7,
 "n_test": 7203,
 "nll": 1.105856490373693,
 "ece": 0.05229064858858102,
 "brier": 0.6000645117293768,
 "conf": 0.5243615091301331,
 "auroc": 0.6129689817322636,
 "temperature": 1.020541787147522,
 "nll_ts": 1.1054797529223923,
 "ece_ts": 0.052651806323470815,
 "brier_ts": 0.5995937715731962,
 "auroc_ts": 0.6141216532170322
}