{
 "dataset": "wang",
 "config": "bio",
 "seed": 0,
 "n_classes": 7,
 "n_test": 138,
 "nll": 1.892105686245765,
 "ece": 0.15612219245977568,
 "brier": 0.8423557048263138,
 "conf": 0.1693138179716252,
 "auroc": 0.4441326530612245,
 "temperature": 0.0032315044663846493,
 "nll_ts": 10.935419526730504,
 "ece_ts": 0.6416691342897746,
 "brier_ts": 1.3479050830105788,
 "auroc_ts": 0.3625
}