{
 "dataset": "common_class",
 "n_samples": 27499,
 "n_features": 1089,
 "n_classes": 19,
 "n_train": 16361,
 "n_test": 8250,
 "transformer_params": 75168,
 "total_params": 214791,
 "config": {
  "heads": [
   "cell_type"
  ],
  "cohorts": null,
  "n_hvg": null,
  "n_channels": 1,
  "batch_size": 128,
  "val_frac": 0.15,
  "test_frac": 0.15,
  "d_model": 96,
  "n_heads": 4,
  "d_ff": 192,
  "dropout": 0.1,
  "n_markers": 128,
  "marker_mode": "router",
  "pathway_pool": "mean",
  "compress_mode": "aggregate",
  "recursive_marker_refine": true,
  "peak_init": true,
  "anneal_markers": true,
  "recursion_depth": 4,
  "share_weights": true,
  "adaptive_depth": false,
  "marker_ffn": false,
  "recursion_mode": "expert",
  "router_capacity": null,
  "router_alpha": 1.0,
  "router_temp": 1.0,
  "router_type": "linear",
  "router_z_coeff": 0.001,
  "router_balance_coeff": 0.1,
  "gene_interaction": "none",
  "interaction_knn": 16,
  "router_prior_beta": 1.0,
  "router_prior_anneal": true,
  "pathway_attn_bias": false,
  "pathway_attn_lambda": 2.0,
  "lambda_marker": 0.1,
  "gamma_diversity": 0.05,
  "beta_compression": 0.01,
  "lr": 0.001,
  "weight_decay": 1e-05,
  "epochs": 150,
  "patience": 15,
  "seed": 2,
  "device": "cuda"
 },
 "heads": {
  "cell_type": {
   "accuracy": 0.7927272727272727,
   "macro_f1": 0.6251621581080682,
   "weighted_f1": 0.7976740788854948,
   "per_class": {
    "0": {
     "precision": 0.6161616161616161,
     "recall": 0.8026315789473685,
     "f1-score": 0.6971428571428572,
     "support": 76.0
    },
    "1": {
     "precision": 0.5659824046920822,
     "recall": 0.5902140672782875,
     "f1-score": 0.5778443113772455,
     "support": 327.0
    },
    "2": {
     "precision": 0.5666666666666667,
     "recall": 0.6428571428571429,
     "f1-score": 0.6023622047244095,
     "support": 238.0
    },
    "3": {
     "precision": 0.6209150326797386,
     "recall": 0.5688622754491018,
     "f1-score": 0.59375,
     "support": 167.0
    },
    "4": {
     "precision": 0.5465116279069767,
     "recall": 0.5875,
     "f1-score": 0.5662650602409639,
     "support": 160.0
    },
    "5": {
     "precision": 0.4980544747081712,
     "recall": 0.5224489795918368,
     "f1-score": 0.5099601593625498,
     "support": 245.0
    },
    "6": {
     "precision": 0.38461538461538464,
     "recall": 0.5042016806722689,
     "f1-score": 0.43636363636363634,
     "support": 119.0
    },
    "7": {
     "precision": 0.8108651911468813,
     "recall": 0.6005961251862891,
     "f1-score": 0.690068493150685,
     "support": 671.0
    },
    "8": {
     "precision": 0.49765258215962443,
     "recall": 0.7361111111111112,
     "f1-score": 0.5938375350140056,
     "support": 144.0
    },
    "9": {
     "precision": 0.7065462753950339,
     "recall": 0.7597087378640777,
     "f1-score": 0.7321637426900585,
     "support": 412.0
    },
    "10": {
     "precision": 0.569060773480663,
     "recall": 0.6204819277108434,
     "f1-score": 0.5936599423631124,
     "support": 166.0
    },
    "11": {
     "precision": 0.8235294117647058,
     "recall": 0.6027397260273972,
     "f1-score": 0.696045197740113,
     "support": 511.0
    },
    "12": {
     "precision": 0.6644951140065146,
     "recall": 0.7727272727272727,
     "f1-score": 0.7145359019264448,
     "support": 528.0
    },
    "13": {
     "precision": 0.3434343434343434,
     "recall": 0.3617021276595745,
     "f1-score": 0.35233160621761656,
     "support": 94.0
    },
    "14": {
     "precision": 0.6,
     "recall": 0.42857142857142855,
     "f1-score": 0.5,
     "support": 14.0
    },
    "15": {
     "precision": 0.3388704318936877,
     "recall": 0.5074626865671642,
     "f1-score": 0.4063745019920319,
     "support": 201.0
    },
    "16": {
     "precision": 0.9883585564610011,
     "recall": 0.9604072398190046,
     "f1-score": 0.9741824440619621,
     "support": 884.0
    },
    "17": {
     "precision": 0.976407675369613,
     "recall": 0.9503980404164115,
     "f1-score": 0.9632273079906905,
     "support": 3266.0
    },
    "18": {
     "precision": 0.625,
     "recall": 0.7407407407407407,
     "f1-score": 0.6779661016949152,
     "support": 27.0
    },
    "accuracy": 0.7927272727272727,
    "macro avg": {
     "precision": 0.6180593453969845,
     "recall": 0.6452822573261748,
     "f1-score": 0.6251621581080682,
     "support": 8250.0
    },
    "weighted avg": {
     "precision": 0.8105474277751585,
     "recall": 0.7927272727272727,
     "f1-score": 0.7976740788854948,
     "support": 8250.0
    }
   }
  }
 }
}