{
 "dataset": "pancreas",
 "n_samples": 14767,
 "n_features": 1936,
 "n_classes": 15,
 "n_train": 10744,
 "n_test": 2127,
 "transformer_params": 75168,
 "total_params": 295327,
 "config": {
  "heads": [
   "cell_type"
  ],
  "cohorts": null,
  "n_hvg": null,
  "n_channels": 1,
  "batch_size": 128,
  "val_frac": 0.15,
  "test_frac": 0.15,
  "d_model": 96,
  "n_heads": 4,
  "d_ff": 192,
  "dropout": 0.1,
  "n_markers": 128,
  "marker_mode": "router",
  "compress_mode": "aggregate",
  "recursive_marker_refine": true,
  "peak_init": true,
  "anneal_markers": true,
  "recursion_depth": 4,
  "share_weights": true,
  "adaptive_depth": false,
  "marker_ffn": false,
  "recursion_mode": "expert",
  "router_capacity": null,
  "router_alpha": 1.0,
  "router_temp": 1.0,
  "router_type": "linear",
  "router_z_coeff": 0.001,
  "router_balance_coeff": 0.1,
  "gene_interaction": "none",
  "interaction_knn": 16,
  "router_prior_beta": 1.0,
  "router_prior_anneal": true,
  "lambda_marker": 0.1,
  "gamma_diversity": 0.05,
  "beta_compression": 0.01,
  "lr": 0.001,
  "weight_decay": 1e-05,
  "epochs": 150,
  "patience": 15,
  "seed": 2,
  "device": "cuda"
 },
 "heads": {
  "cell_type": {
   "accuracy": 0.9092618711800659,
   "macro_f1": 0.5223876577949838,
   "weighted_f1": 0.9091492030942934,
   "per_class": {
    "0": {
     "precision": 0.0,
     "recall": 0.0,
     "f1-score": 0.0,
     "support": 5.0
    },
    "1": {
     "precision": 0.9828571428571429,
     "recall": 0.9297297297297298,
     "f1-score": 0.9555555555555556,
     "support": 185.0
    },
    "2": {
     "precision": 0.9811320754716981,
     "recall": 0.9390519187358917,
     "f1-score": 0.9596309111880046,
     "support": 886.0
    },
    "3": {
     "precision": 0.9379562043795621,
     "recall": 0.9518518518518518,
     "f1-score": 0.9448529411764706,
     "support": 270.0
    },
    "4": {
     "precision": 0.684931506849315,
     "recall": 0.8771929824561403,
     "f1-score": 0.7692307692307693,
     "support": 114.0
    },
    "5": {
     "precision": 0.9358024691358025,
     "recall": 0.9818652849740933,
     "f1-score": 0.9582806573957017,
     "support": 386.0
    },
    "6": {
     "precision": 0.9375,
     "recall": 0.9375,
     "f1-score": 0.9375,
     "support": 16.0
    },
    "7": {
     "precision": 0.5,
     "recall": 0.2857142857142857,
     "f1-score": 0.36363636363636365,
     "support": 7.0
    },
    "8": {
     "precision": 0.8181818181818182,
     "recall": 0.868020304568528,
     "f1-score": 0.8423645320197044,
     "support": 197.0
    },
    "9": {
     "precision": 0.0,
     "recall": 0.0,
     "f1-score": 0.0,
     "support": 0.0
    },
    "10": {
     "precision": 1.0,
     "recall": 0.2857142857142857,
     "f1-score": 0.4444444444444444,
     "support": 7.0
    },
    "11": {
     "precision": 0.0,
     "recall": 0.0,
     "f1-score": 0.0,
     "support": 0.0
    },
    "13": {
     "precision": 1.0,
     "recall": 0.07407407407407407,
     "f1-score": 0.13793103448275862,
     "support": 54.0
    },
    "14": {
     "precision": 0.0,
     "recall": 0.0,
     "f1-score": 0.0,
     "support": 0.0
    },
    "accuracy": 0.9092618711800659,
    "macro avg": {
     "precision": 0.6270258012053814,
     "recall": 0.5093367655584915,
     "f1-score": 0.5223876577949838,
     "support": 2127.0
    },
    "weighted avg": {
     "precision": 0.9329306669149212,
     "recall": 0.9092618711800659,
     "f1-score": 0.9091492030942934,
     "support": 2127.0
    }
   }
  }
 }
}