{
 "dataset": "prototype",
 "n_samples": 90579,
 "n_features": 752,
 "n_classes": 10,
 "n_train": 53894,
 "n_test": 27174,
 "transformer_params": 75168,
 "total_params": 180693,
 "config": {
  "heads": [
   "cell_type"
  ],
  "cohorts": null,
  "n_hvg": null,
  "n_channels": 1,
  "batch_size": 128,
  "val_frac": 0.15,
  "test_frac": 0.15,
  "d_model": 96,
  "n_heads": 4,
  "d_ff": 192,
  "dropout": 0.1,
  "n_markers": 128,
  "marker_mode": "router",
  "pathway_pool": "mean",
  "compress_mode": "aggregate",
  "recursive_marker_refine": true,
  "peak_init": true,
  "anneal_markers": true,
  "recursion_depth": 4,
  "share_weights": true,
  "adaptive_depth": false,
  "marker_ffn": false,
  "recursion_mode": "expert",
  "router_capacity": null,
  "router_alpha": 1.0,
  "router_temp": 1.0,
  "router_type": "linear",
  "router_z_coeff": 0.001,
  "router_balance_coeff": 0.1,
  "gene_interaction": "none",
  "interaction_knn": 16,
  "router_prior_beta": 1.0,
  "router_prior_anneal": true,
  "pathway_attn_bias": false,
  "pathway_attn_lambda": 2.0,
  "lambda_marker": 0.1,
  "gamma_diversity": 0.05,
  "beta_compression": 0.01,
  "lr": 0.001,
  "weight_decay": 1e-05,
  "epochs": 150,
  "patience": 15,
  "seed": 2,
  "device": "cuda"
 },
 "heads": {
  "cell_type": {
   "accuracy": 0.943548980643262,
   "macro_f1": 0.9370792704855763,
   "weighted_f1": 0.9434621618520113,
   "per_class": {
    "0": {
     "precision": 0.9731308411214953,
     "recall": 0.969732246798603,
     "f1-score": 0.9714285714285714,
     "support": 859.0
    },
    "1": {
     "precision": 0.9496544916090819,
     "recall": 0.9477832512315271,
     "f1-score": 0.9487179487179487,
     "support": 1015.0
    },
    "2": {
     "precision": 0.9207373271889401,
     "recall": 0.9310344827586207,
     "f1-score": 0.9258572752548656,
     "support": 2146.0
    },
    "3": {
     "precision": 0.9283236994219654,
     "recall": 0.9502958579881656,
     "f1-score": 0.9391812865497076,
     "support": 2535.0
    },
    "4": {
     "precision": 0.8929219600725953,
     "recall": 0.8682352941176471,
     "f1-score": 0.8804056069191769,
     "support": 1700.0
    },
    "5": {
     "precision": 0.9085995085995086,
     "recall": 0.86685419596812,
     "f1-score": 0.8872360844529751,
     "support": 2133.0
    },
    "6": {
     "precision": 0.9157323688969259,
     "recall": 0.9388209121245829,
     "f1-score": 0.9271329183449286,
     "support": 2697.0
    },
    "7": {
     "precision": 0.9572940965368743,
     "recall": 0.9593598273691782,
     "f1-score": 0.9583258487515718,
     "support": 5561.0
    },
    "8": {
     "precision": 0.9453836150845254,
     "recall": 0.9588499076760749,
     "f1-score": 0.9520691461498166,
     "support": 3791.0
    },
    "9": {
     "precision": 0.9875776397515528,
     "recall": 0.9734008866371121,
     "f1-score": 0.9804380182862003,
     "support": 4737.0
    },
    "accuracy": 0.943548980643262,
    "macro avg": {
     "precision": 0.9379355548283466,
     "recall": 0.9364366862669632,
     "f1-score": 0.9370792704855763,
     "support": 27174.0
    },
    "weighted avg": {
     "precision": 0.9435629241812027,
     "recall": 0.943548980643262,
     "f1-score": 0.9434621618520113,
     "support": 27174.0
    }
   }
  }
 }
}