{
 "dataset": "tabula_muris",
 "n_samples": 54865,
 "n_features": 1089,
 "n_classes": 55,
 "n_train": 32645,
 "n_test": 16458,
 "transformer_params": 75168,
 "total_params": 221775,
 "config": {
  "heads": [
   "cell_type"
  ],
  "cohorts": null,
  "n_hvg": null,
  "n_channels": 1,
  "batch_size": 128,
  "val_frac": 0.15,
  "test_frac": 0.15,
  "d_model": 96,
  "n_heads": 4,
  "d_ff": 192,
  "dropout": 0.1,
  "n_markers": 128,
  "marker_mode": "router",
  "compress_mode": "aggregate",
  "recursive_marker_refine": true,
  "peak_init": true,
  "anneal_markers": true,
  "recursion_depth": 4,
  "share_weights": true,
  "adaptive_depth": false,
  "marker_ffn": false,
  "recursion_mode": "expert",
  "router_capacity": null,
  "router_alpha": 1.0,
  "router_temp": 1.0,
  "router_type": "linear",
  "router_z_coeff": 0.001,
  "router_balance_coeff": 0.1,
  "gene_interaction": "none",
  "interaction_knn": 16,
  "router_prior_beta": 1.0,
  "router_prior_anneal": true,
  "lambda_marker": 0.1,
  "gamma_diversity": 0.05,
  "beta_compression": 0.01,
  "lr": 0.001,
  "weight_decay": 1e-05,
  "epochs": 150,
  "patience": 15,
  "seed": 2,
  "device": "cuda"
 },
 "heads": {
  "cell_type": {
   "accuracy": 0.8285332361161745,
   "macro_f1": 0.7369245893823905,
   "weighted_f1": 0.8306755046814431,
   "per_class": {
    "0": {
     "precision": 0.946988973706531,
     "recall": 0.897508038585209,
     "f1-score": 0.9215848122162609,
     "support": 2488.0
    },
    "1": {
     "precision": 0.20512820512820512,
     "recall": 0.6153846153846154,
     "f1-score": 0.3076923076923077,
     "support": 13.0
    },
    "2": {
     "precision": 0.5555555555555556,
     "recall": 0.75,
     "f1-score": 0.6382978723404256,
     "support": 20.0
    },
    "3": {
     "precision": 0.5555555555555556,
     "recall": 0.9090909090909091,
     "f1-score": 0.6896551724137931,
     "support": 11.0
    },
    "4": {
     "precision": 0.9422413793103448,
     "recall": 0.8261526832955405,
     "f1-score": 0.8803866290777286,
     "support": 1323.0
    },
    "5": {
     "precision": 0.9183673469387755,
     "recall": 0.8653846153846154,
     "f1-score": 0.8910891089108911,
     "support": 104.0
    },
    "6": {
     "precision": 0.896,
     "recall": 0.9491525423728814,
     "f1-score": 0.9218106995884774,
     "support": 118.0
    },
    "7": {
     "precision": 0.9781696053736356,
     "recall": 0.8779201205727204,
     "f1-score": 0.9253375694996029,
     "support": 1327.0
    },
    "8": {
     "precision": 0.5769230769230769,
     "recall": 0.8333333333333334,
     "f1-score": 0.6818181818181818,
     "support": 18.0
    },
    "9": {
     "precision": 0.703030303030303,
     "recall": 0.96398891966759,
     "f1-score": 0.8130841121495327,
     "support": 361.0
    },
    "10": {
     "precision": 0.9712643678160919,
     "recall": 0.9657142857142857,
     "f1-score": 0.9684813753581661,
     "support": 350.0
    },
    "11": {
     "precision": 0.6061946902654868,
     "recall": 0.8011695906432749,
     "f1-score": 0.690176322418136,
     "support": 342.0
    },
    "12": {
     "precision": 1.0,
     "recall": 0.8888888888888888,
     "f1-score": 0.9411764705882353,
     "support": 18.0
    },
    "13": {
     "precision": 0.9375,
     "recall": 1.0,
     "f1-score": 0.967741935483871,
     "support": 15.0
    },
    "14": {
     "precision": 0.48484848484848486,
     "recall": 0.3333333333333333,
     "f1-score": 0.3950617283950617,
     "support": 48.0
    },
    "15": {
     "precision": 0.10714285714285714,
     "recall": 0.23076923076923078,
     "f1-score": 0.14634146341463414,
     "support": 13.0
    },
    "16": {
     "precision": 1.0,
     "recall": 0.875,
     "f1-score": 0.9333333333333333,
     "support": 8.0
    },
    "17": {
     "precision": 0.7037037037037037,
     "recall": 1.0,
     "f1-score": 0.8260869565217391,
     "support": 19.0
    },
    "18": {
     "precision": 0.6923076923076923,
     "recall": 0.9473684210526315,
     "f1-score": 0.8,
     "support": 19.0
    },
    "19": {
     "precision": 0.9131034482758621,
     "recall": 0.776084407971864,
     "f1-score": 0.8390367553865653,
     "support": 853.0
    },
    "20": {
     "precision": 0.7272727272727273,
     "recall": 1.0,
     "f1-score": 0.8421052631578947,
     "support": 8.0
    },
    "21": {
     "precision": 0.8392857142857143,
     "recall": 0.9003831417624522,
     "f1-score": 0.8687615526802218,
     "support": 261.0
    },
    "22": {
     "precision": 0.926829268292683,
     "recall": 0.8260869565217391,
     "f1-score": 0.8735632183908046,
     "support": 46.0
    },
    "23": {
     "precision": 0.6666666666666666,
     "recall": 0.7058823529411765,
     "f1-score": 0.6857142857142857,
     "support": 68.0
    },
    "24": {
     "precision": 0.926605504587156,
     "recall": 0.926605504587156,
     "f1-score": 0.926605504587156,
     "support": 218.0
    },
    "25": {
     "precision": 0.8717948717948718,
     "recall": 0.9026548672566371,
     "f1-score": 0.8869565217391304,
     "support": 113.0
    },
    "26": {
     "precision": 0.7870370370370371,
     "recall": 0.7203389830508474,
     "f1-score": 0.7522123893805309,
     "support": 118.0
    },
    "27": {
     "precision": 0.998109640831758,
     "recall": 0.998109640831758,
     "f1-score": 0.998109640831758,
     "support": 529.0
    },
    "28": {
     "precision": 0.08527131782945736,
     "recall": 0.6470588235294118,
     "f1-score": 0.1506849315068493,
     "support": 34.0
    },
    "29": {
     "precision": 0.8891566265060241,
     "recall": 0.9088669950738916,
     "f1-score": 0.8989037758830695,
     "support": 406.0
    },
    "30": {
     "precision": 0.8553639846743295,
     "recall": 0.9674972914409534,
     "f1-score": 0.9079816980172852,
     "support": 923.0
    },
    "31": {
     "precision": 0.746268656716418,
     "recall": 0.847457627118644,
     "f1-score": 0.7936507936507936,
     "support": 118.0
    },
    "32": {
     "precision": 0.42857142857142855,
     "recall": 0.42857142857142855,
     "f1-score": 0.42857142857142855,
     "support": 14.0
    },
    "33": {
     "precision": 0.8253968253968254,
     "recall": 0.7819548872180451,
     "f1-score": 0.803088803088803,
     "support": 133.0
    },
    "34": {
     "precision": 0.8601398601398601,
     "recall": 0.8723404255319149,
     "f1-score": 0.8661971830985915,
     "support": 141.0
    },
    "35": {
     "precision": 0.988795518207283,
     "recall": 0.9832869080779945,
     "f1-score": 0.9860335195530726,
     "support": 359.0
    },
    "36": {
     "precision": 0.7708333333333334,
     "recall": 0.9367088607594937,
     "f1-score": 0.8457142857142858,
     "support": 79.0
    },
    "37": {
     "precision": 0.3448275862068966,
     "recall": 0.5154639175257731,
     "f1-score": 0.4132231404958678,
     "support": 97.0
    },
    "38": {
     "precision": 0.8516129032258064,
     "recall": 0.9565217391304348,
     "f1-score": 0.9010238907849829,
     "support": 138.0
    },
    "39": {
     "precision": 0.7986111111111112,
     "recall": 0.8273381294964028,
     "f1-score": 0.8127208480565371,
     "support": 139.0
    },
    "40": {
     "precision": 0.472,
     "recall": 0.29797979797979796,
     "f1-score": 0.3653250773993808,
     "support": 396.0
    },
    "41": {
     "precision": 0.45454545454545453,
     "recall": 0.7142857142857143,
     "f1-score": 0.5555555555555556,
     "support": 7.0
    },
    "42": {
     "precision": 0.7333333333333333,
     "recall": 0.7333333333333333,
     "f1-score": 0.7333333333333333,
     "support": 15.0
    },
    "43": {
     "precision": 0.9184899184899185,
     "recall": 0.9095157179269329,
     "f1-score": 0.9139807897545358,
     "support": 2354.0
    },
    "44": {
     "precision": 0.42900302114803623,
     "recall": 0.8328445747800587,
     "f1-score": 0.5663010967098704,
     "support": 341.0
    },
    "45": {
     "precision": 0.6095238095238096,