{
 "dataset": "baron",
 "n_samples": 8569,
 "n_features": 1936,
 "n_classes": 14,
 "n_train": 5098,
 "n_test": 2571,
 "transformer_params": 74784,
 "total_params": 294749,
 "config": {
  "heads": [
   "cell_type"
  ],
  "cohorts": null,
  "n_hvg": null,
  "n_channels": 1,
  "batch_size": 128,
  "val_frac": 0.15,
  "test_frac": 0.15,
  "d_model": 96,
  "n_heads": 4,
  "d_ff": 192,
  "dropout": 0.1,
  "n_markers": 128,
  "marker_mode": "router",
  "pathway_pool": "mean",
  "compress_mode": "aggregate",
  "recursive_marker_refine": true,
  "peak_init": true,
  "anneal_markers": true,
  "recursion_depth": 4,
  "share_weights": true,
  "share_strategy": "cycle",
  "n_unique_blocks": null,
  "step_cache": false,
  "adaptive_depth": false,
  "marker_ffn": false,
  "recursion_mode": "fixed",
  "router_capacity": null,
  "router_alpha": 1.0,
  "router_temp": 1.0,
  "router_type": "linear",
  "router_z_coeff": 0.001,
  "router_balance_coeff": 0.1,
  "gene_interaction": "none",
  "interaction_knn": 16,
  "router_prior_beta": 1.0,
  "router_prior_anneal": true,
  "pathway_attn_bias": false,
  "pathway_attn_lambda": 2.0,
  "lambda_marker": 0.1,
  "gamma_diversity": 0.05,
  "beta_compression": 0.01,
  "lr": 0.001,
  "weight_decay": 1e-05,
  "epochs": 80,
  "patience": 12,
  "seed": 0,
  "device": "cuda"
 },
 "heads": {
  "cell_type": {
   "accuracy": 0.8763127187864644,
   "macro_f1": 0.6561434394589252,
   "weighted_f1": 0.8823592967105158,
   "per_class": {
    "0": {
     "precision": 0.9568345323741008,
     "recall": 0.926829268292683,
     "f1-score": 0.9415929203539823,
     "support": 287.0
    },
    "1": {
     "precision": 0.8208955223880597,
     "recall": 0.6470588235294118,
     "f1-score": 0.7236842105263158,
     "support": 85.0
    },
    "2": {
     "precision": 0.9554234769687965,
     "recall": 0.9212034383954155,
     "f1-score": 0.9380014587892049,
     "support": 698.0
    },
    "3": {
     "precision": 0.9697406340057637,
     "recall": 0.8878627968337731,
     "f1-score": 0.9269972451790633,
     "support": 758.0
    },
    "4": {
     "precision": 0.6510638297872341,
     "recall": 0.85,
     "f1-score": 0.7373493975903614,
     "support": 180.0
    },
    "5": {
     "precision": 0.9074074074074074,
     "recall": 0.9102167182662538,
     "f1-score": 0.9088098918083463,
     "support": 323.0
    },
    "6": {
     "precision": 0.7887323943661971,
     "recall": 0.7368421052631579,
     "f1-score": 0.7619047619047619,
     "support": 76.0
    },
    "7": {
     "precision": 0.2857142857142857,
     "recall": 0.4,
     "f1-score": 0.3333333333333333,
     "support": 5.0
    },
    "8": {
     "precision": 0.4732142857142857,
     "recall": 0.6883116883116883,
     "f1-score": 0.5608465608465608,
     "support": 77.0
    },
    "9": {
     "precision": 0.7777777777777778,
     "recall": 0.8235294117647058,
     "f1-score": 0.8,
     "support": 17.0
    },
    "10": {
     "precision": 0.25,
     "recall": 0.2857142857142857,
     "f1-score": 0.26666666666666666,
     "support": 7.0
    },
    "11": {
     "precision": 0.5194805194805194,
     "recall": 0.7692307692307693,
     "f1-score": 0.6201550387596899,
     "support": 52.0
    },
    "12": {
     "precision": 1.0,
     "recall": 0.5,
     "f1-score": 0.6666666666666666,
     "support": 4.0
    },
    "13": {
     "precision": 0.0,
     "recall": 0.0,
     "f1-score": 0.0,
     "support": 2.0
    },
    "accuracy": 0.8763127187864644,
    "macro avg": {
     "precision": 0.6683060475703162,
     "recall": 0.6676285218287247,
     "f1-score": 0.6561434394589252,
     "support": 2571.0
    },
    "weighted avg": {
     "precision": 0.8947552089789371,
     "recall": 0.8763127187864644,
     "f1-score": 0.8823592967105158,
     "support": 2571.0
    }
   }
  }
 }
}