{
 "dataset": "common_class",
 "n_samples": 27499,
 "n_features": 1089,
 "n_classes": 19,
 "n_train": 16361,
 "n_test": 8250,
 "transformer_params": 74784,
 "total_params": 214407,
 "config": {
  "heads": [
   "cell_type"
  ],
  "cohorts": null,
  "n_hvg": null,
  "n_channels": 1,
  "batch_size": 128,
  "val_frac": 0.15,
  "test_frac": 0.15,
  "d_model": 96,
  "n_heads": 4,
  "d_ff": 192,
  "dropout": 0.1,
  "n_markers": 128,
  "marker_mode": "router",
  "pathway_pool": "mean",
  "compress_mode": "aggregate",
  "recursive_marker_refine": true,
  "peak_init": true,
  "anneal_markers": true,
  "recursion_depth": 4,
  "share_weights": true,
  "share_strategy": "cycle",
  "n_unique_blocks": null,
  "step_cache": false,
  "adaptive_depth": false,
  "marker_ffn": false,
  "recursion_mode": "fixed",
  "router_capacity": null,
  "router_alpha": 1.0,
  "router_temp": 1.0,
  "router_type": "linear",
  "router_z_coeff": 0.001,
  "router_balance_coeff": 0.1,
  "gene_interaction": "none",
  "interaction_knn": 16,
  "router_prior_beta": 1.0,
  "router_prior_anneal": true,
  "pathway_attn_bias": false,
  "pathway_attn_lambda": 2.0,
  "lambda_marker": 0.1,
  "gamma_diversity": 0.05,
  "beta_compression": 0.01,
  "lr": 0.001,
  "weight_decay": 1e-05,
  "epochs": 80,
  "patience": 12,
  "seed": 0,
  "device": "cuda"
 },
 "heads": {
  "cell_type": {
   "accuracy": 0.8403636363636363,
   "macro_f1": 0.7036039545618699,
   "weighted_f1": 0.8433962088862305,
   "per_class": {
    "0": {
     "precision": 0.5652173913043478,
     "recall": 0.6842105263157895,
     "f1-score": 0.6190476190476191,
     "support": 76.0
    },
    "1": {
     "precision": 0.5853658536585366,
     "recall": 0.5871559633027523,
     "f1-score": 0.5862595419847328,
     "support": 327.0
    },
    "2": {
     "precision": 0.5185185185185185,
     "recall": 0.5882352941176471,
     "f1-score": 0.5511811023622047,
     "support": 238.0
    },
    "3": {
     "precision": 0.7666666666666667,
     "recall": 0.688622754491018,
     "f1-score": 0.7255520504731862,
     "support": 167.0
    },
    "4": {
     "precision": 0.6557377049180327,
     "recall": 0.75,
     "f1-score": 0.6997084548104956,
     "support": 160.0
    },
    "5": {
     "precision": 0.6753246753246753,
     "recall": 0.636734693877551,
     "f1-score": 0.6554621848739496,
     "support": 245.0
    },
    "6": {
     "precision": 0.49264705882352944,
     "recall": 0.5630252100840336,
     "f1-score": 0.5254901960784314,
     "support": 119.0
    },
    "7": {
     "precision": 0.862015503875969,
     "recall": 0.8286140089418778,
     "f1-score": 0.8449848024316109,
     "support": 671.0
    },
    "8": {
     "precision": 0.5035971223021583,
     "recall": 0.4861111111111111,
     "f1-score": 0.49469964664310956,
     "support": 144.0
    },
    "9": {
     "precision": 0.7018779342723005,
     "recall": 0.7257281553398058,
     "f1-score": 0.7136038186157518,
     "support": 412.0
    },
    "10": {
     "precision": 0.6647398843930635,
     "recall": 0.6927710843373494,
     "f1-score": 0.6784660766961652,
     "support": 166.0
    },
    "11": {
     "precision": 0.8404255319148937,
     "recall": 0.7729941291585127,
     "f1-score": 0.8053007135575942,
     "support": 511.0
    },
    "12": {
     "precision": 0.875,
     "recall": 0.8617424242424242,
     "f1-score": 0.8683206106870229,
     "support": 528.0
    },
    "13": {
     "precision": 0.3717948717948718,
     "recall": 0.6170212765957447,
     "f1-score": 0.464,
     "support": 94.0
    },
    "14": {
     "precision": 0.9333333333333333,
     "recall": 1.0,
     "f1-score": 0.9655172413793104,
     "support": 14.0
    },
    "15": {
     "precision": 0.5245098039215687,
     "recall": 0.5323383084577115,
     "f1-score": 0.528395061728395,
     "support": 201.0
    },
    "16": {
     "precision": 0.9829931972789115,
     "recall": 0.9807692307692307,
     "f1-score": 0.9818799546998868,
     "support": 884.0
    },
    "17": {
     "precision": 0.9793878825733916,
     "recall": 0.9601959583588487,
     "f1-score": 0.9696969696969697,
     "support": 3266.0
    },
    "18": {
     "precision": 0.6785714285714286,
     "recall": 0.7037037037037037,
     "f1-score": 0.6909090909090909,
     "support": 27.0
    },
    "accuracy": 0.8403636363636363,
    "macro avg": {
     "precision": 0.6935644401813787,
     "recall": 0.7189459912213217,
     "f1-score": 0.7036039545618699,
     "support": 8250.0
    },
    "weighted avg": {
     "precision": 0.8480155072451127,
     "recall": 0.8403636363636363,
     "f1-score": 0.8433962088862305,
     "support": 8250.0
    }
   }
  }
 }
}