{
 "dataset": "prototype",
 "n_samples": 90579,
 "n_features": 752,
 "n_classes": 10,
 "n_train": 53894,
 "n_test": 27174,
 "transformer_params": 74784,
 "total_params": 180309,
 "config": {
  "heads": [
   "cell_type"
  ],
  "cohorts": null,
  "n_hvg": null,
  "n_channels": 1,
  "batch_size": 128,
  "val_frac": 0.15,
  "test_frac": 0.15,
  "d_model": 96,
  "n_heads": 4,
  "d_ff": 192,
  "dropout": 0.1,
  "n_markers": 128,
  "marker_mode": "router",
  "pathway_pool": "mean",
  "compress_mode": "aggregate",
  "recursive_marker_refine": true,
  "peak_init": true,
  "anneal_markers": true,
  "recursion_depth": 4,
  "share_weights": true,
  "share_strategy": "cycle",
  "n_unique_blocks": null,
  "step_cache": false,
  "adaptive_depth": false,
  "marker_ffn": false,
  "recursion_mode": "fixed",
  "router_capacity": null,
  "router_alpha": 1.0,
  "router_temp": 1.0,
  "router_type": "linear",
  "router_z_coeff": 0.001,
  "router_balance_coeff": 0.1,
  "gene_interaction": "none",
  "interaction_knn": 16,
  "router_prior_beta": 1.0,
  "router_prior_anneal": true,
  "pathway_attn_bias": false,
  "pathway_attn_lambda": 2.0,
  "lambda_marker": 0.1,
  "gamma_diversity": 0.05,
  "beta_compression": 0.01,
  "lr": 0.001,
  "weight_decay": 1e-05,
  "epochs": 80,
  "patience": 12,
  "seed": 0,
  "device": "cuda"
 },
 "heads": {
  "cell_type": {
   "accuracy": 0.9445057775815118,
   "macro_f1": 0.9387536848746215,
   "weighted_f1": 0.9446240759406055,
   "per_class": {
    "0": {
     "precision": 0.9452513966480447,
     "recall": 0.9848661233993015,
     "f1-score": 0.9646522234891676,
     "support": 859.0
    },
    "1": {
     "precision": 0.9781704781704782,
     "recall": 0.9270935960591133,
     "f1-score": 0.9519473950429944,
     "support": 1015.0
    },
    "2": {
     "precision": 0.9378766805748725,
     "recall": 0.9426840633737186,
     "f1-score": 0.9402742272832907,
     "support": 2146.0
    },
    "3": {
     "precision": 0.9711459192085737,
     "recall": 0.9293885601577909,
     "f1-score": 0.9498085063495263,
     "support": 2535.0
    },
    "4": {
     "precision": 0.8594355285002767,
     "recall": 0.9135294117647059,
     "f1-score": 0.885657256914742,
     "support": 1700.0
    },
    "5": {
     "precision": 0.891725768321513,
     "recall": 0.8842006563525551,
     "f1-score": 0.8879472693032016,
     "support": 2133.0
    },
    "6": {
     "precision": 0.916024935826916,
     "recall": 0.9262143121987393,
     "f1-score": 0.9210914454277286,
     "support": 2697.0
    },
    "7": {
     "precision": 0.9688249400479616,
     "recall": 0.9444344542348498,
     "f1-score": 0.9564742305590967,
     "support": 5561.0
    },
    "8": {
     "precision": 0.933710174717369,
     "recall": 0.9585861250329728,
     "f1-score": 0.9459846414161135,
     "support": 3791.0
    },
    "9": {
     "precision": 0.980092204526404,
     "recall": 0.987333755541482,
     "f1-score": 0.9836996529603533,
     "support": 4737.0
    },
    "accuracy": 0.9445057775815118,
    "macro avg": {
     "precision": 0.9382258026542409,
     "recall": 0.9398331058115229,
     "f1-score": 0.9387536848746215,
     "support": 27174.0
    },
    "weighted avg": {
     "precision": 0.9451310258989625,
     "recall": 0.9445057775815118,
     "f1-score": 0.9446240759406055,
     "support": 27174.0
    }
   }
  }
 }
}