{
 "dataset": "baron",
 "n_samples": 8569,
 "n_features": 1936,
 "n_classes": 14,
 "n_train": 5098,
 "n_test": 2571,
 "transformer_params": 75168,
 "total_params": 295133,
 "config": {
  "heads": [
   "cell_type"
  ],
  "cohorts": null,
  "n_hvg": null,
  "n_channels": 1,
  "batch_size": 128,
  "val_frac": 0.15,
  "test_frac": 0.15,
  "d_model": 96,
  "n_heads": 4,
  "d_ff": 192,
  "dropout": 0.1,
  "n_markers": 128,
  "marker_mode": "router",
  "pathway_pool": "mean",
  "compress_mode": "aggregate",
  "recursive_marker_refine": true,
  "peak_init": true,
  "anneal_markers": true,
  "recursion_depth": 4,
  "share_weights": true,
  "share_strategy": "cycle",
  "n_unique_blocks": null,
  "step_cache": false,
  "adaptive_depth": false,
  "marker_ffn": false,
  "recursion_mode": "expert",
  "router_capacity": null,
  "router_alpha": 1.0,
  "router_temp": 1.0,
  "router_type": "linear",
  "router_z_coeff": 0.001,
  "router_balance_coeff": 0.1,
  "gene_interaction": "none",
  "interaction_knn": 16,
  "router_prior_beta": 1.0,
  "router_prior_anneal": true,
  "pathway_attn_bias": false,
  "pathway_attn_lambda": 2.0,
  "lambda_marker": 0.1,
  "gamma_diversity": 0.05,
  "beta_compression": 0.01,
  "lr": 0.001,
  "weight_decay": 1e-05,
  "epochs": 150,
  "patience": 12,
  "seed": 0,
  "device": "cuda"
 },
 "heads": {
  "cell_type": {
   "accuracy": 0.8852586542201478,
   "macro_f1": 0.6451884572463126,
   "weighted_f1": 0.8892219807501152,
   "per_class": {
    "0": {
     "precision": 0.926829268292683,
     "recall": 0.926829268292683,
     "f1-score": 0.926829268292683,
     "support": 287.0
    },
    "1": {
     "precision": 0.8428571428571429,
     "recall": 0.6941176470588235,
     "f1-score": 0.7612903225806451,
     "support": 85.0
    },
    "2": {
     "precision": 0.9462209302325582,
     "recall": 0.9326647564469914,
     "f1-score": 0.9393939393939394,
     "support": 698.0
    },
    "3": {
     "precision": 0.9566982408660352,
     "recall": 0.9327176781002638,
     "f1-score": 0.9445557782231129,
     "support": 758.0
    },
    "4": {
     "precision": 0.7777777777777778,
     "recall": 0.7,
     "f1-score": 0.7368421052631579,
     "support": 180.0
    },
    "5": {
     "precision": 0.9085365853658537,
     "recall": 0.9226006191950464,
     "f1-score": 0.9155145929339478,
     "support": 323.0
    },
    "6": {
     "precision": 0.7848101265822784,
     "recall": 0.8157894736842105,
     "f1-score": 0.8,
     "support": 76.0
    },
    "7": {
     "precision": 0.14285714285714285,
     "recall": 0.6,
     "f1-score": 0.23076923076923078,
     "support": 5.0
    },
    "8": {
     "precision": 0.4778761061946903,
     "recall": 0.7012987012987013,
     "f1-score": 0.5684210526315789,
     "support": 77.0
    },
    "9": {
     "precision": 0.7857142857142857,
     "recall": 0.6470588235294118,
     "f1-score": 0.7096774193548387,
     "support": 17.0
    },
    "10": {
     "precision": 0.2857142857142857,
     "recall": 0.2857142857142857,
     "f1-score": 0.2857142857142857,
     "support": 7.0
    },
    "11": {
     "precision": 0.6140350877192983,
     "recall": 0.6730769230769231,
     "f1-score": 0.6422018348623854,
     "support": 52.0
    },
    "12": {
     "precision": 0.6666666666666666,
     "recall": 0.5,
     "f1-score": 0.5714285714285714,
     "support": 4.0
    },
    "13": {
     "precision": 0.0,
     "recall": 0.0,
     "f1-score": 0.0,
     "support": 2.0
    },
    "accuracy": 0.8852586542201478,
    "macro avg": {
     "precision": 0.6511852604886214,
     "recall": 0.6665620125998101,
     "f1-score": 0.6451884572463126,
     "support": 2571.0
    },
    "weighted avg": {
     "precision": 0.8960908594677366,
     "recall": 0.8852586542201478,
     "f1-score": 0.8892219807501152,
     "support": 2571.0
    }
   }
  }
 }
}