{
 "dataset": "common_class",
 "n_samples": 27499,
 "n_features": 1089,
 "n_classes": 19,
 "n_train": 16361,
 "n_test": 8250,
 "transformer_params": 75168,
 "total_params": 214791,
 "config": {
  "heads": [
   "cell_type"
  ],
  "cohorts": null,
  "n_hvg": null,
  "n_channels": 1,
  "batch_size": 128,
  "val_frac": 0.15,
  "test_frac": 0.15,
  "d_model": 96,
  "n_heads": 4,
  "d_ff": 192,
  "dropout": 0.1,
  "n_markers": 128,
  "marker_mode": "router",
  "pathway_pool": "mean",
  "compress_mode": "aggregate",
  "recursive_marker_refine": true,
  "peak_init": true,
  "anneal_markers": true,
  "recursion_depth": 4,
  "share_weights": true,
  "adaptive_depth": false,
  "marker_ffn": false,
  "recursion_mode": "expert",
  "router_capacity": null,
  "router_alpha": 1.0,
  "router_temp": 1.0,
  "router_type": "linear",
  "router_z_coeff": 0.001,
  "router_balance_coeff": 0.1,
  "gene_interaction": "none",
  "interaction_knn": 16,
  "router_prior_beta": 1.0,
  "router_prior_anneal": true,
  "pathway_attn_bias": false,
  "pathway_attn_lambda": 2.0,
  "lambda_marker": 0.1,
  "gamma_diversity": 0.05,
  "beta_compression": 0.01,
  "lr": 0.001,
  "weight_decay": 1e-05,
  "epochs": 150,
  "patience": 15,
  "seed": 0,
  "device": "cuda"
 },
 "heads": {
  "cell_type": {
   "accuracy": 0.8061818181818182,
   "macro_f1": 0.6635395539231004,
   "weighted_f1": 0.8141203614248185,
   "per_class": {
    "0": {
     "precision": 0.5348837209302325,
     "recall": 0.6052631578947368,
     "f1-score": 0.5679012345679012,
     "support": 76.0
    },
    "1": {
     "precision": 0.5942857142857143,
     "recall": 0.636085626911315,
     "f1-score": 0.6144756277695717,
     "support": 327.0
    },
    "2": {
     "precision": 0.4423076923076923,
     "recall": 0.5798319327731093,
     "f1-score": 0.5018181818181818,
     "support": 238.0
    },
    "3": {
     "precision": 0.5258620689655172,
     "recall": 0.7305389221556886,
     "f1-score": 0.6115288220551378,
     "support": 167.0
    },
    "4": {
     "precision": 0.6518987341772152,
     "recall": 0.64375,
     "f1-score": 0.6477987421383647,
     "support": 160.0
    },
    "5": {
     "precision": 0.7347826086956522,
     "recall": 0.689795918367347,
     "f1-score": 0.7115789473684211,
     "support": 245.0
    },
    "6": {
     "precision": 0.5569620253164557,
     "recall": 0.7394957983193278,
     "f1-score": 0.6353790613718412,
     "support": 119.0
    },
    "7": {
     "precision": 0.8653250773993808,
     "recall": 0.8330849478390462,
     "f1-score": 0.8488990129081245,
     "support": 671.0
    },
    "8": {
     "precision": 0.33707865168539325,
     "recall": 0.4166666666666667,
     "f1-score": 0.37267080745341613,
     "support": 144.0
    },
    "9": {
     "precision": 0.7286135693215339,
     "recall": 0.5995145631067961,
     "f1-score": 0.6577896138482024,
     "support": 412.0
    },
    "10": {
     "precision": 0.6011560693641619,
     "recall": 0.6265060240963856,
     "f1-score": 0.6135693215339233,
     "support": 166.0
    },
    "11": {
     "precision": 0.728,
     "recall": 0.7123287671232876,
     "f1-score": 0.7200791295746786,
     "support": 511.0
    },
    "12": {
     "precision": 0.82,
     "recall": 0.7765151515151515,
     "f1-score": 0.7976653696498055,
     "support": 528.0
    },
    "13": {
     "precision": 0.26605504587155965,
     "recall": 0.6170212765957447,
     "f1-score": 0.3717948717948718,
     "support": 94.0
    },
    "14": {
     "precision": 0.6842105263157895,
     "recall": 0.9285714285714286,
     "f1-score": 0.7878787878787878,
     "support": 14.0
    },
    "15": {
     "precision": 0.5027932960893855,
     "recall": 0.44776119402985076,
     "f1-score": 0.47368421052631576,
     "support": 201.0
    },
    "16": {
     "precision": 0.983963344788087,
     "recall": 0.9717194570135747,
     "f1-score": 0.9778030734206034,
     "support": 884.0
    },
    "17": {
     "precision": 0.9777341191879503,
     "recall": 0.9142682180036742,
     "f1-score": 0.9449367088607595,
     "support": 3266.0
    },
    "18": {
     "precision": 0.6,
     "recall": 1.0,
     "f1-score": 0.75,
     "support": 27.0
    },
    "accuracy": 0.8061818181818182,
    "macro avg": {
     "precision": 0.6387322244579853,
     "recall": 0.7088799500517436,
     "f1-score": 0.6635395539231004,
     "support": 8250.0
    },
    "weighted avg": {
     "precision": 0.8276059103475731,
     "recall": 0.8061818181818182,
     "f1-score": 0.8141203614248185,
     "support": 8250.0
    }
   }
  }
 }
}