{
 "dataset": "tabula_muris",
 "n_samples": 54865,
 "n_features": 1089,
 "n_classes": 55,
 "n_train": 32645,
 "n_test": 16458,
 "transformer_params": 75168,
 "total_params": 221775,
 "config": {
  "heads": [
   "cell_type"
  ],
  "cohorts": null,
  "n_hvg": null,
  "n_channels": 1,
  "batch_size": 128,
  "val_frac": 0.15,
  "test_frac": 0.15,
  "d_model": 96,
  "n_heads": 4,
  "d_ff": 192,
  "dropout": 0.1,
  "n_markers": 128,
  "marker_mode": "router",
  "compress_mode": "aggregate",
  "recursive_marker_refine": true,
  "peak_init": true,
  "anneal_markers": true,
  "recursion_depth": 4,
  "share_weights": true,
  "adaptive_depth": false,
  "marker_ffn": false,
  "recursion_mode": "expert",
  "router_capacity": null,
  "router_alpha": 1.0,
  "router_temp": 1.0,
  "router_type": "linear",
  "router_z_coeff": 0.001,
  "router_balance_coeff": 0.1,
  "gene_interaction": "none",
  "interaction_knn": 16,
  "router_prior_beta": 1.0,
  "router_prior_anneal": true,
  "lambda_marker": 0.1,
  "gamma_diversity": 0.05,
  "beta_compression": 0.01,
  "lr": 0.001,
  "weight_decay": 1e-05,
  "epochs": 150,
  "patience": 15,
  "seed": 0,
  "device": "cuda"
 },
 "heads": {
  "cell_type": {
   "accuracy": 0.8255559606270507,
   "macro_f1": 0.7322476397607904,
   "weighted_f1": 0.8213779346864638,
   "per_class": {
    "0": {
     "precision": 0.9431242695753799,
     "recall": 0.9730707395498392,
     "f1-score": 0.9578635014836795,
     "support": 2488.0
    },
    "1": {
     "precision": 0.3333333333333333,
     "recall": 0.46153846153846156,
     "f1-score": 0.3870967741935484,
     "support": 13.0
    },
    "2": {
     "precision": 0.4117647058823529,
     "recall": 0.7,
     "f1-score": 0.5185185185185185,
     "support": 20.0
    },
    "3": {
     "precision": 0.6153846153846154,
     "recall": 0.7272727272727273,
     "f1-score": 0.6666666666666666,
     "support": 11.0
    },
    "4": {
     "precision": 0.9316987740805605,
     "recall": 0.8042328042328042,
     "f1-score": 0.8632860040567951,
     "support": 1323.0
    },
    "5": {
     "precision": 0.8981481481481481,
     "recall": 0.9326923076923077,
     "f1-score": 0.9150943396226415,
     "support": 104.0
    },
    "6": {
     "precision": 0.837037037037037,
     "recall": 0.9576271186440678,
     "f1-score": 0.8932806324110671,
     "support": 118.0
    },
    "7": {
     "precision": 0.9528838342810723,
     "recall": 0.8839487565938207,
     "f1-score": 0.9171227521501173,
     "support": 1327.0
    },
    "8": {
     "precision": 0.9375,
     "recall": 0.8333333333333334,
     "f1-score": 0.8823529411764706,
     "support": 18.0
    },
    "9": {
     "precision": 0.8260869565217391,
     "recall": 0.9473684210526315,
     "f1-score": 0.8825806451612903,
     "support": 361.0
    },
    "10": {
     "precision": 0.9475138121546961,
     "recall": 0.98,
     "f1-score": 0.9634831460674157,
     "support": 350.0
    },
    "11": {
     "precision": 0.524390243902439,
     "recall": 0.8801169590643275,
     "f1-score": 0.6572052401746725,
     "support": 342.0
    },
    "12": {
     "precision": 0.75,
     "recall": 1.0,
     "f1-score": 0.8571428571428571,
     "support": 18.0
    },
    "13": {
     "precision": 0.9333333333333333,
     "recall": 0.9333333333333333,
     "f1-score": 0.9333333333333333,
     "support": 15.0
    },
    "14": {
     "precision": 0.43661971830985913,
     "recall": 0.6458333333333334,
     "f1-score": 0.5210084033613446,
     "support": 48.0
    },
    "15": {
     "precision": 0.24,
     "recall": 0.9230769230769231,
     "f1-score": 0.38095238095238093,
     "support": 13.0
    },
    "16": {
     "precision": 1.0,
     "recall": 0.5,
     "f1-score": 0.6666666666666666,
     "support": 8.0
    },
    "17": {
     "precision": 0.7,
     "recall": 0.7368421052631579,
     "f1-score": 0.717948717948718,
     "support": 19.0
    },
    "18": {
     "precision": 0.6923076923076923,
     "recall": 0.9473684210526315,
     "f1-score": 0.8,
     "support": 19.0
    },
    "19": {
     "precision": 0.8601626016260162,
     "recall": 0.6201641266119577,
     "f1-score": 0.720708446866485,
     "support": 853.0
    },
    "20": {
     "precision": 1.0,
     "recall": 0.375,
     "f1-score": 0.5454545454545454,
     "support": 8.0
    },
    "21": {
     "precision": 0.6178010471204188,
     "recall": 0.9042145593869731,
     "f1-score": 0.7340590979782271,
     "support": 261.0
    },
    "22": {
     "precision": 0.7735849056603774,
     "recall": 0.8913043478260869,
     "f1-score": 0.8282828282828283,
     "support": 46.0
    },
    "23": {
     "precision": 0.6041666666666666,
     "recall": 0.8529411764705882,
     "f1-score": 0.7073170731707317,
     "support": 68.0
    },
    "24": {
     "precision": 0.9534883720930233,
     "recall": 0.9403669724770642,
     "f1-score": 0.9468822170900693,
     "support": 218.0
    },
    "25": {
     "precision": 0.8738738738738738,
     "recall": 0.8584070796460177,
     "f1-score": 0.8660714285714286,
     "support": 113.0
    },
    "26": {
     "precision": 0.8828828828828829,
     "recall": 0.8305084745762712,
     "f1-score": 0.8558951965065502,
     "support": 118.0
    },
    "27": {
     "precision": 0.9924953095684803,
     "recall": 1.0,
     "f1-score": 0.9962335216572504,
     "support": 529.0
    },
    "28": {
     "precision": 0.5185185185185185,
     "recall": 0.8235294117647058,
     "f1-score": 0.6363636363636364,
     "support": 34.0
    },
    "29": {
     "precision": 0.9260143198090692,
     "recall": 0.9556650246305419,
     "f1-score": 0.9406060606060606,
     "support": 406.0
    },
    "30": {
     "precision": 0.8614157527417746,
     "recall": 0.9360780065005417,
     "f1-score": 0.897196261682243,
     "support": 923.0
    },
    "31": {
     "precision": 0.8987341772151899,
     "recall": 0.6016949152542372,
     "f1-score": 0.7208121827411168,
     "support": 118.0
    },
    "32": {
     "precision": 0.4666666666666667,
     "recall": 0.5,
     "f1-score": 0.4827586206896552,
     "support": 14.0
    },
    "33": {
     "precision": 0.8547008547008547,
     "recall": 0.7518796992481203,
     "f1-score": 0.8,
     "support": 133.0
    },
    "34": {
     "precision": 0.8675496688741722,
     "recall": 0.9290780141843972,
     "f1-score": 0.8972602739726028,
     "support": 141.0
    },
    "35": {
     "precision": 0.9917127071823204,
     "recall": 1.0,
     "f1-score": 0.9958391123439667,
     "support": 359.0
    },
    "36": {
     "precision": 0.8888888888888888,
     "recall": 0.9113924050632911,
     "f1-score": 0.9,
     "support": 79.0
    },
    "37": {
     "precision": 0.5773195876288659,
     "recall": 0.5773195876288659,
     "f1-score": 0.5773195876288659,
     "support": 97.0
    },
    "38": {
     "precision": 0.9741379310344828,
     "recall": 0.8188405797101449,
     "f1-score": 0.889763779527559,
     "support": 138.0
    },
    "39": {
     "precision": 0.5688073394495413,
     "recall": 0.8920863309352518,
     "f1-score": 0.6946778711484594,
     "support": 139.0
    },
    "40": {
     "precision": 0.37410071942446044,
     "recall": 0.13131313131313133,
     "f1-score": 0.19439252336448598,
     "support": 396.0
    },
    "41": {
     "precision": 0.7,
     "recall": 1.0,
     "f1-score": 0.8235294117647058,
     "support": 7.0
    },
    "42": {
     "precision": 0.6875,
     "recall": 0.7333333333333333,
     "f1-score": 0.7096774193548387,
     "support": 15.0
    },
    "43": {
     "precision": 0.9455113890129522,
     "recall": 0.8993203058623619,
     "f1-score": 0.9218375789244503,
     "support": 2354.0
    },
    "44": {
     "precision": 0.35279187817258884,
     "recall": 0.8152492668621701,
     "f1-score": 0.4924712134632418,
     "support": 341.0
    },
    "45": {
     "precision": 0.6666666666666666,
     "recall": 0.9299363057324841,
     "f1-score": 0.776595744680851,
     "support": 157.0
    },
    "46": {
     "precision": 0.16666666666666666,