{
 "dataset": "Tcell",
 "mode": "learned_anchor",
 "K": 4,
 "seed": 2,
 "n_markers": 128,
 "test_macro_f1": 57.57542457800583,
 "test_accuracy": 74.39955574066362,
 "val_macro_f1": 56.5879469807955,
 "n_features": 1089,
 "n_classes": 7,
 "n_samples": 24007,
 "learned_lambda": 0.30219775438308716,
 "bio_anchor_have": true
}