{
 "dataset": "Tcell",
 "mode": "learned_anchor",
 "K": 4,
 "seed": 0,
 "n_markers": 128,
 "test_macro_f1": 56.70506468498965,
 "test_accuracy": 73.09454394002499,
 "val_macro_f1": 55.275293551569206,
 "n_features": 1089,
 "n_classes": 7,
 "n_samples": 24007,
 "learned_lambda": 0.31617873907089233,
 "bio_anchor_have": true
}