{
 "dataset": "Tcell",
 "mode": "learned_anchor",
 "K": 4,
 "seed": 1,
 "n_markers": 128,
 "test_macro_f1": 53.341698558038544,
 "test_accuracy": 71.02596140497015,
 "val_macro_f1": 52.97555637194209,
 "n_features": 1089,
 "n_classes": 7,
 "n_samples": 24007,
 "learned_lambda": 0.29260921478271484,
 "bio_anchor_have": true
}