{
 "dataset": "Muraro",
 "mode": "learned",
 "K": 4,
 "seed": 2,
 "n_markers": 512,
 "test_macro_f1": 69.58058230876448,
 "test_accuracy": 80.84772370486655,
 "n_features": 2000,
 "n_classes": 9,
 "n_samples": 2122,
 "learned_lambda": 0.2236594706773758
}