{
 "dataset": "Muraro",
 "mode": "learned",
 "K": 4,
 "seed": 0,
 "n_markers": 512,
 "test_macro_f1": 63.778817749858675,
 "test_accuracy": 73.78335949764521,
 "n_features": 2000,
 "n_classes": 9,
 "n_samples": 2122,
 "learned_lambda": 0.21895188093185425
}