{
 "dataset": "Muraro",
 "mode": "learned",
 "K": 4,
 "seed": 1,
 "n_markers": 512,
 "test_macro_f1": 71.56314489561589,
 "test_accuracy": 84.45839874411303,
 "n_features": 2000,
 "n_classes": 9,
 "n_samples": 2122,
 "learned_lambda": 0.22321468591690063
}