{
 "dataset": "prototype",
 "n_samples": 90579,
 "n_features": 752,
 "n_classes": 10,
 "n_train": 53894,
 "n_test": 27174,
 "transformer_params": 75168,
 "total_params": 159093,
 "config": {
  "heads": [
   "cell_type"
  ],
  "cohorts": null,
  "n_hvg": null,
  "n_channels": 1,
  "batch_size": 128,
  "val_frac": 0.15,
  "test_frac": 0.15,
  "d_model": 96,
  "n_heads": 4,
  "d_ff": 192,
  "dropout": 0.1,
  "n_markers": 128,
  "marker_mode": "variance",
  "pathway_pool": "mean",
  "compress_mode": "aggregate",
  "recursive_marker_refine": true,
  "peak_init": true,
  "anneal_markers": true,
  "recursion_depth": 4,
  "share_weights": true,
  "adaptive_depth": false,
  "marker_ffn": false,
  "recursion_mode": "expert",
  "router_capacity": null,
  "router_alpha": 1.0,
  "router_temp": 1.0,
  "router_type": "linear",
  "router_z_coeff": 0.001,
  "router_balance_coeff": 0.1,
  "gene_interaction": "none",
  "interaction_knn": 16,
  "router_prior_beta": 1.0,
  "router_prior_anneal": true,
  "pathway_attn_bias": false,
  "pathway_attn_lambda": 2.0,
  "lambda_marker": 0.1,
  "gamma_diversity": 0.05,
  "beta_compression": 0.01,
  "lr": 0.001,
  "weight_decay": 1e-05,
  "epochs": 150,
  "patience": 15,
  "seed": 2,
  "device": "cuda"
 },
 "heads": {
  "cell_type": {
   "accuracy": 0.9542577463752115,
   "macro_f1": 0.9486002022853711,
   "weighted_f1": 0.9543186282422709,
   "per_class": {
    "0": {
     "precision": 0.9581447963800905,
     "recall": 0.9860302677532014,
     "f1-score": 0.9718875502008032,
     "support": 859.0
    },
    "1": {
     "precision": 0.9566502463054187,
     "recall": 0.9566502463054187,
     "f1-score": 0.9566502463054187,
     "support": 1015.0
    },
    "2": {
     "precision": 0.9510357815442562,
     "recall": 0.9412861136999068,
     "f1-score": 0.9461358313817331,
     "support": 2146.0
    },
    "3": {
     "precision": 0.9697946033024567,
     "recall": 0.9499013806706115,
     "f1-score": 0.9597449182941411,
     "support": 2535.0
    },
    "4": {
     "precision": 0.8815716657443277,
     "recall": 0.9370588235294117,
     "f1-score": 0.9084687767322498,
     "support": 1700.0
    },
    "5": {
     "precision": 0.9086099086099086,
     "recall": 0.8856071261134553,
     "f1-score": 0.8969610636277303,
     "support": 2133.0
    },
    "6": {
     "precision": 0.920995670995671,
     "recall": 0.946607341490545,
     "f1-score": 0.9336258913878223,
     "support": 2697.0
    },
    "7": {
     "precision": 0.9810313075506446,
     "recall": 0.9579212371875562,
     "f1-score": 0.9693385497225002,
     "support": 5561.0
    },
    "8": {
     "precision": 0.9601056803170409,
     "recall": 0.9585861250329728,
     "f1-score": 0.9593453009503696,
     "support": 3791.0
    },
    "9": {
     "precision": 0.9778936392075078,
     "recall": 0.9898670044331855,
     "f1-score": 0.9838438942509442,
     "support": 4737.0
    },
    "accuracy": 0.9542577463752115,
    "macro avg": {
     "precision": 0.9465833299957322,
     "recall": 0.9509515666216265,
     "f1-score": 0.9486002022853711,
     "support": 27174.0
    },
    "weighted avg": {
     "precision": 0.9546485052792677,
     "recall": 0.9542577463752115,
     "f1-score": 0.9543186282422709,
     "support": 27174.0
    }
   }
  }
 }
}