{
 "dataset": "tabula_muris",
 "n_samples": 54865,
 "n_features": 1089,
 "n_classes": 55,
 "n_train": 32645,
 "n_test": 16458,
 "transformer_params": 75168,
 "total_params": 200175,
 "config": {
  "heads": [
   "cell_type"
  ],
  "cohorts": null,
  "n_hvg": null,
  "n_channels": 1,
  "batch_size": 128,
  "val_frac": 0.15,
  "test_frac": 0.15,
  "d_model": 96,
  "n_heads": 4,
  "d_ff": 192,
  "dropout": 0.1,
  "n_markers": 128,
  "marker_mode": "variance",
  "compress_mode": "aggregate",
  "recursive_marker_refine": true,
  "peak_init": true,
  "anneal_markers": true,
  "recursion_depth": 4,
  "share_weights": true,
  "adaptive_depth": false,
  "marker_ffn": false,
  "recursion_mode": "expert",
  "router_capacity": null,
  "router_alpha": 1.0,
  "router_temp": 1.0,
  "router_type": "linear",
  "router_z_coeff": 0.001,
  "router_balance_coeff": 0.1,
  "gene_interaction": "none",
  "interaction_knn": 16,
  "router_prior_beta": 1.0,
  "router_prior_anneal": true,
  "lambda_marker": 0.1,
  "gamma_diversity": 0.05,
  "beta_compression": 0.01,
  "lr": 0.001,
  "weight_decay": 1e-05,
  "epochs": 150,
  "patience": 15,
  "seed": 2,
  "device": "cuda"
 },
 "heads": {
  "cell_type": {
   "accuracy": 0.8390448414145096,
   "macro_f1": 0.7509711464276653,
   "weighted_f1": 0.8459563685017237,
   "per_class": {
    "0": {
     "precision": 0.9698996655518395,
     "recall": 0.932475884244373,
     "f1-score": 0.9508196721311475,
     "support": 2488.0
    },
    "1": {
     "precision": 0.05202312138728324,
     "recall": 0.6923076923076923,
     "f1-score": 0.0967741935483871,
     "support": 13.0
    },
    "2": {
     "precision": 0.5862068965517241,
     "recall": 0.85,
     "f1-score": 0.6938775510204082,
     "support": 20.0
    },
    "3": {
     "precision": 0.4166666666666667,
     "recall": 0.45454545454545453,
     "f1-score": 0.43478260869565216,
     "support": 11.0
    },
    "4": {
     "precision": 0.9521435692921236,
     "recall": 0.7218442932728647,
     "f1-score": 0.821152192605331,
     "support": 1323.0
    },
    "5": {
     "precision": 0.9439252336448598,
     "recall": 0.9711538461538461,
     "f1-score": 0.957345971563981,
     "support": 104.0
    },
    "6": {
     "precision": 0.981651376146789,
     "recall": 0.9067796610169492,
     "f1-score": 0.9427312775330396,
     "support": 118.0
    },
    "7": {
     "precision": 0.9725806451612903,
     "recall": 0.908816880180859,
     "f1-score": 0.9396182313985196,
     "support": 1327.0
    },
    "8": {
     "precision": 0.7619047619047619,
     "recall": 0.8888888888888888,
     "f1-score": 0.8205128205128205,
     "support": 18.0
    },
    "9": {
     "precision": 0.9682080924855492,
     "recall": 0.9279778393351801,
     "f1-score": 0.9476661951909476,
     "support": 361.0
    },
    "10": {
     "precision": 1.0,
     "recall": 1.0,
     "f1-score": 1.0,
     "support": 350.0
    },
    "11": {
     "precision": 0.662004662004662,
     "recall": 0.8304093567251462,
     "f1-score": 0.7367055771725033,
     "support": 342.0
    },
    "12": {
     "precision": 1.0,
     "recall": 1.0,
     "f1-score": 1.0,
     "support": 18.0
    },
    "13": {
     "precision": 0.8823529411764706,
     "recall": 1.0,
     "f1-score": 0.9375,
     "support": 15.0
    },
    "14": {
     "precision": 0.35802469135802467,
     "recall": 0.6041666666666666,
     "f1-score": 0.4496124031007752,
     "support": 48.0
    },
    "15": {
     "precision": 0.43478260869565216,
     "recall": 0.7692307692307693,
     "f1-score": 0.5555555555555556,
     "support": 13.0
    },
    "16": {
     "precision": 0.875,
     "recall": 0.875,
     "f1-score": 0.875,
     "support": 8.0
    },
    "17": {
     "precision": 0.7916666666666666,
     "recall": 1.0,
     "f1-score": 0.8837209302325582,
     "support": 19.0
    },
    "18": {
     "precision": 0.5862068965517241,
     "recall": 0.8947368421052632,
     "f1-score": 0.7083333333333334,
     "support": 19.0
    },
    "19": {
     "precision": 0.934876989869754,
     "recall": 0.757327080890973,
     "f1-score": 0.8367875647668394,
     "support": 853.0
    },
    "20": {
     "precision": 0.7777777777777778,
     "recall": 0.875,
     "f1-score": 0.8235294117647058,
     "support": 8.0
    },
    "21": {
     "precision": 0.8921933085501859,
     "recall": 0.9195402298850575,
     "f1-score": 0.9056603773584906,
     "support": 261.0
    },
    "22": {
     "precision": 0.7678571428571429,
     "recall": 0.9347826086956522,
     "f1-score": 0.8431372549019608,
     "support": 46.0
    },
    "23": {
     "precision": 0.6941176470588235,
     "recall": 0.8676470588235294,
     "f1-score": 0.7712418300653595,
     "support": 68.0
    },
    "24": {
     "precision": 0.9395348837209302,
     "recall": 0.926605504587156,
     "f1-score": 0.9330254041570438,
     "support": 218.0
    },
    "25": {
     "precision": 0.8617886178861789,
     "recall": 0.9380530973451328,
     "f1-score": 0.8983050847457628,
     "support": 113.0
    },
    "26": {
     "precision": 0.7874015748031497,
     "recall": 0.847457627118644,
     "f1-score": 0.8163265306122449,
     "support": 118.0
    },
    "27": {
     "precision": 1.0,
     "recall": 0.998109640831758,
     "f1-score": 0.9990539262062441,
     "support": 529.0
    },
    "28": {
     "precision": 0.21641791044776118,
     "recall": 0.8529411764705882,
     "f1-score": 0.34523809523809523,
     "support": 34.0
    },
    "29": {
     "precision": 0.7113970588235294,
     "recall": 0.9532019704433498,
     "f1-score": 0.8147368421052632,
     "support": 406.0
    },
    "30": {
     "precision": 0.8838838838838838,
     "recall": 0.9566630552546046,
     "f1-score": 0.918834547346514,
     "support": 923.0
    },
    "31": {
     "precision": 0.6716417910447762,
     "recall": 0.7627118644067796,
     "f1-score": 0.7142857142857143,
     "support": 118.0
    },
    "32": {
     "precision": 0.07407407407407407,
     "recall": 0.14285714285714285,
     "f1-score": 0.0975609756097561,
     "support": 14.0
    },
    "33": {
     "precision": 0.9256198347107438,
     "recall": 0.8421052631578947,
     "f1-score": 0.8818897637795275,
     "support": 133.0
    },
    "34": {
     "precision": 0.9072847682119205,
     "recall": 0.9716312056737588,
     "f1-score": 0.9383561643835616,
     "support": 141.0
    },
    "35": {
     "precision": 0.9944289693593314,
     "recall": 0.9944289693593314,
     "f1-score": 0.9944289693593314,
     "support": 359.0
    },
    "36": {
     "precision": 0.9069767441860465,
     "recall": 0.9873417721518988,
     "f1-score": 0.9454545454545454,
     "support": 79.0
    },
    "37": {
     "precision": 0.5,
     "recall": 0.5154639175257731,
     "f1-score": 0.5076142131979695,
     "support": 97.0
    },
    "38": {
     "precision": 0.8838709677419355,
     "recall": 0.9927536231884058,
     "f1-score": 0.9351535836177475,
     "support": 138.0
    },
    "39": {
     "precision": 0.7919463087248322,
     "recall": 0.8489208633093526,
     "f1-score": 0.8194444444444444,
     "support": 139.0
    },
    "40": {
     "precision": 0.5909090909090909,
     "recall": 0.29545454545454547,
     "f1-score": 0.3939393939393939,
     "support": 396.0
    },
    "41": {
     "precision": 0.375,
     "recall": 0.8571428571428571,
     "f1-score": 0.5217391304347826,
     "support": 7.0
    },
    "42": {
     "precision": 0.5652173913043478,
     "recall": 0.8666666666666667,
     "f1-score": 0.6842105263157895,
     "support": 15.0
    },
    "43": {
     "precision": 0.9732668781150884,
     "recall": 0.9124893797790994,
     "f1-score": 0.9418987064240298,
     "support": 2354.0
    },
    "44": {
     "precision": 0.351931330472103,
     "recall": 0.9618768328445748,
     "f1-score": 0.5153181461115475,
     "support": 341.0
    },
    "45": {
     "precision": 0.7928571428571428,
     "recall": 0.7070063694267515,
     "f1-score": 0.7474747474747475,
     "support": 157.0
    },