{
 "dataset": "Spleen",
 "mode": "learned",
 "K": 4,
 "seed": 2,
 "n_markers": 128,
 "test_macro_f1": 57.03264413979291,
 "test_accuracy": 68.29561953326959,
 "val_macro_f1": 58.347967712943515,
 "n_features": 1089,
 "n_classes": 28,
 "n_samples": 94129,
 "learned_lambda": 0.5271771550178528,
 "bio_anchor_have": false
}