{
 "dataset": "Spleen",
 "mode": "learned",
 "K": 4,
 "seed": 0,
 "n_markers": 128,
 "test_macro_f1": 59.968007048839944,
 "test_accuracy": 69.86437196784588,
 "val_macro_f1": 59.76337257991099,
 "n_features": 1089,
 "n_classes": 28,
 "n_samples": 94129,
 "learned_lambda": 0.6079595685005188,
 "bio_anchor_have": false
}