{
 "dataset": "Spleen",
 "mode": "learned",
 "K": 4,
 "seed": 1,
 "n_markers": 128,
 "test_macro_f1": 60.89456018399613,
 "test_accuracy": 69.52087538510571,
 "val_macro_f1": 59.695059989421836,
 "n_features": 1089,
 "n_classes": 28,
 "n_samples": 94129,
 "learned_lambda": 0.49828049540519714,
 "bio_anchor_have": false
}