{
 "dataset": "pancreas",
 "n_samples": 14767,
 "n_features": 1936,
 "n_classes": 15,
 "n_train": 10744,
 "n_test": 2127,
 "transformer_params": 299520,
 "total_params": 519679,
 "config": {
  "heads": [
   "cell_type"
  ],
  "cohorts": null,
  "n_hvg": null,
  "batch_size": 128,
  "val_frac": 0.15,
  "test_frac": 0.15,
  "d_model": 96,
  "n_heads": 4,
  "d_ff": 192,
  "dropout": 0.1,
  "n_markers": 128,
  "marker_mode": "router",
  "compress_mode": "aggregate",
  "recursive_marker_refine": true,
  "peak_init": true,
  "anneal_markers": true,
  "recursion_depth": 4,
  "share_weights": false,
  "adaptive_depth": false,
  "marker_ffn": false,
  "recursion_mode": "expert",
  "router_capacity": null,
  "router_alpha": 1.0,
  "router_temp": 1.0,
  "router_type": "linear",
  "router_z_coeff": 0.001,
  "router_balance_coeff": 0.1,
  "gene_interaction": "none",
  "interaction_knn": 16,
  "router_prior_beta": 1.0,
  "router_prior_anneal": true,
  "lambda_marker": 0.1,
  "gamma_diversity": 0.05,
  "beta_compression": 0.01,
  "lr": 0.001,
  "weight_decay": 1e-05,
  "epochs": 150,
  "patience": 15,
  "seed": 2,
  "device": "cuda"
 },
 "heads": {
  "cell_type": {
   "accuracy": 0.9144334743770569,
   "macro_f1": 0.4712355593554216,
   "weighted_f1": 0.9182779079822992,
   "per_class": {
    "0": {
     "precision": 0.0,
     "recall": 0.0,
     "f1-score": 0.0,
     "support": 5.0
    },
    "1": {
     "precision": 1.0,
     "recall": 0.7837837837837838,
     "f1-score": 0.8787878787878788,
     "support": 185.0
    },
    "2": {
     "precision": 0.9905325443786982,
     "recall": 0.9446952595936795,
     "f1-score": 0.9670710571923743,
     "support": 886.0
    },
    "3": {
     "precision": 0.9541984732824428,
     "recall": 0.9259259259259259,
     "f1-score": 0.9398496240601504,
     "support": 270.0
    },
    "4": {
     "precision": 0.7310344827586207,
     "recall": 0.9298245614035088,
     "f1-score": 0.8185328185328186,
     "support": 114.0
    },
    "5": {
     "precision": 0.9011764705882352,
     "recall": 0.9922279792746114,
     "f1-score": 0.9445129469790382,
     "support": 386.0
    },
    "6": {
     "precision": 0.7142857142857143,
     "recall": 0.9375,
     "f1-score": 0.8108108108108109,
     "support": 16.0
    },
    "7": {
     "precision": 0.3333333333333333,
     "recall": 0.8571428571428571,
     "f1-score": 0.48,
     "support": 7.0
    },
    "8": {
     "precision": 0.9605911330049262,
     "recall": 0.9898477157360406,
     "f1-score": 0.975,
     "support": 197.0
    },
    "9": {
     "precision": 0.0,
     "recall": 0.0,
     "f1-score": 0.0,
     "support": 0.0
    },
    "10": {
     "precision": 0.0,
     "recall": 0.0,
     "f1-score": 0.0,
     "support": 7.0
    },
    "11": {
     "precision": 0.0,
     "recall": 0.0,
     "f1-score": 0.0,
     "support": 0.0
    },
    "12": {
     "precision": 0.0,
     "recall": 0.0,
     "f1-score": 0.0,
     "support": 0.0
    },
    "13": {
     "precision": 0.8888888888888888,
     "recall": 0.14814814814814814,
     "f1-score": 0.25396825396825395,
     "support": 54.0
    },
    "14": {
     "precision": 0.0,
     "recall": 0.0,
     "f1-score": 0.0,
     "support": 0.0
    },
    "accuracy": 0.9144334743770569,
    "macro avg": {
     "precision": 0.49826940270139064,
     "recall": 0.5006064154005704,
     "f1-score": 0.4712355593554216,
     "support": 2127.0
    },
    "weighted avg": {
     "precision": 0.9414366848853798,
     "recall": 0.9144334743770569,
     "f1-score": 0.9182779079822992,
     "support": 2127.0
    }
   }
  }
 }
}