{
 "dataset": "tabula_muris",
 "n_samples": 54865,
 "n_features": 1089,
 "n_classes": 55,
 "n_train": 32645,
 "n_test": 16458,
 "transformer_params": 299520,
 "total_params": 446127,
 "config": {
  "heads": [
   "cell_type"
  ],
  "cohorts": null,
  "n_hvg": null,
  "batch_size": 128,
  "val_frac": 0.15,
  "test_frac": 0.15,
  "d_model": 96,
  "n_heads": 4,
  "d_ff": 192,
  "dropout": 0.1,
  "n_markers": 128,
  "marker_mode": "router",
  "compress_mode": "aggregate",
  "recursive_marker_refine": true,
  "peak_init": true,
  "anneal_markers": true,
  "recursion_depth": 4,
  "share_weights": false,
  "adaptive_depth": false,
  "marker_ffn": false,
  "recursion_mode": "expert",
  "router_capacity": null,
  "router_alpha": 1.0,
  "router_temp": 1.0,
  "router_type": "linear",
  "router_z_coeff": 0.001,
  "router_balance_coeff": 0.1,
  "gene_interaction": "none",
  "interaction_knn": 16,
  "router_prior_beta": 1.0,
  "router_prior_anneal": true,
  "lambda_marker": 0.1,
  "gamma_diversity": 0.05,
  "beta_compression": 0.01,
  "lr": 0.001,
  "weight_decay": 1e-05,
  "epochs": 150,
  "patience": 15,
  "seed": 2,
  "device": "cuda"
 },
 "heads": {
  "cell_type": {
   "accuracy": 0.8628022846032325,
   "macro_f1": 0.7680665223215319,
   "weighted_f1": 0.8582447264725944,
   "per_class": {
    "0": {
     "precision": 0.9314329738058552,
     "recall": 0.9718649517684887,
     "f1-score": 0.9512195121951219,
     "support": 2488.0
    },
    "1": {
     "precision": 0.23333333333333334,
     "recall": 0.5384615384615384,
     "f1-score": 0.32558139534883723,
     "support": 13.0
    },
    "2": {
     "precision": 0.6363636363636364,
     "recall": 0.7,
     "f1-score": 0.6666666666666666,
     "support": 20.0
    },
    "3": {
     "precision": 0.6363636363636364,
     "recall": 0.6363636363636364,
     "f1-score": 0.6363636363636364,
     "support": 11.0
    },
    "4": {
     "precision": 0.9041963578780681,
     "recall": 0.8631897203325775,
     "f1-score": 0.8832173240525909,
     "support": 1323.0
    },
    "5": {
     "precision": 0.968421052631579,
     "recall": 0.8846153846153846,
     "f1-score": 0.9246231155778895,
     "support": 104.0
    },
    "6": {
     "precision": 0.9224137931034483,
     "recall": 0.9067796610169492,
     "f1-score": 0.9145299145299145,
     "support": 118.0
    },
    "7": {
     "precision": 0.9564553093964858,
     "recall": 0.9434815373021854,
     "f1-score": 0.9499241274658573,
     "support": 1327.0
    },
    "8": {
     "precision": 0.7,
     "recall": 0.7777777777777778,
     "f1-score": 0.7368421052631579,
     "support": 18.0
    },
    "9": {
     "precision": 0.866504854368932,
     "recall": 0.9889196675900277,
     "f1-score": 0.9236739974126779,
     "support": 361.0
    },
    "10": {
     "precision": 0.9914529914529915,
     "recall": 0.9942857142857143,
     "f1-score": 0.992867332382311,
     "support": 350.0
    },
    "11": {
     "precision": 0.7135135135135136,
     "recall": 0.7719298245614035,
     "f1-score": 0.7415730337078652,
     "support": 342.0
    },
    "12": {
     "precision": 1.0,
     "recall": 0.9444444444444444,
     "f1-score": 0.9714285714285714,
     "support": 18.0
    },
    "13": {
     "precision": 0.8823529411764706,
     "recall": 1.0,
     "f1-score": 0.9375,
     "support": 15.0
    },
    "14": {
     "precision": 0.7083333333333334,
     "recall": 0.3541666666666667,
     "f1-score": 0.4722222222222222,
     "support": 48.0
    },
    "15": {
     "precision": 0.2,
     "recall": 0.23076923076923078,
     "f1-score": 0.21428571428571427,
     "support": 13.0
    },
    "16": {
     "precision": 1.0,
     "recall": 0.5,
     "f1-score": 0.6666666666666666,
     "support": 8.0
    },
    "17": {
     "precision": 0.7391304347826086,
     "recall": 0.8947368421052632,
     "f1-score": 0.8095238095238095,
     "support": 19.0
    },
    "18": {
     "precision": 0.8095238095238095,
     "recall": 0.8947368421052632,
     "f1-score": 0.85,
     "support": 19.0
    },
    "19": {
     "precision": 0.916030534351145,
     "recall": 0.8440797186400938,
     "f1-score": 0.8785845027455765,
     "support": 853.0
    },
    "20": {
     "precision": 1.0,
     "recall": 0.625,
     "f1-score": 0.7692307692307693,
     "support": 8.0
    },
    "21": {
     "precision": 0.855072463768116,
     "recall": 0.9042145593869731,
     "f1-score": 0.8789571694599627,
     "support": 261.0
    },
    "22": {
     "precision": 0.9148936170212766,
     "recall": 0.9347826086956522,
     "f1-score": 0.9247311827956989,
     "support": 46.0
    },
    "23": {
     "precision": 0.8360655737704918,
     "recall": 0.75,
     "f1-score": 0.7906976744186046,
     "support": 68.0
    },
    "24": {
     "precision": 0.9422222222222222,
     "recall": 0.9724770642201835,
     "f1-score": 0.9571106094808126,
     "support": 218.0
    },
    "25": {
     "precision": 0.8859649122807017,
     "recall": 0.8938053097345132,
     "f1-score": 0.8898678414096917,
     "support": 113.0
    },
    "26": {
     "precision": 0.839622641509434,
     "recall": 0.7542372881355932,
     "f1-score": 0.7946428571428571,
     "support": 118.0
    },
    "27": {
     "precision": 0.9962335216572504,
     "recall": 1.0,
     "f1-score": 0.9981132075471698,
     "support": 529.0
    },
    "28": {
     "precision": 0.19047619047619047,
     "recall": 0.23529411764705882,
     "f1-score": 0.21052631578947367,
     "support": 34.0
    },
    "29": {
     "precision": 0.8066528066528067,
     "recall": 0.9556650246305419,
     "f1-score": 0.874859075535513,
     "support": 406.0
    },
    "30": {
     "precision": 0.926595744680851,
     "recall": 0.9436619718309859,
     "f1-score": 0.9350509930220076,
     "support": 923.0
    },
    "31": {
     "precision": 0.9313725490196079,
     "recall": 0.8050847457627118,
     "f1-score": 0.8636363636363636,
     "support": 118.0
    },
    "32": {
     "precision": 0.9,
     "recall": 0.6428571428571429,
     "f1-score": 0.75,
     "support": 14.0
    },
    "33": {
     "precision": 0.8740157480314961,
     "recall": 0.8345864661654135,
     "f1-score": 0.8538461538461538,
     "support": 133.0
    },
    "34": {
     "precision": 0.8972602739726028,
     "recall": 0.9290780141843972,
     "f1-score": 0.9128919860627178,
     "support": 141.0
    },
    "35": {
     "precision": 0.9862637362637363,
     "recall": 1.0,
     "f1-score": 0.9930843706777317,
     "support": 359.0
    },
    "36": {
     "precision": 0.8539325842696629,
     "recall": 0.9620253164556962,
     "f1-score": 0.9047619047619048,
     "support": 79.0
    },
    "37": {
     "precision": 0.47706422018348627,
     "recall": 0.5360824742268041,
     "f1-score": 0.5048543689320388,
     "support": 97.0
    },
    "38": {
     "precision": 0.9565217391304348,
     "recall": 0.9565217391304348,
     "f1-score": 0.9565217391304348,
     "support": 138.0
    },
    "39": {
     "precision": 0.7894736842105263,
     "recall": 0.8633093525179856,
     "f1-score": 0.8247422680412371,
     "support": 139.0
    },
    "40": {
     "precision": 0.5760869565217391,
     "recall": 0.4015151515151515,
     "f1-score": 0.4732142857142857,
     "support": 396.0
    },
    "41": {
     "precision": 0.5,
     "recall": 0.8571428571428571,
     "f1-score": 0.631578947368421,
     "support": 7.0
    },
    "42": {
     "precision": 0.9230769230769231,
     "recall": 0.8,
     "f1-score": 0.8571428571428571,
     "support": 15.0
    },
    "43": {
     "precision": 0.9369482976040353,
     "recall": 0.9468988954970263,
     "f1-score": 0.9418973167124446,
     "support": 2354.0
    },
    "44": {
     "precision": 0.386977886977887,
     "recall": 0.9237536656891495,
     "f1-score": 0.5454545454545454,
     "support": 341.0
    },
    "45": {
     "precision": 0.6233183856502242,
     "recall": 0.8853503184713376,
     "f1-score": 0.7315789473684211,
     "support": 157.0
    },