{
 "dataset": "spleen",
 "arch": "recursive",
 "K": 4,
 "seed": 0,
 "test_macro_f1": 48.82032515818312,
 "test_accuracy": 56.59548850879988,
 "transformer_params": 74784,
 "total_params": 216153,
 "n_markers": 128,
 "d_model": 96,
 "d_ff": 192,
 "flops_nominal": 62914560.0,
 "flops_effective": 62914560.0,
 "compute_saving": 0.0
}