{
 "dataset": "spleen",
 "arch": "vanilla",
 "K": 4,
 "seed": 2,
 "test_macro_f1": 53.932141313194606,
 "test_accuracy": 60.74931831863735,
 "transformer_params": 299136,
 "total_params": 440505,
 "n_markers": 128,
 "d_model": 96,
 "d_ff": 192,
 "flops_nominal": 62914560.0,
 "flops_effective": 62914560.0,
 "compute_saving": 0.0
}