{
 "dataset": "spleen",
 "arch": "vanilla",
 "K": 4,
 "seed": 1,
 "test_macro_f1": 45.90936665885116,
 "test_accuracy": 54.644286270760304,
 "transformer_params": 299136,
 "total_params": 440505,
 "n_markers": 128,
 "d_model": 96,
 "d_ff": 192,
 "flops_nominal": 62914560.0,
 "flops_effective": 62914560.0,
 "compute_saving": 0.0
}