{
 "dataset": "baron",
 "n_samples": 8569,
 "n_features": 1936,
 "n_classes": 14,
 "n_train": 5098,
 "n_test": 2571,
 "transformer_params": 224352,
 "total_params": 444317,
 "config": {
  "heads": [
   "cell_type"
  ],
  "cohorts": null,
  "n_hvg": null,
  "n_channels": 1,
  "batch_size": 128,
  "val_frac": 0.15,
  "test_frac": 0.15,
  "d_model": 96,
  "n_heads": 4,
  "d_ff": 192,
  "dropout": 0.1,
  "n_markers": 128,
  "marker_mode": "router",
  "pathway_pool": "mean",
  "compress_mode": "aggregate",
  "recursive_marker_refine": true,
  "peak_init": true,
  "anneal_markers": true,
  "recursion_depth": 6,
  "share_weights": true,
  "share_strategy": "sequence",
  "n_unique_blocks": 3,
  "step_cache": false,
  "adaptive_depth": false,
  "marker_ffn": false,
  "recursion_mode": "fixed",
  "router_capacity": null,
  "router_alpha": 1.0,
  "router_temp": 1.0,
  "router_type": "linear",
  "router_z_coeff": 0.001,
  "router_balance_coeff": 0.1,
  "gene_interaction": "none",
  "interaction_knn": 16,
  "router_prior_beta": 1.0,
  "router_prior_anneal": true,
  "pathway_attn_bias": false,
  "pathway_attn_lambda": 2.0,
  "lambda_marker": 0.1,
  "gamma_diversity": 0.05,
  "beta_compression": 0.01,
  "lr": 0.001,
  "weight_decay": 1e-05,
  "epochs": 80,
  "patience": 12,
  "seed": 0,
  "device": "cuda"
 },
 "heads": {
  "cell_type": {
   "accuracy": 0.8895371450797355,
   "macro_f1": 0.6606180431552909,
   "weighted_f1": 0.88907724151655,
   "per_class": {
    "0": {
     "precision": 0.918918918918919,
     "recall": 0.9477351916376306,
     "f1-score": 0.9331046312178388,
     "support": 287.0
    },
    "1": {
     "precision": 0.8,
     "recall": 0.7058823529411765,
     "f1-score": 0.75,
     "support": 85.0
    },
    "2": {
     "precision": 0.9325842696629213,
     "recall": 0.9512893982808023,
     "f1-score": 0.9418439716312057,
     "support": 698.0
    },
    "3": {
     "precision": 0.9470827679782904,
     "recall": 0.920844327176781,
     "f1-score": 0.9337792642140468,
     "support": 758.0
    },
    "4": {
     "precision": 0.7047619047619048,
     "recall": 0.8222222222222222,
     "f1-score": 0.7589743589743589,
     "support": 180.0
    },
    "5": {
     "precision": 0.9057750759878419,
     "recall": 0.9226006191950464,
     "f1-score": 0.9141104294478528,
     "support": 323.0
    },
    "6": {
     "precision": 0.9137931034482759,
     "recall": 0.6973684210526315,
     "f1-score": 0.7910447761194029,
     "support": 76.0
    },
    "7": {
     "precision": 0.3333333333333333,
     "recall": 0.2,
     "f1-score": 0.25,
     "support": 5.0
    },
    "8": {
     "precision": 0.7547169811320755,
     "recall": 0.5194805194805194,
     "f1-score": 0.6153846153846154,
     "support": 77.0
    },
    "9": {
     "precision": 0.8,
     "recall": 0.7058823529411765,
     "f1-score": 0.75,
     "support": 17.0
    },
    "10": {
     "precision": 0.5,
     "recall": 0.2857142857142857,
     "f1-score": 0.36363636363636365,
     "support": 7.0
    },
    "11": {
     "precision": 0.5138888888888888,
     "recall": 0.7115384615384616,
     "f1-score": 0.5967741935483871,
     "support": 52.0
    },
    "12": {
     "precision": 1.0,
     "recall": 0.25,
     "f1-score": 0.4,
     "support": 4.0
    },
    "13": {
     "precision": 0.16666666666666666,
     "recall": 0.5,
     "f1-score": 0.25,
     "support": 2.0
    },
    "accuracy": 0.8895371450797355,
    "macro avg": {
     "precision": 0.727965850769937,
     "recall": 0.6528970108700525,
     "f1-score": 0.6606180431552909,
     "support": 2571.0
    },
    "weighted avg": {
     "precision": 0.8935700062678607,
     "recall": 0.8895371450797355,
     "f1-score": 0.88907724151655,
     "support": 2571.0
    }
   }
  }
 }
}