{
 "dataset": "prototype",
 "n_samples": 90579,
 "n_features": 752,
 "n_classes": 10,
 "n_train": 53894,
 "n_test": 27174,
 "transformer_params": 224352,
 "total_params": 329877,
 "config": {
  "heads": [
   "cell_type"
  ],
  "cohorts": null,
  "n_hvg": null,
  "n_channels": 1,
  "batch_size": 128,
  "val_frac": 0.15,
  "test_frac": 0.15,
  "d_model": 96,
  "n_heads": 4,
  "d_ff": 192,
  "dropout": 0.1,
  "n_markers": 128,
  "marker_mode": "router",
  "pathway_pool": "mean",
  "compress_mode": "aggregate",
  "recursive_marker_refine": true,
  "peak_init": true,
  "anneal_markers": true,
  "recursion_depth": 6,
  "share_weights": true,
  "share_strategy": "sequence",
  "n_unique_blocks": 3,
  "step_cache": false,
  "adaptive_depth": false,
  "marker_ffn": false,
  "recursion_mode": "fixed",
  "router_capacity": null,
  "router_alpha": 1.0,
  "router_temp": 1.0,
  "router_type": "linear",
  "router_z_coeff": 0.001,
  "router_balance_coeff": 0.1,
  "gene_interaction": "none",
  "interaction_knn": 16,
  "router_prior_beta": 1.0,
  "router_prior_anneal": true,
  "pathway_attn_bias": false,
  "pathway_attn_lambda": 2.0,
  "lambda_marker": 0.1,
  "gamma_diversity": 0.05,
  "beta_compression": 0.01,
  "lr": 0.001,
  "weight_decay": 1e-05,
  "epochs": 80,
  "patience": 12,
  "seed": 0,
  "device": "cuda"
 },
 "heads": {
  "cell_type": {
   "accuracy": 0.9454625745197616,
   "macro_f1": 0.9388956869358163,
   "weighted_f1": 0.9453160410043187,
   "per_class": {
    "0": {
     "precision": 0.9544937428896473,
     "recall": 0.9767171129220024,
     "f1-score": 0.9654775604142692,
     "support": 859.0
    },
    "1": {
     "precision": 0.9714576962283384,
     "recall": 0.9389162561576355,
     "f1-score": 0.9549098196392786,
     "support": 1015.0
    },
    "2": {
     "precision": 0.9270693512304251,
     "recall": 0.9655172413793104,
     "f1-score": 0.9459027619265008,
     "support": 2146.0
    },
    "3": {
     "precision": 0.9530254777070064,
     "recall": 0.9443786982248521,
     "f1-score": 0.9486823855755895,
     "support": 2535.0
    },
    "4": {
     "precision": 0.8932686476652517,
     "recall": 0.8664705882352941,
     "f1-score": 0.8796655718124813,
     "support": 1700.0
    },
    "5": {
     "precision": 0.8944309927360775,
     "recall": 0.8659165494608533,
     "f1-score": 0.8799428299190091,
     "support": 2133.0
    },
    "6": {
     "precision": 0.9117326552851435,
     "recall": 0.9306637004078606,
     "f1-score": 0.9211009174311927,
     "support": 2697.0
    },
    "7": {
     "precision": 0.9484245731385319,
     "recall": 0.968890487322424,
     "f1-score": 0.9585483010140544,
     "support": 5561.0
    },
    "8": {
     "precision": 0.9632752992383025,
     "recall": 0.934054339224479,
     "f1-score": 0.9484398017945628,
     "support": 3791.0
    },
    "9": {
     "precision": 0.985663082437276,
     "recall": 0.9869115473928647,
     "f1-score": 0.9862869198312236,
     "support": 4737.0
    },
    "accuracy": 0.9454625745197616,
    "macro avg": {
     "precision": 0.9402841518556,
     "recall": 0.9378436520727575,
     "f1-score": 0.9388956869358163,
     "support": 27174.0
    },
    "weighted avg": {
     "precision": 0.9454523740532822,
     "recall": 0.9454625745197616,
     "f1-score": 0.9453160410043187,
     "support": 27174.0
    }
   }
  }
 }
}