{
 "task": "os_binary",
 "n_samples": 2738,
 "n_genes": 20530,
 "n_classes": 2,
 "n_train": 1861,
 "n_test": 548,
 "transformer_params": 132992,
 "total_params": 2827781,
 "config": {
  "heads": [
   "os_binary"
  ],
  "cohorts": null,
  "n_hvg": null,
  "batch_size": 32,
  "val_frac": 0.15,
  "test_frac": 0.15,
  "d_model": 128,
  "n_heads": 4,
  "d_ff": 256,
  "dropout": 0.1,
  "n_markers": 256,
  "marker_mode": "router",
  "compress_mode": "aggregate",
  "recursive_marker_refine": true,
  "recursion_depth": 4,
  "share_weights": true,
  "adaptive_depth": false,
  "marker_ffn": false,
  "recursion_mode": "expert",
  "router_capacity": null,
  "router_alpha": 1.0,
  "router_temp": 1.0,
  "router_type": "linear",
  "router_z_coeff": 0.001,
  "router_balance_coeff": 0.1,
  "lambda_marker": 0.1,
  "gamma_diversity": 0.05,
  "beta_compression": 0.01,
  "lr": 0.0003,
  "weight_decay": 0.01,
  "epochs": 40,
  "patience": 8,
  "seed": 42,
  "device": "cuda"
 },
 "heads": {
  "os_binary": {
   "accuracy": 0.7372262773722628,
   "macro_f1": 0.5695865604887095,
   "weighted_f1": 0.7587939602461701,
   "per_class": {
    "0": {
     "precision": 0.248,
     "recall": 0.38271604938271603,
     "f1-score": 0.30097087378640774,
     "support": 81.0
    },
    "1": {
     "precision": 0.8817966903073287,
     "recall": 0.7987152034261242,
     "f1-score": 0.8382022471910112,
     "support": 467.0
    },
    "accuracy": 0.7372262773722628,
    "macro avg": {
     "precision": 0.5648983451536643,
     "recall": 0.5907156264044201,
     "f1-score": 0.5695865604887095,
     "support": 548.0
    },
    "weighted avg": {
     "precision": 0.7881150627254061,
     "recall": 0.7372262773722628,
     "f1-score": 0.7587939602461701,
     "support": 548.0
    }
   }
  }
 }
}