{
 "task": "pathologic_stage",
 "n_samples": 2738,
 "n_genes": 20530,
 "n_classes": 4,
 "n_train": 1861,
 "n_test": 548,
 "transformer_params": 132992,
 "total_params": 2828297,
 "config": {
  "heads": [
   "pathologic_stage"
  ],
  "cohorts": null,
  "n_hvg": null,
  "batch_size": 32,
  "val_frac": 0.15,
  "test_frac": 0.15,
  "d_model": 128,
  "n_heads": 4,
  "d_ff": 256,
  "dropout": 0.1,
  "n_markers": 256,
  "marker_mode": "router",
  "compress_mode": "aggregate",
  "recursive_marker_refine": true,
  "recursion_depth": 4,
  "share_weights": true,
  "adaptive_depth": false,
  "marker_ffn": false,
  "recursion_mode": "expert",
  "router_capacity": null,
  "router_alpha": 1.0,
  "router_temp": 1.0,
  "router_type": "linear",
  "router_z_coeff": 0.001,
  "router_balance_coeff": 0.1,
  "lambda_marker": 0.1,
  "gamma_diversity": 0.05,
  "beta_compression": 0.01,
  "lr": 0.0003,
  "weight_decay": 0.01,
  "epochs": 40,
  "patience": 8,
  "seed": 42,
  "device": "cuda"
 },
 "heads": {
  "pathologic_stage": {
   "accuracy": 0.5,
   "macro_f1": 0.4504245754245755,
   "weighted_f1": 0.4717499653631041,
   "per_class": {
    "0": {
     "precision": 0.516728624535316,
     "recall": 0.7202072538860104,
     "f1-score": 0.6017316017316018,
     "support": 193.0
    },
    "1": {
     "precision": 0.5510204081632653,
     "recall": 0.4576271186440678,
     "f1-score": 0.5,
     "support": 177.0
    },
    "2": {
     "precision": 0.16,
     "recall": 0.07547169811320754,
     "f1-score": 0.10256410256410256,
     "support": 106.0
    },
    "3": {
     "precision": 0.5609756097560976,
     "recall": 0.6388888888888888,
     "f1-score": 0.5974025974025974,
     "support": 72.0
    },
    "accuracy": 0.5,
    "macro avg": {
     "precision": 0.4471811606136697,
     "recall": 0.47304873988304363,
     "f1-score": 0.4504245754245755,
     "support": 548.0
    },
    "weighted avg": {
     "precision": 0.4646158406617755,
     "recall": 0.5,
     "f1-score": 0.4717499653631041,
     "support": 548.0
    }
   }
  }
 }
}