{
 "task": "pathologic_N",
 "n_samples": 2738,
 "n_genes": 20530,
 "n_classes": 4,
 "n_train": 1861,
 "n_test": 548,
 "transformer_params": 132992,
 "total_params": 2828297,
 "config": {
  "heads": [
   "pathologic_N"
  ],
  "cohorts": null,
  "n_hvg": null,
  "batch_size": 32,
  "val_frac": 0.15,
  "test_frac": 0.15,
  "d_model": 128,
  "n_heads": 4,
  "d_ff": 256,
  "dropout": 0.1,
  "n_markers": 256,
  "marker_mode": "router",
  "compress_mode": "aggregate",
  "recursive_marker_refine": true,
  "recursion_depth": 4,
  "share_weights": true,
  "adaptive_depth": false,
  "marker_ffn": false,
  "recursion_mode": "expert",
  "router_capacity": null,
  "router_alpha": 1.0,
  "router_temp": 1.0,
  "router_type": "linear",
  "router_z_coeff": 0.001,
  "router_balance_coeff": 0.1,
  "lambda_marker": 0.1,
  "gamma_diversity": 0.05,
  "beta_compression": 0.01,
  "lr": 0.0003,
  "weight_decay": 0.01,
  "epochs": 40,
  "patience": 8,
  "seed": 42,
  "device": "cuda"
 },
 "heads": {
  "pathologic_N": {
   "accuracy": 0.4416058394160584,
   "macro_f1": 0.3120247649644639,
   "weighted_f1": 0.45250707035912696,
   "per_class": {
    "0": {
     "precision": 0.6147186147186147,
     "recall": 0.48135593220338985,
     "f1-score": 0.5399239543726235,
     "support": 295.0
    },
    "1": {
     "precision": 0.4025974025974026,
     "recall": 0.37349397590361444,
     "f1-score": 0.3875,
     "support": 166.0
    },
    "2": {
     "precision": 0.2360248447204969,
     "recall": 0.5,
     "f1-score": 0.3206751054852321,
     "support": 76.0
    },
    "3": {
     "precision": 0.0,
     "recall": 0.0,
     "f1-score": 0.0,
     "support": 11.0
    },
    "accuracy": 0.4416058394160584,
    "macro avg": {
     "precision": 0.3133352155091285,
     "recall": 0.33871247702675106,
     "f1-score": 0.3120247649644639,
     "support": 548.0
    },
    "weighted avg": {
     "precision": 0.4856041028684634,
     "recall": 0.4416058394160584,
     "f1-score": 0.45250707035912696,
     "support": 548.0
    }
   }
  }
 }
}