{
 "task": "pathologic_T",
 "n_samples": 2738,
 "n_genes": 20530,
 "n_classes": 4,
 "n_train": 1861,
 "n_test": 548,
 "transformer_params": 132992,
 "total_params": 2828297,
 "config": {
  "heads": [
   "pathologic_T"
  ],
  "cohorts": null,
  "n_hvg": null,
  "batch_size": 32,
  "val_frac": 0.15,
  "test_frac": 0.15,
  "d_model": 128,
  "n_heads": 4,
  "d_ff": 256,
  "dropout": 0.1,
  "n_markers": 256,
  "marker_mode": "router",
  "compress_mode": "aggregate",
  "recursive_marker_refine": true,
  "recursion_depth": 4,
  "share_weights": true,
  "adaptive_depth": false,
  "marker_ffn": false,
  "recursion_mode": "expert",
  "router_capacity": null,
  "router_alpha": 1.0,
  "router_temp": 1.0,
  "router_type": "linear",
  "router_z_coeff": 0.001,
  "router_balance_coeff": 0.1,
  "lambda_marker": 0.1,
  "gamma_diversity": 0.05,
  "beta_compression": 0.01,
  "lr": 0.0003,
  "weight_decay": 0.01,
  "epochs": 40,
  "patience": 8,
  "seed": 42,
  "device": "cuda"
 },
 "heads": {
  "pathologic_T": {
   "accuracy": 0.458029197080292,
   "macro_f1": 0.4150482009934933,
   "weighted_f1": 0.4561795548848922,
   "per_class": {
    "0": {
     "precision": 0.4927536231884058,
     "recall": 0.24285714285714285,
     "f1-score": 0.3253588516746411,
     "support": 140.0
    },
    "1": {
     "precision": 0.5793650793650794,
     "recall": 0.5509433962264151,
     "f1-score": 0.5647969052224371,
     "support": 265.0
    },
    "2": {
     "precision": 0.328,
     "recall": 0.44565217391304346,
     "f1-score": 0.3778801843317972,
     "support": 92.0
    },
    "3": {
     "precision": 0.29411764705882354,
     "recall": 0.5882352941176471,
     "f1-score": 0.39215686274509803,
     "support": 51.0
    },
    "accuracy": 0.458029197080292,
    "macro avg": {
     "precision": 0.42355908740307724,
     "recall": 0.4569220017785621,
     "f1-score": 0.4150482009934933,
     "support": 548.0
    },
    "weighted avg": {
     "precision": 0.4884913380987644,
     "recall": 0.458029197080292,
     "f1-score": 0.4561795548848922,
     "support": 548.0
    }
   }
  }
 }
}