{
 "task": "tumor_status",
 "n_samples": 2738,
 "n_genes": 20530,
 "n_classes": 2,
 "n_train": 1861,
 "n_test": 548,
 "transformer_params": 132992,
 "total_params": 2827781,
 "config": {
  "heads": [
   "tumor_status"
  ],
  "cohorts": null,
  "n_hvg": null,
  "batch_size": 32,
  "val_frac": 0.15,
  "test_frac": 0.15,
  "d_model": 128,
  "n_heads": 4,
  "d_ff": 256,
  "dropout": 0.1,
  "n_markers": 256,
  "marker_mode": "router",
  "compress_mode": "aggregate",
  "recursive_marker_refine": true,
  "recursion_depth": 4,
  "share_weights": true,
  "adaptive_depth": false,
  "marker_ffn": false,
  "recursion_mode": "expert",
  "router_capacity": null,
  "router_alpha": 1.0,
  "router_temp": 1.0,
  "router_type": "linear",
  "router_z_coeff": 0.001,
  "router_balance_coeff": 0.1,
  "lambda_marker": 0.1,
  "gamma_diversity": 0.05,
  "beta_compression": 0.01,
  "lr": 0.0003,
  "weight_decay": 0.01,
  "epochs": 40,
  "patience": 8,
  "seed": 42,
  "device": "cuda"
 },
 "heads": {
  "tumor_status": {
   "accuracy": 0.6824817518248175,
   "macro_f1": 0.5826680672268907,
   "weighted_f1": 0.6973793166901798,
   "per_class": {
    "0": {
     "precision": 0.8273195876288659,
     "recall": 0.75,
     "f1-score": 0.7867647058823529,
     "support": 428.0
    },
    "1": {
     "precision": 0.33125,
     "recall": 0.44166666666666665,
     "f1-score": 0.37857142857142856,
     "support": 120.0
    },
    "accuracy": 0.6824817518248175,
    "macro avg": {
     "precision": 0.579284793814433,
     "recall": 0.5958333333333333,
     "f1-score": 0.5826680672268907,
     "support": 548.0
    },
    "weighted avg": {
     "precision": 0.7186912107758295,
     "recall": 0.6824817518248175,
     "f1-score": 0.6973793166901798,
     "support": 548.0
    }
   }
  }
 }
}