{
 "dataset": "common_class",
 "n_samples": 27499,
 "n_features": 1089,
 "n_classes": 19,
 "n_train": 16361,
 "n_test": 8250,
 "transformer_params": 74880,
 "total_params": 214503,
 "config": {
  "heads": [
   "cell_type"
  ],
  "cohorts": null,
  "n_hvg": null,
  "n_channels": 1,
  "batch_size": 128,
  "val_frac": 0.15,
  "test_frac": 0.15,
  "d_model": 96,
  "n_heads": 4,
  "d_ff": 192,
  "dropout": 0.1,
  "n_markers": 128,
  "marker_mode": "router",
  "pathway_pool": "mean",
  "compress_mode": "aggregate",
  "recursive_marker_refine": true,
  "peak_init": true,
  "anneal_markers": true,
  "recursion_depth": 1,
  "share_weights": true,
  "adaptive_depth": false,
  "marker_ffn": false,
  "recursion_mode": "expert",
  "router_capacity": null,
  "router_alpha": 1.0,
  "router_temp": 1.0,
  "router_type": "linear",
  "router_z_coeff": 0.001,
  "router_balance_coeff": 0.1,
  "gene_interaction": "none",
  "interaction_knn": 16,
  "router_prior_beta": 1.0,
  "router_prior_anneal": true,
  "pathway_attn_bias": false,
  "pathway_attn_lambda": 2.0,
  "lambda_marker": 0.1,
  "gamma_diversity": 0.05,
  "beta_compression": 0.01,
  "lr": 0.001,
  "weight_decay": 1e-05,
  "epochs": 150,
  "patience": 15,
  "seed": 0,
  "device": "cuda"
 },
 "heads": {
  "cell_type": {
   "accuracy": 0.8381818181818181,
   "macro_f1": 0.7007762192509318,
   "weighted_f1": 0.8425978998267025,
   "per_class": {
    "0": {
     "precision": 0.45614035087719296,
     "recall": 0.6842105263157895,
     "f1-score": 0.5473684210526316,
     "support": 76.0
    },
    "1": {
     "precision": 0.6862745098039216,
     "recall": 0.6422018348623854,
     "f1-score": 0.6635071090047393,
     "support": 327.0
    },
    "2": {
     "precision": 0.5757575757575758,
     "recall": 0.6386554621848739,
     "f1-score": 0.6055776892430279,
     "support": 238.0
    },
    "3": {
     "precision": 0.6927374301675978,
     "recall": 0.7425149700598802,
     "f1-score": 0.7167630057803468,
     "support": 167.0
    },
    "4": {
     "precision": 0.7795698924731183,
     "recall": 0.90625,
     "f1-score": 0.838150289017341,
     "support": 160.0
    },
    "5": {
     "precision": 0.7443946188340808,
     "recall": 0.6775510204081633,
     "f1-score": 0.7094017094017094,
     "support": 245.0
    },
    "6": {
     "precision": 0.5230769230769231,
     "recall": 0.5714285714285714,
     "f1-score": 0.5461847389558233,
     "support": 119.0
    },
    "7": {
     "precision": 0.89375,
     "recall": 0.8524590163934426,
     "f1-score": 0.8726163234172387,
     "support": 671.0
    },
    "8": {
     "precision": 0.39819004524886875,
     "recall": 0.6111111111111112,
     "f1-score": 0.4821917808219178,
     "support": 144.0
    },
    "9": {
     "precision": 0.8125,
     "recall": 0.5679611650485437,
     "f1-score": 0.6685714285714286,
     "support": 412.0
    },
    "10": {
     "precision": 0.5879396984924623,
     "recall": 0.7048192771084337,
     "f1-score": 0.6410958904109589,
     "support": 166.0
    },
    "11": {
     "precision": 0.7692307692307693,
     "recall": 0.8023483365949119,
     "f1-score": 0.7854406130268199,
     "support": 511.0
    },
    "12": {
     "precision": 0.9050772626931567,
     "recall": 0.7765151515151515,
     "f1-score": 0.835881753312946,
     "support": 528.0
    },
    "13": {
     "precision": 0.3333333333333333,
     "recall": 0.6276595744680851,
     "f1-score": 0.4354243542435424,
     "support": 94.0
    },
    "14": {
     "precision": 0.7368421052631579,
     "recall": 1.0,
     "f1-score": 0.8484848484848485,
     "support": 14.0
    },
    "15": {
     "precision": 0.39603960396039606,
     "recall": 0.39800995024875624,
     "f1-score": 0.3970223325062035,
     "support": 201.0
    },
    "16": {
     "precision": 0.9675615212527964,
     "recall": 0.9785067873303167,
     "f1-score": 0.9730033745781778,
     "support": 884.0
    },
    "17": {
     "precision": 0.9799373040752352,
     "recall": 0.9571341090018372,
     "f1-score": 0.9684014869888475,
     "support": 3266.0
    },
    "18": {
     "precision": 0.71875,
     "recall": 0.8518518518518519,
     "f1-score": 0.7796610169491526,
     "support": 27.0
    },
    "accuracy": 0.8381818181818181,
    "macro avg": {
     "precision": 0.6819527865547678,
     "recall": 0.7363783534701107,
     "f1-score": 0.7007762192509318,
     "support": 8250.0
    },
    "weighted avg": {
     "precision": 0.8530860825262772,
     "recall": 0.8381818181818181,
     "f1-score": 0.8425978998267025,
     "support": 8250.0
    }
   }
  }
 }
}