{
 "dataset": "pancreas",
 "n_samples": 14767,
 "n_features": 1936,
 "n_classes": 15,
 "n_train": 10744,
 "n_test": 2127,
 "transformer_params": 74880,
 "total_params": 295039,
 "config": {
  "heads": [
   "cell_type"
  ],
  "cohorts": null,
  "n_hvg": null,
  "n_channels": 1,
  "batch_size": 128,
  "val_frac": 0.15,
  "test_frac": 0.15,
  "d_model": 96,
  "n_heads": 4,
  "d_ff": 192,
  "dropout": 0.1,
  "n_markers": 128,
  "marker_mode": "router",
  "compress_mode": "aggregate",
  "recursive_marker_refine": true,
  "peak_init": true,
  "anneal_markers": true,
  "recursion_depth": 1,
  "share_weights": true,
  "adaptive_depth": false,
  "marker_ffn": false,
  "recursion_mode": "expert",
  "router_capacity": null,
  "router_alpha": 1.0,
  "router_temp": 1.0,
  "router_type": "linear",
  "router_z_coeff": 0.001,
  "router_balance_coeff": 0.1,
  "gene_interaction": "none",
  "interaction_knn": 16,
  "router_prior_beta": 1.0,
  "router_prior_anneal": true,
  "lambda_marker": 0.1,
  "gamma_diversity": 0.05,
  "beta_compression": 0.01,
  "lr": 0.001,
  "weight_decay": 1e-05,
  "epochs": 150,
  "patience": 15,
  "seed": 0,
  "device": "cuda"
 },
 "heads": {
  "cell_type": {
   "accuracy": 0.8688293370944993,
   "macro_f1": 0.4554573309630368,
   "weighted_f1": 0.8762274361366867,
   "per_class": {
    "0": {
     "precision": 0.0,
     "recall": 0.0,
     "f1-score": 0.0,
     "support": 5.0
    },
    "1": {
     "precision": 0.9782608695652174,
     "recall": 0.972972972972973,
     "f1-score": 0.975609756097561,
     "support": 185.0
    },
    "2": {
     "precision": 0.9511002444987775,
     "recall": 0.8781038374717833,
     "f1-score": 0.9131455399061033,
     "support": 886.0
    },
    "3": {
     "precision": 0.9105058365758755,
     "recall": 0.8666666666666667,
     "f1-score": 0.888045540796964,
     "support": 270.0
    },
    "4": {
     "precision": 0.5755813953488372,
     "recall": 0.868421052631579,
     "f1-score": 0.6923076923076923,
     "support": 114.0
    },
    "5": {
     "precision": 0.9866666666666667,
     "recall": 0.9585492227979274,
     "f1-score": 0.9724047306176085,
     "support": 386.0
    },
    "6": {
     "precision": 1.0,
     "recall": 0.75,
     "f1-score": 0.8571428571428571,
     "support": 16.0
    },
    "7": {
     "precision": 0.5,
     "recall": 0.7142857142857143,
     "f1-score": 0.5882352941176471,
     "support": 7.0
    },
    "8": {
     "precision": 0.7268722466960352,
     "recall": 0.8375634517766497,
     "f1-score": 0.7783018867924528,
     "support": 197.0
    },
    "9": {
     "precision": 0.0,
     "recall": 0.0,
     "f1-score": 0.0,
     "support": 0.0
    },
    "10": {
     "precision": 0.0,
     "recall": 0.0,
     "f1-score": 0.0,
     "support": 7.0
    },
    "11": {
     "precision": 0.0,
     "recall": 0.0,
     "f1-score": 0.0,
     "support": 0.0
    },
    "12": {
     "precision": 0.0,
     "recall": 0.0,
     "f1-score": 0.0,
     "support": 0.0
    },
    "13": {
     "precision": 0.8333333333333334,
     "recall": 0.09259259259259259,
     "f1-score": 0.16666666666666666,
     "support": 54.0
    },
    "14": {
     "precision": 0.0,
     "recall": 0.0,
     "f1-score": 0.0,
     "support": 0.0
    },
    "accuracy": 0.8688293370944993,
    "macro avg": {
     "precision": 0.4974880395123161,
     "recall": 0.46261036741305905,
     "f1-score": 0.4554573309630368,
     "support": 2127.0
    },
    "weighted avg": {
     "precision": 0.9043973194044137,
     "recall": 0.8688293370944993,
     "f1-score": 0.8762274361366867,
     "support": 2127.0
    }
   }
  }
 }
}