{
 "dataset": "prototype",
 "n_samples": 90579,
 "n_features": 752,
 "n_classes": 10,
 "n_train": 53894,
 "n_test": 27174,
 "transformer_params": 74880,
 "total_params": 180405,
 "config": {
  "heads": [
   "cell_type"
  ],
  "cohorts": null,
  "n_hvg": null,
  "n_channels": 1,
  "batch_size": 128,
  "val_frac": 0.15,
  "test_frac": 0.15,
  "d_model": 96,
  "n_heads": 4,
  "d_ff": 192,
  "dropout": 0.1,
  "n_markers": 128,
  "marker_mode": "router",
  "pathway_pool": "mean",
  "compress_mode": "aggregate",
  "recursive_marker_refine": true,
  "peak_init": true,
  "anneal_markers": true,
  "recursion_depth": 1,
  "share_weights": true,
  "adaptive_depth": false,
  "marker_ffn": false,
  "recursion_mode": "expert",
  "router_capacity": null,
  "router_alpha": 1.0,
  "router_temp": 1.0,
  "router_type": "linear",
  "router_z_coeff": 0.001,
  "router_balance_coeff": 0.1,
  "gene_interaction": "none",
  "interaction_knn": 16,
  "router_prior_beta": 1.0,
  "router_prior_anneal": true,
  "pathway_attn_bias": false,
  "pathway_attn_lambda": 2.0,
  "lambda_marker": 0.1,
  "gamma_diversity": 0.05,
  "beta_compression": 0.01,
  "lr": 0.001,
  "weight_decay": 1e-05,
  "epochs": 150,
  "patience": 15,
  "seed": 0,
  "device": "cuda"
 },
 "heads": {
  "cell_type": {
   "accuracy": 0.9378081990137631,
   "macro_f1": 0.9336264612462688,
   "weighted_f1": 0.9379385698915147,
   "per_class": {
    "0": {
     "precision": 0.9453734671125975,
     "recall": 0.9871944121071012,
     "f1-score": 0.9658314350797267,
     "support": 859.0
    },
    "1": {
     "precision": 0.9726720647773279,
     "recall": 0.9467980295566503,
     "f1-score": 0.9595606590114828,
     "support": 1015.0
    },
    "2": {
     "precision": 0.9418164616840113,
     "recall": 0.9277726001863933,
     "f1-score": 0.9347417840375587,
     "support": 2146.0
    },
    "3": {
     "precision": 0.955959595959596,
     "recall": 0.9333333333333333,
     "f1-score": 0.9445109780439122,
     "support": 2535.0
    },
    "4": {
     "precision": 0.8685552407932011,
     "recall": 0.9017647058823529,
     "f1-score": 0.8848484848484849,
     "support": 1700.0
    },
    "5": {
     "precision": 0.8678899082568807,
     "recall": 0.8870135958743554,
     "f1-score": 0.8773475539067934,
     "support": 2133.0
    },
    "6": {
     "precision": 0.9051851851851852,
     "recall": 0.9061920652576937,
     "f1-score": 0.9056883453770613,
     "support": 2697.0
    },
    "7": {
     "precision": 0.9512326795033291,
     "recall": 0.9505484625067434,
     "f1-score": 0.9508904479222882,
     "support": 5561.0
    },
    "8": {
     "precision": 0.9352194606028557,
     "recall": 0.9329992086520706,
     "f1-score": 0.9341080153175756,
     "support": 3791.0
    },
    "9": {
     "precision": 0.9809160305343512,
     "recall": 0.9765674477517416,
     "f1-score": 0.9787369089178038,
     "support": 4737.0
    },
    "accuracy": 0.9378081990137631,
    "macro avg": {
     "precision": 0.9324820094409336,
     "recall": 0.9350183861108438,
     "f1-score": 0.9336264612462688,
     "support": 27174.0
    },
    "weighted avg": {
     "precision": 0.9382016753933776,
     "recall": 0.9378081990137631,
     "f1-score": 0.9379385698915147,
     "support": 27174.0
    }
   }
  }
 }
}