{
 "dataset": "tabula_muris",
 "n_samples": 54865,
 "n_features": 1089,
 "n_classes": 55,
 "n_train": 32645,
 "n_test": 16458,
 "transformer_params": 74880,
 "total_params": 221487,
 "config": {
  "heads": [
   "cell_type"
  ],
  "cohorts": null,
  "n_hvg": null,
  "n_channels": 1,
  "batch_size": 128,
  "val_frac": 0.15,
  "test_frac": 0.15,
  "d_model": 96,
  "n_heads": 4,
  "d_ff": 192,
  "dropout": 0.1,
  "n_markers": 128,
  "marker_mode": "router",
  "compress_mode": "aggregate",
  "recursive_marker_refine": true,
  "peak_init": true,
  "anneal_markers": true,
  "recursion_depth": 1,
  "share_weights": true,
  "adaptive_depth": false,
  "marker_ffn": false,
  "recursion_mode": "expert",
  "router_capacity": null,
  "router_alpha": 1.0,
  "router_temp": 1.0,
  "router_type": "linear",
  "router_z_coeff": 0.001,
  "router_balance_coeff": 0.1,
  "gene_interaction": "none",
  "interaction_knn": 16,
  "router_prior_beta": 1.0,
  "router_prior_anneal": true,
  "lambda_marker": 0.1,
  "gamma_diversity": 0.05,
  "beta_compression": 0.01,
  "lr": 0.001,
  "weight_decay": 1e-05,
  "epochs": 150,
  "patience": 15,
  "seed": 0,
  "device": "cuda"
 },
 "heads": {
  "cell_type": {
   "accuracy": 0.8052618787215944,
   "macro_f1": 0.7069086228539228,
   "weighted_f1": 0.8097631936084849,
   "per_class": {
    "0": {
     "precision": 0.9055280528052805,
     "recall": 0.8822347266881029,
     "f1-score": 0.8937296416938111,
     "support": 2488.0
    },
    "1": {
     "precision": 0.19230769230769232,
     "recall": 0.38461538461538464,
     "f1-score": 0.2564102564102564,
     "support": 13.0
    },
    "2": {
     "precision": 0.4857142857142857,
     "recall": 0.85,
     "f1-score": 0.6181818181818182,
     "support": 20.0
    },
    "3": {
     "precision": 0.8,
     "recall": 0.7272727272727273,
     "f1-score": 0.7619047619047619,
     "support": 11.0
    },
    "4": {
     "precision": 0.8913624220837043,
     "recall": 0.7566137566137566,
     "f1-score": 0.8184791496320524,
     "support": 1323.0
    },
    "5": {
     "precision": 0.9278350515463918,
     "recall": 0.8653846153846154,
     "f1-score": 0.8955223880597015,
     "support": 104.0
    },
    "6": {
     "precision": 0.991304347826087,
     "recall": 0.9661016949152542,
     "f1-score": 0.9785407725321889,
     "support": 118.0
    },
    "7": {
     "precision": 0.9441930618401206,
     "recall": 0.9434815373021854,
     "f1-score": 0.9438371654730494,
     "support": 1327.0
    },
    "8": {
     "precision": 0.7619047619047619,
     "recall": 0.8888888888888888,
     "f1-score": 0.8205128205128205,
     "support": 18.0
    },
    "9": {
     "precision": 0.8728179551122195,
     "recall": 0.9695290858725761,
     "f1-score": 0.9186351706036745,
     "support": 361.0
    },
    "10": {
     "precision": 0.9791666666666666,
     "recall": 0.94,
     "f1-score": 0.9591836734693877,
     "support": 350.0
    },
    "11": {
     "precision": 0.6923076923076923,
     "recall": 0.7105263157894737,
     "f1-score": 0.7012987012987013,
     "support": 342.0
    },
    "12": {
     "precision": 0.8095238095238095,
     "recall": 0.9444444444444444,
     "f1-score": 0.8717948717948718,
     "support": 18.0
    },
    "13": {
     "precision": 0.9375,
     "recall": 1.0,
     "f1-score": 0.967741935483871,
     "support": 15.0
    },
    "14": {
     "precision": 0.3333333333333333,
     "recall": 0.4583333333333333,
     "f1-score": 0.38596491228070173,
     "support": 48.0
    },
    "15": {
     "precision": 0.75,
     "recall": 0.6923076923076923,
     "f1-score": 0.72,
     "support": 13.0
    },
    "16": {
     "precision": 0.6666666666666666,
     "recall": 0.5,
     "f1-score": 0.5714285714285714,
     "support": 8.0
    },
    "17": {
     "precision": 0.8571428571428571,
     "recall": 0.9473684210526315,
     "f1-score": 0.9,
     "support": 19.0
    },
    "18": {
     "precision": 0.8823529411764706,
     "recall": 0.7894736842105263,
     "f1-score": 0.8333333333333334,
     "support": 19.0
    },
    "19": {
     "precision": 0.9105058365758755,
     "recall": 0.5486518171160609,
     "f1-score": 0.6847110460863204,
     "support": 853.0
    },
    "20": {
     "precision": 1.0,
     "recall": 0.5,
     "f1-score": 0.6666666666666666,
     "support": 8.0
    },
    "21": {
     "precision": 0.822463768115942,
     "recall": 0.8697318007662835,
     "f1-score": 0.845437616387337,
     "support": 261.0
    },
    "22": {
     "precision": 0.6166666666666667,
     "recall": 0.8043478260869565,
     "f1-score": 0.6981132075471698,
     "support": 46.0
    },
    "23": {
     "precision": 0.704225352112676,
     "recall": 0.7352941176470589,
     "f1-score": 0.7194244604316546,
     "support": 68.0
    },
    "24": {
     "precision": 0.8495575221238938,
     "recall": 0.8807339449541285,
     "f1-score": 0.8648648648648649,
     "support": 218.0
    },
    "25": {
     "precision": 0.9142857142857143,
     "recall": 0.8495575221238938,
     "f1-score": 0.8807339449541285,
     "support": 113.0
    },
    "26": {
     "precision": 0.7647058823529411,
     "recall": 0.7711864406779662,
     "f1-score": 0.7679324894514767,
     "support": 118.0
    },
    "27": {
     "precision": 0.9943074003795066,
     "recall": 0.9905482041587902,
     "f1-score": 0.9924242424242424,
     "support": 529.0
    },
    "28": {
     "precision": 0.08837209302325581,
     "recall": 0.5588235294117647,
     "f1-score": 0.15261044176706828,
     "support": 34.0
    },
    "29": {
     "precision": 0.9168765743073047,
     "recall": 0.896551724137931,
     "f1-score": 0.9066002490660025,
     "support": 406.0
    },
    "30": {
     "precision": 0.9375,
     "recall": 0.9100758396533044,
     "f1-score": 0.9235843870258383,
     "support": 923.0
    },
    "31": {
     "precision": 0.4675324675324675,
     "recall": 0.9152542372881356,
     "f1-score": 0.6189111747851003,
     "support": 118.0
    },
    "32": {
     "precision": 0.2857142857142857,
     "recall": 0.2857142857142857,
     "f1-score": 0.2857142857142857,
     "support": 14.0
    },
    "33": {
     "precision": 0.7074829931972789,
     "recall": 0.7819548872180451,
     "f1-score": 0.7428571428571429,
     "support": 133.0
    },
    "34": {
     "precision": 0.8243243243243243,
     "recall": 0.8652482269503546,
     "f1-score": 0.8442906574394463,
     "support": 141.0
    },
    "35": {
     "precision": 0.9833333333333333,
     "recall": 0.9860724233983287,
     "f1-score": 0.9847009735744089,
     "support": 359.0
    },
    "36": {
     "precision": 0.8555555555555555,
     "recall": 0.9746835443037974,
     "f1-score": 0.9112426035502958,
     "support": 79.0
    },
    "37": {
     "precision": 0.16044776119402984,
     "recall": 0.44329896907216493,
     "f1-score": 0.2356164383561644,
     "support": 97.0
    },
    "38": {
     "precision": 0.7894736842105263,
     "recall": 0.9782608695652174,
     "f1-score": 0.8737864077669902,
     "support": 138.0
    },
    "39": {
     "precision": 0.6030927835051546,
     "recall": 0.841726618705036,
     "f1-score": 0.7027027027027027,
     "support": 139.0
    },
    "40": {
     "precision": 0.3229166666666667,
     "recall": 0.15656565656565657,
     "f1-score": 0.2108843537414966,
     "support": 396.0
    },
    "41": {
     "precision": 0.3125,
     "recall": 0.7142857142857143,
     "f1-score": 0.43478260869565216,
     "support": 7.0
    },
    "42": {
     "precision": 0.40540540540540543,
     "recall": 1.0,
     "f1-score": 0.5769230769230769,
     "support": 15.0
    },
    "43": {
     "precision": 0.9567286888792731,
     "recall": 0.9392523364485982,
     "f1-score": 0.9479099678456592,
     "support": 2354.0
    },
    "44": {
     "precision": 0.3528009535160906,
     "recall": 0.8680351906158358,
     "f1-score": 0.5016949152542373,
     "support": 341.0
    },
    "45": {
     "precision": 0.7605633802816901,
     "recall": 0.6878980891719745,