{
 "dataset": "Lung",
 "mode": "learned_anchor",
 "K": 4,
 "seed": 1,
 "n_markers": 128,
 "test_macro_f1": 66.16517088571695,
 "test_accuracy": 77.83818543201217,
 "val_macro_f1": 68.5648641425328,
 "n_features": 1089,
 "n_classes": 25,
 "n_samples": 57020,
 "learned_lambda": 0.3844265341758728,
 "bio_anchor_have": true
}