{
 "dataset": "Lung",
 "mode": "learned_anchor",
 "K": 4,
 "seed": 0,
 "n_markers": 128,
 "test_macro_f1": 67.3501696431976,
 "test_accuracy": 78.83198877586811,
 "val_macro_f1": 68.53980372081624,
 "n_features": 1089,
 "n_classes": 25,
 "n_samples": 57020,
 "learned_lambda": 0.3728785216808319,
 "bio_anchor_have": true
}