{
 "dataset": "Lung",
 "mode": "learned_anchor",
 "K": 4,
 "seed": 2,
 "n_markers": 128,
 "test_macro_f1": 71.26084936062846,
 "test_accuracy": 80.047936396586,
 "val_macro_f1": 71.83835337538764,
 "n_features": 1089,
 "n_classes": 25,
 "n_samples": 57020,
 "learned_lambda": 0.3179563283920288,
 "bio_anchor_have": true
}