{
 "dataset": "Muraro",
 "mode": "learned_bio",
 "K": 4,
 "seed": 7,
 "test_macro_f1": 71.98582070304751,
 "test_accuracy": 86.18524332810047,
 "n_features": 2000,
 "n_classes": 9,
 "n_samples": 2122,
 "learned_lambda": 0.22869859635829926
}