{
 "dataset": "Muraro",
 "mode": "learned",
 "K": 4,
 "seed": 1,
 "test_macro_f1": 73.4355877477331,
 "test_accuracy": 87.12715855572999,
 "n_features": 2000,
 "n_classes": 9,
 "n_samples": 2122,
 "learned_lambda": 0.21847525238990784
}