{
 "dataset": "Muraro",
 "mode": "learned",
 "K": 4,
 "seed": 6,
 "test_macro_f1": 71.28203832523846,
 "test_accuracy": 87.91208791208791,
 "n_features": 2000,
 "n_classes": 9,
 "n_samples": 2122,
 "learned_lambda": 0.22488558292388916
}