{
 "dataset": "Muraro",
 "mode": "learned",
 "K": 4,
 "seed": 2,
 "test_macro_f1": 77.51045461349194,
 "test_accuracy": 90.73783359497645,
 "n_features": 2000,
 "n_classes": 9,
 "n_samples": 2122,
 "learned_lambda": 0.22645866870880127
}