{
 "dataset": "Muraro",
 "mode": "learned",
 "K": 4,
 "seed": 0,
 "test_macro_f1": 62.849184200273115,
 "test_accuracy": 75.35321821036108,
 "n_features": 2000,
 "n_classes": 9,
 "n_samples": 2122,
 "learned_lambda": 0.2165151685476303
}