{
 "dataset": "Muraro",
 "mode": "learned",
 "K": 4,
 "seed": 7,
 "test_macro_f1": 75.34822258059603,
 "test_accuracy": 89.79591836734694,
 "n_features": 2000,
 "n_classes": 9,
 "n_samples": 2122,
 "learned_lambda": 0.22687743604183197
}