{
 "dataset": "Muraro",
 "mode": "learned_bio",
 "K": 4,
 "seed": 6,
 "test_macro_f1": 73.98851111688951,
 "test_accuracy": 89.1679748822606,
 "n_features": 2000,
 "n_classes": 9,
 "n_samples": 2122,
 "learned_lambda": 0.22921182215213776
}