{
 "dataset": "Muraro",
 "mode": "learned_bio",
 "K": 4,
 "seed": 1,
 "test_macro_f1": 77.60191499942071,
 "test_accuracy": 92.3076923076923,
 "n_features": 2000,
 "n_classes": 9,
 "n_samples": 2122,
 "learned_lambda": 0.22502842545509338
}