{
 "dataset": "Muraro",
 "mode": "learned",
 "K": 4,
 "seed": 8,
 "test_macro_f1": 77.9134384584624,
 "test_accuracy": 90.2668759811617,
 "n_features": 2000,
 "n_classes": 9,
 "n_samples": 2122,
 "learned_lambda": 0.2253289669752121
}