{
 "dataset": "Muraro",
 "mode": "learned_bio",
 "K": 4,
 "seed": 9,
 "test_macro_f1": 81.57511051700405,
 "test_accuracy": 93.4065934065934,
 "n_features": 2000,
 "n_classes": 9,
 "n_samples": 2122,
 "learned_lambda": 0.22820843756198883
}