{
 "dataset": "Muraro",
 "mode": "learned",
 "K": 4,
 "seed": 3,
 "test_macro_f1": 69.03126572291966,
 "test_accuracy": 80.3767660910518,
 "n_features": 2000,
 "n_classes": 9,
 "n_samples": 2122,
 "learned_lambda": 0.21992361545562744
}