{
 "dataset": "Muraro",
 "mode": "learned_bio",
 "K": 4,
 "seed": 3,
 "test_macro_f1": 77.73074728962926,
 "test_accuracy": 88.85400313971743,
 "n_features": 2000,
 "n_classes": 9,
 "n_samples": 2122,
 "learned_lambda": 0.22545619308948517
}