{
 "dataset": "Muraro",
 "mode": "learned",
 "K": 4,
 "seed": 5,
 "test_macro_f1": 85.3220892466988,
 "test_accuracy": 92.77864992150707,
 "n_features": 2000,
 "n_classes": 9,
 "n_samples": 2122,
 "learned_lambda": 0.22552858293056488
}