{
 "dataset": "Muraro",
 "mode": "learned_bio",
 "K": 4,
 "seed": 5,
 "test_macro_f1": 88.94374530934324,
 "test_accuracy": 93.87755102040816,
 "n_features": 2000,
 "n_classes": 9,
 "n_samples": 2122,
 "learned_lambda": 0.22395209968090057
}