{
 "dataset": "Muraro",
 "mode": "learned_bio",
 "K": 4,
 "seed": 0,
 "test_macro_f1": 68.46472042372255,
 "test_accuracy": 85.08634222919937,
 "n_features": 2000,
 "n_classes": 9,
 "n_samples": 2122,
 "learned_lambda": 0.21735383570194244
}