{
 "dataset": "Muraro",
 "mode": "learned_bio",
 "K": 4,
 "seed": 2,
 "test_macro_f1": 73.27809959764203,
 "test_accuracy": 88.54003139717426,
 "n_features": 2000,
 "n_classes": 9,
 "n_samples": 2122,
 "learned_lambda": 0.22313308715820312
}