{
 "dataset": "Muraro",
 "mode": "learned",
 "K": 4,
 "seed": 9,
 "test_macro_f1": 75.54604756840318,
 "test_accuracy": 87.44113029827315,
 "n_features": 2000,
 "n_classes": 9,
 "n_samples": 2122,
 "learned_lambda": 0.2235139012336731
}