{
 "dataset": "Muraro",
 "mode": "learned_bio",
 "K": 4,
 "seed": 8,
 "test_macro_f1": 79.09209694485982,
 "test_accuracy": 91.3657770800628,
 "n_features": 2000,
 "n_classes": 9,
 "n_samples": 2122,
 "learned_lambda": 0.22265464067459106
}