{
 "dataset": "Muraro",
 "mode": "learned_bio",
 "K": 4,
 "seed": 4,
 "test_macro_f1": 70.36165457883237,
 "test_accuracy": 86.34222919937206,
 "n_features": 2000,
 "n_classes": 9,
 "n_samples": 2122,
 "learned_lambda": 0.2153838872909546
}