{
 "dataset": "Muraro",
 "mode": "learned",
 "K": 4,
 "seed": 4,
 "test_macro_f1": 84.52102471631426,
 "test_accuracy": 91.83673469387756,
 "n_features": 2000,
 "n_classes": 9,
 "n_samples": 2122,
 "learned_lambda": 0.2259925901889801
}