{
 "dataset": "Muraro",
 "mode": "none",
 "K": 4,
 "seed": 2,
 "test_macro_f1": 67.52178823137629,
 "test_accuracy": 84.45839874411303,
 "n_features": 2000,
 "n_classes": 9,
 "n_samples": 2122
}