{
 "dataset": "Muraro",
 "mode": "none",
 "K": 4,
 "seed": 5,
 "test_macro_f1": 73.34794748942866,
 "test_accuracy": 88.22605965463109,
 "n_features": 2000,
 "n_classes": 9,
 "n_samples": 2122
}