{
 "dataset": "Muraro",
 "mode": "none",
 "K": 4,
 "seed": 8,
 "test_macro_f1": 70.97916697208397,
 "test_accuracy": 83.04552590266876,
 "n_features": 2000,
 "n_classes": 9,
 "n_samples": 2122
}