{
 "dataset": "Muraro",
 "mode": "none",
 "K": 4,
 "seed": 1,
 "test_macro_f1": 75.92837903284703,
 "test_accuracy": 88.0690737833595,
 "n_features": 2000,
 "n_classes": 9,
 "n_samples": 2122
}