{
 "dataset": "Muraro",
 "mode": "none",
 "K": 4,
 "seed": 6,
 "test_macro_f1": 73.4533703376901,
 "test_accuracy": 83.83045525902669,
 "n_features": 2000,
 "n_classes": 9,
 "n_samples": 2122
}