{
 "dataset": "Muraro",
 "mode": "none",
 "K": 4,
 "seed": 9,
 "test_macro_f1": 68.13191637648079,
 "test_accuracy": 79.43485086342228,
 "n_features": 2000,
 "n_classes": 9,
 "n_samples": 2122
}