{
 "dataset": "Muraro",
 "mode": "none",
 "K": 4,
 "seed": 3,
 "test_macro_f1": 72.97241516100938,
 "test_accuracy": 87.44113029827315,
 "n_features": 2000,
 "n_classes": 9,
 "n_samples": 2122
}