{
 "dataset": "Muraro",
 "mode": "none",
 "K": 4,
 "seed": 0,
 "test_macro_f1": 59.52234343739137,
 "test_accuracy": 75.66718995290424,
 "n_features": 2000,
 "n_classes": 9,
 "n_samples": 2122
}