{
 "dataset": "Muraro",
 "mode": "none",
 "K": 4,
 "seed": 7,
 "test_macro_f1": 62.828523940836135,
 "test_accuracy": 74.88226059654632,
 "n_features": 2000,
 "n_classes": 9,
 "n_samples": 2122
}