{
 "dataset": "Muraro",
 "mode": "random",
 "K": 4,
 "seed": 5,
 "test_macro_f1": 71.6951643461625,
 "test_accuracy": 86.02825745682888,
 "n_features": 2000,
 "n_classes": 9,
 "n_samples": 2122
}