{
 "dataset": "Muraro",
 "mode": "random",
 "K": 4,
 "seed": 9,
 "test_macro_f1": 57.87250575774328,
 "test_accuracy": 68.13186813186813,
 "n_features": 2000,
 "n_classes": 9,
 "n_samples": 2122
}