{
 "dataset": "Muraro",
 "mode": "random",
 "K": 4,
 "seed": 1,
 "test_macro_f1": 70.80415015337856,
 "test_accuracy": 80.21978021978022,
 "n_features": 2000,
 "n_classes": 9,
 "n_samples": 2122
}