{
 "dataset": "Muraro",
 "mode": "random",
 "K": 4,
 "seed": 7,
 "test_macro_f1": 69.47982508485971,
 "test_accuracy": 86.49921507064364,
 "n_features": 2000,
 "n_classes": 9,
 "n_samples": 2122
}