{
 "dataset": "Muraro",
 "mode": "random",
 "K": 4,
 "seed": 0,
 "test_macro_f1": 54.781067279511156,
 "test_accuracy": 64.2072213500785,
 "n_features": 2000,
 "n_classes": 9,
 "n_samples": 2122
}