{
 "dataset": "Muraro",
 "mode": "random",
 "K": 4,
 "seed": 8,
 "test_macro_f1": 67.84710701163968,
 "test_accuracy": 78.33594976452119,
 "n_features": 2000,
 "n_classes": 9,
 "n_samples": 2122
}