{
 "dataset": "Muraro",
 "mode": "random",
 "K": 4,
 "seed": 2,
 "test_macro_f1": 66.36028022781252,
 "test_accuracy": 82.73155416012558,
 "n_features": 2000,
 "n_classes": 9,
 "n_samples": 2122
}