{
 "dataset": "Muraro",
 "mode": "random",
 "K": 4,
 "seed": 4,
 "test_macro_f1": 77.39271072907292,
 "test_accuracy": 89.63893249607536,
 "n_features": 2000,
 "n_classes": 9,
 "n_samples": 2122
}