{
 "dataset": "Muraro",
 "mode": "random",
 "K": 4,
 "seed": 6,
 "test_macro_f1": 71.87308360316082,
 "test_accuracy": 85.8712715855573,
 "n_features": 2000,
 "n_classes": 9,
 "n_samples": 2122
}