{
 "dataset": "Muraro",
 "mode": "random",
 "K": 4,
 "seed": 3,
 "test_macro_f1": 66.07748705134591,
 "test_accuracy": 76.60910518053376,
 "n_features": 2000,
 "n_classes": 9,
 "n_samples": 2122
}