{
 "task": "pathologic_N",
 "n_samples": 867,
 "n_genes": 20530,
 "n_classes": 4,
 "n_train": 589,
 "n_test": 174,
 "transformer_params": 132992,
 "total_params": 2828297,
 "mean_recursion_depth": 2.5392870903015137,
 "compute_saving_ratio": 0.5561651698149075,
 "config": {
  "heads": [
   "pathologic_N"
  ],
  "cohorts": null,
  "n_hvg": null,
  "batch_size": 32,
  "val_frac": 0.15,
  "test_frac": 0.15,
  "d_model": 128,
  "n_heads": 4,
  "d_ff": 256,
  "dropout": 0.1,
  "n_markers": 256,
  "marker_mode": "router",
  "compress_mode": "aggregate",
  "recursive_marker_refine": true,
  "peak_init": true,
  "anneal_markers": true,
  "recursion_depth": 4,
  "share_weights": true,
  "adaptive_depth": false,
  "marker_ffn": false,
  "recursion_mode": "token",
  "router_capacity": null,
  "router_alpha": 1.0,
  "router_temp": 1.0,
  "router_type": "linear",
  "router_z_coeff": 0.001,
  "router_balance_coeff": 0.1,
  "gene_interaction": "none",
  "interaction_knn": 16,
  "router_prior_beta": 1.0,
  "router_prior_anneal": true,
  "lambda_marker": 0.1,
  "gamma_diversity": 0.05,
  "beta_compression": 0.01,
  "lr": 0.0003,
  "weight_decay": 0.01,
  "epochs": 40,
  "patience": 8,
  "seed": 42,
  "device": "cuda"
 },
 "heads": {
  "pathologic_N": {
   "accuracy": 0.3333333333333333,
   "macro_f1": 0.22185230024213076,
   "weighted_f1": 0.33649355709554424,
   "per_class": {
    "0": {
     "precision": 0.47368421052631576,
     "recall": 0.3253012048192771,
     "f1-score": 0.38571428571428573,
     "support": 83.0
    },
    "1": {
     "precision": 0.35443037974683544,
     "recall": 0.45901639344262296,
     "f1-score": 0.4,
     "support": 61.0
    },
    "2": {
     "precision": 0.07894736842105263,
     "recall": 0.14285714285714285,
     "f1-score": 0.1016949152542373,
     "support": 21.0
    },
    "3": {
     "precision": 0.0,
     "recall": 0.0,
     "f1-score": 0.0,
     "support": 9.0
    },
    "accuracy": 0.3333333333333333,
    "macro avg": {
     "precision": 0.22676548967355098,
     "recall": 0.23179368527976074,
     "f1-score": 0.22185230024213076,
     "support": 174.0
    },
    "weighted avg": {
     "precision": 0.3597352722705935,
     "recall": 0.3333333333333333,
     "f1-score": 0.33649355709554424,
     "support": 174.0
    }
   }
  }
 }
}