{
 "task": "pathologic_stage",
 "n_samples": 867,
 "n_genes": 20530,
 "n_classes": 4,
 "n_train": 589,
 "n_test": 174,
 "transformer_params": 132992,
 "total_params": 2828297,
 "mean_recursion_depth": 2.532799005508423,
 "compute_saving_ratio": 0.5543216834201102,
 "config": {
  "heads": [
   "pathologic_stage"
  ],
  "cohorts": null,
  "n_hvg": null,
  "batch_size": 32,
  "val_frac": 0.15,
  "test_frac": 0.15,
  "d_model": 128,
  "n_heads": 4,
  "d_ff": 256,
  "dropout": 0.1,
  "n_markers": 256,
  "marker_mode": "router",
  "compress_mode": "aggregate",
  "recursive_marker_refine": true,
  "peak_init": true,
  "anneal_markers": true,
  "recursion_depth": 4,
  "share_weights": true,
  "adaptive_depth": false,
  "marker_ffn": false,
  "recursion_mode": "token",
  "router_capacity": null,
  "router_alpha": 1.0,
  "router_temp": 1.0,
  "router_type": "linear",
  "router_z_coeff": 0.001,
  "router_balance_coeff": 0.1,
  "gene_interaction": "none",
  "interaction_knn": 16,
  "router_prior_beta": 1.0,
  "router_prior_anneal": true,
  "lambda_marker": 0.1,
  "gamma_diversity": 0.05,
  "beta_compression": 0.01,
  "lr": 0.0003,
  "weight_decay": 0.01,
  "epochs": 40,
  "patience": 8,
  "seed": 42,
  "device": "cuda"
 },
 "heads": {
  "pathologic_stage": {
   "accuracy": 0.3333333333333333,
   "macro_f1": 0.23688860383122445,
   "weighted_f1": 0.3494052333195137,
   "per_class": {
    "0": {
     "precision": 0.1956521739130435,
     "recall": 0.2903225806451613,
     "f1-score": 0.23376623376623376,
     "support": 31.0
    },
    "1": {
     "precision": 0.6037735849056604,
     "recall": 0.3137254901960784,
     "f1-score": 0.4129032258064516,
     "support": 102.0
    },
    "2": {
     "precision": 0.22666666666666666,
     "recall": 0.4473684210526316,
     "f1-score": 0.3008849557522124,
     "support": 38.0
    },
    "3": {
     "precision": 0.0,
     "recall": 0.0,
     "f1-score": 0.0,
     "support": 3.0
    },
    "accuracy": 0.3333333333333333,
    "macro avg": {
     "precision": 0.2565231063713426,
     "recall": 0.26285412297346783,
     "f1-score": 0.23688860383122445,
     "support": 174.0
    },
    "weighted avg": {
     "precision": 0.4382957263506611,
     "recall": 0.3333333333333333,
     "f1-score": 0.3494052333195137,
     "support": 174.0
    }
   }
  }
 }
}