{
 "task": "pathologic_T",
 "n_samples": 867,
 "n_genes": 20530,
 "n_classes": 4,
 "n_train": 589,
 "n_test": 174,
 "transformer_params": 132992,
 "total_params": 2828297,
 "mean_recursion_depth": 2.263829231262207,
 "compute_saving_ratio": 0.4921682366810193,
 "config": {
  "heads": [
   "pathologic_T"
  ],
  "cohorts": null,
  "n_hvg": null,
  "batch_size": 32,
  "val_frac": 0.15,
  "test_frac": 0.15,
  "d_model": 128,
  "n_heads": 4,
  "d_ff": 256,
  "dropout": 0.1,
  "n_markers": 256,
  "marker_mode": "router",
  "compress_mode": "aggregate",
  "recursive_marker_refine": true,
  "peak_init": true,
  "anneal_markers": true,
  "recursion_depth": 4,
  "share_weights": true,
  "adaptive_depth": false,
  "marker_ffn": false,
  "recursion_mode": "token",
  "router_capacity": null,
  "router_alpha": 1.0,
  "router_temp": 1.0,
  "router_type": "linear",
  "router_z_coeff": 0.001,
  "router_balance_coeff": 0.1,
  "gene_interaction": "none",
  "interaction_knn": 16,
  "router_prior_beta": 1.0,
  "router_prior_anneal": true,
  "lambda_marker": 0.1,
  "gamma_diversity": 0.05,
  "beta_compression": 0.01,
  "lr": 0.0003,
  "weight_decay": 0.01,
  "epochs": 40,
  "patience": 8,
  "seed": 42,
  "device": "cuda"
 },
 "heads": {
  "pathologic_T": {
   "accuracy": 0.5287356321839081,
   "macro_f1": 0.30284298382889935,
   "weighted_f1": 0.515075639019301,
   "per_class": {
    "0": {
     "precision": 0.40476190476190477,
     "recall": 0.3541666666666667,
     "f1-score": 0.37777777777777777,
     "support": 48.0
    },
    "1": {
     "precision": 0.6636363636363637,
     "recall": 0.7087378640776699,
     "f1-score": 0.6854460093896714,
     "support": 103.0
    },
    "2": {
     "precision": 0.0,
     "recall": 0.0,
     "f1-score": 0.0,
     "support": 17.0
    },
    "3": {
     "precision": 0.09523809523809523,
     "recall": 0.3333333333333333,
     "f1-score": 0.14814814814814814,
     "support": 6.0
    },
    "accuracy": 0.5287356321839081,
    "macro avg": {
     "precision": 0.2909090909090909,
     "recall": 0.34905946601941745,
     "f1-score": 0.30284298382889935,
     "support": 174.0
    },
    "weighted avg": {
     "precision": 0.5077847439916405,
     "recall": 0.5287356321839081,
     "f1-score": 0.515075639019301,
     "support": 174.0
    }
   }
  }
 }
}