{
 "dataset": "Segerstolpe",
 "mode": "learned",
 "K": 4,
 "seed": 2,
 "n_markers": 128,
 "test_macro_f1": 72.59291089595678,
 "test_accuracy": 90.45383411580595,
 "val_macro_f1": 72.74470060971952,
 "n_features": 2000,
 "n_classes": 11,
 "n_samples": 2127,
 "learned_lambda": 0.2215333878993988,
 "bio_anchor_have": false
}