{
 "dataset": "Segerstolpe",
 "mode": "learned",
 "K": 4,
 "seed": 0,
 "n_markers": 128,
 "test_macro_f1": 65.66474247686304,
 "test_accuracy": 88.57589984350548,
 "val_macro_f1": 70.17853137416996,
 "n_features": 2000,
 "n_classes": 11,
 "n_samples": 2127,
 "learned_lambda": 0.2210894525051117,
 "bio_anchor_have": false
}