{
 "dataset": "baron",
 "config": "adaptive",
 "seed": 1,
 "n_classes": 13,
 "n_test": 2571,
 "nll": 0.6976180523820454,
 "ece": 0.056905017138355635,
 "brier": 0.33667343234390906,
 "conf": 0.7267397455219943,
 "auroc": 0.8357258051108118,
 "temperature": 0.9611814022064209,
 "nll_ts": 0.6971971594461608,
 "ece_ts": 0.0539860703655825,
 "brier_ts": 0.3355209373893178,
 "auroc_ts": 0.8357116730676508
}