{
 "dataset": "blca",
 "config": "adaptive",
 "seed": 1,
 "n_classes": 2,
 "n_test": 81,
 "nll": 0.6821572208708976,
 "ece": 0.15490824005771361,
 "brier": 0.4890178154254409,
 "conf": 0.5240639382129542,
 "auroc": 0.4403183023872678,
 "temperature": 0.7104793190956116,
 "nll_ts": 0.678445719224495,
 "ece_ts": 0.10814190050160952,
 "brier_ts": 0.48531740179316213,
 "auroc_ts": 0.4403183023872678
}