{
 "dataset": "brca",
 "config": "adaptive",
 "seed": 1,
 "n_classes": 5,
 "n_test": 104,
 "nll": 1.449692946966502,
 "ece": 0.16351952154088617,
 "brier": 0.7402529415634487,
 "conf": 0.48539559616756145,
 "auroc": 0.62421875,
 "temperature": 0.9043439626693726,
 "nll_ts": 1.4819674999170762,
 "ece_ts": 0.1861362242786742,
 "brier_ts": 0.746518166869749,
 "auroc_ts": 0.625390625
}