{
 "dataset": "muraro",
 "config": "adaptive",
 "seed": 1,
 "n_classes": 9,
 "n_test": 637,
 "nll": 0.5824052406561807,
 "ece": 0.06532770318613704,
 "brier": 0.28830432057059546,
 "conf": 0.7594664365390529,
 "auroc": 0.8550399201596806,
 "temperature": 0.8594134449958801,
 "nll_ts": 0.5798863465625592,
 "ece_ts": 0.0676857859767189,
 "brier_ts": 0.2856636603347189,
 "auroc_ts": 0.8553921568627451
}