{
 "dataset": "oesophagus",
 "config": "adaptive",
 "seed": 1,
 "n_classes": 18,
 "n_test": 26385,
 "nll": 0.6458084540631919,
 "ece": 0.01655225934793802,
 "brier": 0.30226478571467047,
 "conf": 0.7679186969981727,
 "auroc": 0.846599968740353,
 "temperature": 0.9547296166419983,
 "nll_ts": 0.6453698270740367,
 "ece_ts": 0.009994484782600864,
 "brier_ts": 0.3018884224915318,
 "auroc_ts": 0.8473236385035144
}