{
 "dataset": "prostate",
 "config": "adaptive",
 "seed": 1,
 "n_classes": 2,
 "n_test": 203,
 "nll": 5.245333537618437,
 "ece": 0.32047263505211165,
 "brier": 0.6589750017637833,
 "conf": 0.9348758937201168,
 "auroc": 0.48864583333333333,
 "temperature": 1668.9993896484375,
 "nll_ts": 0.698137339771653,
 "ece_ts": 0.14603585318780776,
 "brier_ts": 0.5046595418932864,
 "auroc_ts": 0.47260416666666666
}