{
 "dataset": "spleen",
 "config": "adaptive",
 "seed": 1,
 "n_classes": 28,
 "n_test": 28239,
 "nll": 1.455578127701328,
 "ece": 0.02520253657396334,
 "brier": 0.618023210156914,
 "conf": 0.485976846816707,
 "auroc": 0.7490628872229999,
 "temperature": 0.9504991173744202,
 "nll_ts": 1.454077273038547,
 "ece_ts": 0.015164231068417381,
 "brier_ts": 0.6172651646276265,
 "auroc_ts": 0.7489247674835525
}