{
 "dataset": "stad",
 "config": "adaptive",
 "seed": 1,
 "n_classes": 2,
 "n_test": 83,
 "nll": 0.6850395508481226,
 "ece": 0.04578472352383742,
 "brier": 0.49183429673952206,
 "conf": 0.5639974805645886,
 "auroc": 0.43157262905162064,
 "temperature": 7516.896484375,
 "nll_ts": 0.6931448312583762,
 "ece_ts": 0.0903528643686693,
 "brier_ts": 0.4999976506984311,
 "auroc_ts": 0.43157262905162064
}