{
 "dataset": "xin",
 "config": "adaptive",
 "seed": 1,
 "n_classes": 4,
 "n_test": 448,
 "nll": 0.479077136718186,
 "ece": 0.07260446087713576,
 "brier": 0.23143218156851675,
 "conf": 0.8984973180199928,
 "auroc": 0.9212058212058212,
 "temperature": 1.360196590423584,
 "nll_ts": 0.43229581377419546,
 "ece_ts": 0.05462801268040461,
 "brier_ts": 0.22116525156228853,
 "auroc_ts": 0.9231462231462232
}