{
 "dataset": "Baron",
 "mode": "coexpr",
 "K": 4,
 "seed": 0,
 "test_macro_f1": 69.86405951632686,
 "test_accuracy": 87.82574873590043,
 "n_features": 2000,
 "n_classes": 13,
 "n_samples": 8569
}