{
 "dataset": "Baron",
 "mode": "coexpr",
 "K": 4,
 "seed": 6,
 "test_macro_f1": 68.29111980398602,
 "test_accuracy": 90.47063399455465,
 "n_features": 2000,
 "n_classes": 13,
 "n_samples": 8569
}