{
 "dataset": "Baron",
 "mode": "coexpr",
 "K": 4,
 "seed": 5,
 "test_macro_f1": 69.79040555577006,
 "test_accuracy": 89.7316219369895,
 "n_features": 2000,
 "n_classes": 13,
 "n_samples": 8569
}