{
 "dataset": "Baron",
 "mode": "coexpr",
 "K": 4,
 "seed": 4,
 "test_macro_f1": 74.22900776562572,
 "test_accuracy": 91.83197199533255,
 "n_features": 2000,
 "n_classes": 13,
 "n_samples": 8569
}