{
 "dataset": "Baron",
 "mode": "coexpr",
 "K": 4,
 "seed": 1,
 "test_macro_f1": 68.66888542156158,
 "test_accuracy": 84.98638661999222,
 "n_features": 2000,
 "n_classes": 13,
 "n_samples": 8569
}