{
 "dataset": "Baron",
 "mode": "coexpr",
 "K": 4,
 "seed": 9,
 "test_macro_f1": 74.07212075363827,
 "test_accuracy": 91.28743679502139,
 "n_features": 2000,
 "n_classes": 13,
 "n_samples": 8569
}