{
 "dataset": "Baron",
 "mode": "coexpr",
 "K": 4,
 "seed": 7,
 "test_macro_f1": 65.7390095202984,
 "test_accuracy": 84.63632827693505,
 "n_features": 2000,
 "n_classes": 13,
 "n_samples": 8569
}