{
 "dataset": "Baron",
 "mode": "coexpr",
 "K": 4,
 "seed": 2,
 "test_macro_f1": 68.39301688103906,
 "test_accuracy": 93.19330999611046,
 "n_features": 2000,
 "n_classes": 13,
 "n_samples": 8569
}