{
 "dataset": "Baron",
 "mode": "coexpr",
 "K": 4,
 "seed": 8,
 "test_macro_f1": 68.97825443482486,
 "test_accuracy": 87.55348113574485,
 "n_features": 2000,
 "n_classes": 13,
 "n_samples": 8569
}