{
 "dataset": "Baron",
 "mode": "coexpr",
 "K": 4,
 "seed": 3,
 "test_macro_f1": 68.92201326171897,
 "test_accuracy": 87.35900427849086,
 "n_features": 2000,
 "n_classes": 13,
 "n_samples": 8569
}