{
 "dataset": "Baron",
 "mode": "learned",
 "K": 4,
 "seed": 2,
 "test_macro_f1": 80.32974646744935,
 "test_accuracy": 96.30493971217426,
 "n_features": 2000,
 "n_classes": 13,
 "n_samples": 8569,
 "learned_lambda": 0.2905004322528839
}