{
 "dataset": "Baron",
 "mode": "learned_bio",
 "K": 4,
 "seed": 5,
 "test_macro_f1": 85.33889654259112,
 "test_accuracy": 96.30493971217426,
 "n_features": 2000,
 "n_classes": 13,
 "n_samples": 8569,
 "learned_lambda": 0.2734547257423401
}