{
 "dataset": "Baron",
 "mode": "learned",
 "K": 4,
 "seed": 3,
 "test_macro_f1": 78.45388789710451,
 "test_accuracy": 95.87709062621548,
 "n_features": 2000,
 "n_classes": 13,
 "n_samples": 8569,
 "learned_lambda": 0.2765166163444519
}