{
 "dataset": "Baron",
 "mode": "learned",
 "K": 4,
 "seed": 4,
 "test_macro_f1": 82.40159292222712,
 "test_accuracy": 96.42162582652665,
 "n_features": 2000,
 "n_classes": 13,
 "n_samples": 8569,
 "learned_lambda": 0.2868023216724396
}