{
 "dataset": "Baron",
 "mode": "learned",
 "K": 4,
 "seed": 9,
 "test_macro_f1": 79.59560957905542,
 "test_accuracy": 95.06028782574873,
 "n_features": 2000,
 "n_classes": 13,
 "n_samples": 8569,
 "learned_lambda": 0.2557131350040436
}