{
 "dataset": "Baron",
 "mode": "learned",
 "K": 4,
 "seed": 1,
 "test_macro_f1": 79.40358967837244,
 "test_accuracy": 96.26604434072345,
 "n_features": 2000,
 "n_classes": 13,
 "n_samples": 8569,
 "learned_lambda": 0.28072068095207214
}