{
 "dataset": "Baron",
 "mode": "learned_bio",
 "K": 4,
 "seed": 9,
 "test_macro_f1": 82.9742355812241,
 "test_accuracy": 96.07156748346947,
 "n_features": 2000,
 "n_classes": 13,
 "n_samples": 8569,
 "learned_lambda": 0.2685298025608063
}