{
 "dataset": "Baron",
 "mode": "learned_bio",
 "K": 4,
 "seed": 2,
 "test_macro_f1": 77.77106343585884,
 "test_accuracy": 94.94360171139634,
 "n_features": 2000,
 "n_classes": 13,
 "n_samples": 8569,
 "learned_lambda": 0.25582101941108704
}