{
 "dataset": "Baron",
 "mode": "learned",
 "K": 4,
 "seed": 7,
 "test_macro_f1": 78.21101935620806,
 "test_accuracy": 96.34383508362505,
 "n_features": 2000,
 "n_classes": 13,
 "n_samples": 8569,
 "learned_lambda": 0.29396286606788635
}