{
 "dataset": "Baron",
 "mode": "learned",
 "K": 4,
 "seed": 5,
 "test_macro_f1": 77.2726047515555,
 "test_accuracy": 93.50447296771685,
 "n_features": 2000,
 "n_classes": 13,
 "n_samples": 8569,
 "learned_lambda": 0.2585970461368561
}