{
 "dataset": "Baron",
 "mode": "learned_bio",
 "K": 4,
 "seed": 7,
 "test_macro_f1": 86.33278394742393,
 "test_accuracy": 96.49941656942825,
 "n_features": 2000,
 "n_classes": 13,
 "n_samples": 8569,
 "learned_lambda": 0.2882080674171448
}