{
 "dataset": "Baron",
 "mode": "learned",
 "K": 4,
 "seed": 0,
 "test_macro_f1": 73.80606881737741,
 "test_accuracy": 92.33761182419292,
 "n_features": 2000,
 "n_classes": 13,
 "n_samples": 8569,
 "learned_lambda": 0.24943895637989044
}