{
 "dataset": "Baron",
 "mode": "learned_bio",
 "K": 4,
 "seed": 6,
 "test_macro_f1": 76.91455349826242,
 "test_accuracy": 94.82691559704395,
 "n_features": 2000,
 "n_classes": 13,
 "n_samples": 8569,
 "learned_lambda": 0.23846735060214996
}