{
 "dataset": "Baron",
 "mode": "learned",
 "K": 4,
 "seed": 8,
 "test_macro_f1": 77.11369317253072,
 "test_accuracy": 95.6437183975107,
 "n_features": 2000,
 "n_classes": 13,
 "n_samples": 8569,
 "learned_lambda": 0.256197452545166
}