{
 "dataset": "Baron",
 "mode": "learned_bio",
 "K": 4,
 "seed": 1,
 "test_macro_f1": 87.6834450398163,
 "test_accuracy": 97.1606378840918,
 "n_features": 2000,
 "n_classes": 13,
 "n_samples": 8569,
 "learned_lambda": 0.2999374568462372
}