{
 "dataset": "Baron",
 "mode": "learned_bio",
 "K": 4,
 "seed": 0,
 "test_macro_f1": 84.92181630298842,
 "test_accuracy": 95.91598599766627,
 "n_features": 2000,
 "n_classes": 13,
 "n_samples": 8569,
 "learned_lambda": 0.2711482644081116
}