{
 "dataset": "Baron",
 "mode": "learned",
 "K": 4,
 "seed": 6,
 "test_macro_f1": 84.47568990083218,
 "test_accuracy": 96.8494749124854,
 "n_features": 2000,
 "n_classes": 13,
 "n_samples": 8569,
 "learned_lambda": 0.26930081844329834
}