{
 "dataset": "Baron",
 "mode": "learned_bio",
 "K": 4,
 "seed": 3,
 "test_macro_f1": 79.54948209657383,
 "test_accuracy": 95.68261376896149,
 "n_features": 2000,
 "n_classes": 13,
 "n_samples": 8569,
 "learned_lambda": 0.3325701653957367
}