{
 "dataset": "Baron",
 "mode": "learned_bio",
 "K": 4,
 "seed": 4,
 "test_macro_f1": 83.9746022373052,
 "test_accuracy": 95.99377674056787,
 "n_features": 2000,
 "n_classes": 13,
 "n_samples": 8569,
 "learned_lambda": 0.32841089367866516
}