{
 "dataset": "Baron",
 "mode": "none",
 "K": 4,
 "seed": 0,
 "test_macro_f1": 62.36819169099118,
 "test_accuracy": 86.42551536367172,
 "n_features": 2000,
 "n_classes": 13,
 "n_samples": 8569
}