{
 "dataset": "Baron",
 "mode": "none",
 "K": 4,
 "seed": 3,
 "test_macro_f1": 62.430627210906664,
 "test_accuracy": 83.46946713341113,
 "n_features": 2000,
 "n_classes": 13,
 "n_samples": 8569
}