{
 "dataset": "Baron",
 "mode": "none",
 "K": 4,
 "seed": 9,
 "test_macro_f1": 58.287991255579264,
 "test_accuracy": 83.00272267600157,
 "n_features": 2000,
 "n_classes": 13,
 "n_samples": 8569
}