{
 "dataset": "Baron",
 "mode": "none",
 "K": 4,
 "seed": 6,
 "test_macro_f1": 53.26739040053483,
 "test_accuracy": 69.50602878257487,
 "n_features": 2000,
 "n_classes": 13,
 "n_samples": 8569
}