{
 "dataset": "Baron",
 "mode": "none",
 "K": 4,
 "seed": 8,
 "test_macro_f1": 61.46211346351653,
 "test_accuracy": 83.04161804745235,
 "n_features": 2000,
 "n_classes": 13,
 "n_samples": 8569
}