{
 "dataset": "Baron",
 "mode": "none",
 "K": 4,
 "seed": 2,
 "test_macro_f1": 65.54765327179581,
 "test_accuracy": 87.94243485025281,
 "n_features": 2000,
 "n_classes": 13,
 "n_samples": 8569
}