{
 "dataset": "Baron",
 "mode": "none",
 "K": 4,
 "seed": 5,
 "test_macro_f1": 55.48569332814066,
 "test_accuracy": 79.61882535978219,
 "n_features": 2000,
 "n_classes": 13,
 "n_samples": 8569
}