{
 "dataset": "Baron",
 "mode": "none",
 "K": 4,
 "seed": 1,
 "test_macro_f1": 53.6946952724542,
 "test_accuracy": 80.51341890315052,
 "n_features": 2000,
 "n_classes": 13,
 "n_samples": 8569
}