{
 "dataset": "Baron",
 "mode": "none",
 "K": 4,
 "seed": 7,
 "test_macro_f1": 57.11633493006503,
 "test_accuracy": 83.58615324776352,
 "n_features": 2000,
 "n_classes": 13,
 "n_samples": 8569
}