{
 "dataset": "Baron",
 "mode": "none",
 "K": 4,
 "seed": 4,
 "test_macro_f1": 67.67056549738543,
 "test_accuracy": 91.48191365227538,
 "n_features": 2000,
 "n_classes": 13,
 "n_samples": 8569
}