{
 "dataset": "Baron",
 "mode": "random",
 "K": 4,
 "seed": 7,
 "test_macro_f1": 61.16203949930754,
 "test_accuracy": 83.00272267600157,
 "n_features": 2000,
 "n_classes": 13,
 "n_samples": 8569
}