{
 "dataset": "Baron",
 "mode": "random",
 "K": 4,
 "seed": 4,
 "test_macro_f1": 66.72349461612619,
 "test_accuracy": 91.05406456631661,
 "n_features": 2000,
 "n_classes": 13,
 "n_samples": 8569
}