{
 "dataset": "Baron",
 "mode": "random",
 "K": 4,
 "seed": 6,
 "test_macro_f1": 52.92876614120391,
 "test_accuracy": 72.65655387008945,
 "n_features": 2000,
 "n_classes": 13,
 "n_samples": 8569
}