{
 "dataset": "Baron",
 "mode": "random",
 "K": 4,
 "seed": 5,
 "test_macro_f1": 57.68807043450934,
 "test_accuracy": 80.43562816024892,
 "n_features": 2000,
 "n_classes": 13,
 "n_samples": 8569
}