{
 "dataset": "Baron",
 "mode": "random",
 "K": 4,
 "seed": 8,
 "test_macro_f1": 61.33346890820991,
 "test_accuracy": 80.70789576040451,
 "n_features": 2000,
 "n_classes": 13,
 "n_samples": 8569
}