{
 "dataset": "Baron",
 "mode": "random",
 "K": 4,
 "seed": 3,
 "test_macro_f1": 65.19333236796618,
 "test_accuracy": 79.26876701672501,
 "n_features": 2000,
 "n_classes": 13,
 "n_samples": 8569
}