{
 "dataset": "Baron",
 "mode": "random",
 "K": 4,
 "seed": 0,
 "test_macro_f1": 62.26002371942756,
 "test_accuracy": 82.65266433294438,
 "n_features": 2000,
 "n_classes": 13,
 "n_samples": 8569
}