{
 "dataset": "Baron",
 "mode": "random",
 "K": 4,
 "seed": 1,
 "test_macro_f1": 58.18502494434248,
 "test_accuracy": 79.5410346168806,
 "n_features": 2000,
 "n_classes": 13,
 "n_samples": 8569
}