{
 "dataset": "Baron",
 "mode": "random",
 "K": 4,
 "seed": 2,
 "test_macro_f1": 63.71578658602601,
 "test_accuracy": 88.75923765071957,
 "n_features": 2000,
 "n_classes": 13,
 "n_samples": 8569
}