{
 "dataset": "Baron",
 "mode": "random",
 "K": 4,
 "seed": 9,
 "test_macro_f1": 56.92469569657861,
 "test_accuracy": 75.76818358615324,
 "n_features": 2000,
 "n_classes": 13,
 "n_samples": 8569
}