{
 "dataset": "prototype",
 "n_samples": 90579,
 "n_features": 752,
 "n_classes": 10,
 "n_train": 53894,
 "n_test": 27174,
 "transformer_params": 1185408,
 "total_params": 1828629,
 "config": {
  "heads": [
   "cell_type"
  ],
  "cohorts": null,
  "n_hvg": null,
  "n_channels": 1,
  "batch_size": 128,
  "val_frac": 0.15,
  "test_frac": 0.15,
  "d_model": 384,
  "n_heads": 4,
  "d_ff": 768,
  "dropout": 0.1,
  "n_markers": 128,
  "marker_mode": "router",
  "pathway_pool": "mean",
  "compress_mode": "aggregate",
  "recursive_marker_refine": true,
  "peak_init": true,
  "anneal_markers": true,
  "recursion_depth": 4,
  "share_weights": true,
  "share_strategy": "cycle",
  "n_unique_blocks": null,
  "step_cache": false,
  "adaptive_depth": false,
  "marker_ffn": false,
  "recursion_mode": "expert",
  "router_capacity": null,
  "router_alpha": 1.0,
  "router_temp": 1.0,
  "router_type": "linear",
  "router_z_coeff": 0.001,
  "router_balance_coeff": 0.1,
  "gene_interaction": "none",
  "interaction_knn": 16,
  "router_prior_beta": 1.0,
  "router_prior_anneal": true,
  "pathway_attn_bias": false,
  "pathway_attn_lambda": 2.0,
  "lambda_marker": 0.1,
  "gamma_diversity": 0.05,
  "beta_compression": 0.01,
  "lr": 0.001,
  "weight_decay": 1e-05,
  "epochs": 80,
  "patience": 12,
  "seed": 0,
  "device": "cuda"
 },
 "heads": {
  "cell_type": {
   "accuracy": 0.9192610583646132,
   "macro_f1": 0.9162296115006523,
   "weighted_f1": 0.9194332112723405,
   "per_class": {
    "0": {
     "precision": 0.9362416107382551,
     "recall": 0.9743888242142026,
     "f1-score": 0.9549343981745579,
     "support": 859.0
    },
    "1": {
     "precision": 0.9475277497477296,
     "recall": 0.9251231527093596,
     "f1-score": 0.9361914257228315,
     "support": 1015.0
    },
    "2": {
     "precision": 0.9266227657572906,
     "recall": 0.9179869524697111,
     "f1-score": 0.9222846441947565,
     "support": 2146.0
    },
    "3": {
     "precision": 0.9417165668662675,
     "recall": 0.9305719921104536,
     "f1-score": 0.9361111111111111,
     "support": 2535.0
    },
    "4": {
     "precision": 0.8512676056338028,
     "recall": 0.8888235294117647,
     "f1-score": 0.8696402877697842,
     "support": 1700.0
    },
    "5": {
     "precision": 0.8411257376305039,
     "recall": 0.8687294889826536,
     "f1-score": 0.8547047970479705,
     "support": 2133.0
    },
    "6": {
     "precision": 0.8968761761385021,
     "recall": 0.8835743418613274,
     "f1-score": 0.8901755696675383,
     "support": 2697.0
    },
    "7": {
     "precision": 0.9225759768451519,
     "recall": 0.9171012407840317,
     "f1-score": 0.9198304626206151,
     "support": 5561.0
    },
    "8": {
     "precision": 0.9013157894736842,
     "recall": 0.9034555526246373,
     "f1-score": 0.902384402582005,
     "support": 3791.0
    },
    "9": {
     "precision": 0.9804046858359957,
     "recall": 0.971712054042643,
     "f1-score": 0.976039016115352,
     "support": 4737.0
    },
    "accuracy": 0.9192610583646132,
    "macro avg": {
     "precision": 0.9145674664667185,
     "recall": 0.9181467129210784,
     "f1-score": 0.9162296115006523,
     "support": 27174.0
    },
    "weighted avg": {
     "precision": 0.9197548207427633,
     "recall": 0.9192610583646132,
     "f1-score": 0.9194332112723405,
     "support": 27174.0
    }
   }
  }
 }
}