{
 "dataset": "common_class",
 "n_samples": 27499,
 "n_features": 1089,
 "n_classes": 19,
 "n_train": 16361,
 "n_test": 8250,
 "transformer_params": 75168,
 "total_params": 214791,
 "config": {
  "heads": [
   "cell_type"
  ],
  "cohorts": null,
  "n_hvg": null,
  "n_channels": 1,
  "batch_size": 128,
  "val_frac": 0.15,
  "test_frac": 0.15,
  "d_model": 96,
  "n_heads": 4,
  "d_ff": 192,
  "dropout": 0.1,
  "n_markers": 128,
  "marker_mode": "router",
  "pathway_pool": "mean",
  "compress_mode": "aggregate",
  "recursive_marker_refine": true,
  "peak_init": true,
  "anneal_markers": true,
  "recursion_depth": 4,
  "share_weights": true,
  "adaptive_depth": false,
  "marker_ffn": false,
  "recursion_mode": "token",
  "router_capacity": null,
  "router_alpha": 1.0,
  "router_temp": 1.0,
  "router_type": "linear",
  "router_z_coeff": 0.001,
  "router_balance_coeff": 0.1,
  "gene_interaction": "none",
  "interaction_knn": 16,
  "router_prior_beta": 1.0,
  "router_prior_anneal": true,
  "pathway_attn_bias": false,
  "pathway_attn_lambda": 2.0,
  "lambda_marker": 0.1,
  "gamma_diversity": 0.05,
  "beta_compression": 0.01,
  "lr": 0.001,
  "weight_decay": 1e-05,
  "epochs": 150,
  "patience": 15,
  "seed": 1,
  "device": "cuda"
 },
 "heads": {
  "cell_type": {
   "accuracy": 0.8392727272727273,
   "macro_f1": 0.7062751811427755,
   "weighted_f1": 0.8430364564544366,
   "per_class": {
    "0": {
     "precision": 0.5882352941176471,
     "recall": 0.7894736842105263,
     "f1-score": 0.6741573033707865,
     "support": 76.0
    },
    "1": {
     "precision": 0.6590909090909091,
     "recall": 0.709480122324159,
     "f1-score": 0.6833578792341679,
     "support": 327.0
    },
    "2": {
     "precision": 0.8035714285714286,
     "recall": 0.7563025210084033,
     "f1-score": 0.7792207792207793,
     "support": 238.0
    },
    "3": {
     "precision": 0.5394736842105263,
     "recall": 0.7365269461077845,
     "f1-score": 0.6227848101265823,
     "support": 167.0
    },
    "4": {
     "precision": 0.8121212121212121,
     "recall": 0.8375,
     "f1-score": 0.8246153846153846,
     "support": 160.0
    },
    "5": {
     "precision": 0.6882352941176471,
     "recall": 0.4775510204081633,
     "f1-score": 0.563855421686747,
     "support": 245.0
    },
    "6": {
     "precision": 0.6143790849673203,
     "recall": 0.7899159663865546,
     "f1-score": 0.6911764705882353,
     "support": 119.0
    },
    "7": {
     "precision": 0.8447412353923205,
     "recall": 0.7540983606557377,
     "f1-score": 0.7968503937007874,
     "support": 671.0
    },
    "8": {
     "precision": 0.7,
     "recall": 0.6805555555555556,
     "f1-score": 0.6901408450704225,
     "support": 144.0
    },
    "9": {
     "precision": 0.75,
     "recall": 0.7354368932038835,
     "f1-score": 0.7426470588235294,
     "support": 412.0
    },
    "10": {
     "precision": 0.5555555555555556,
     "recall": 0.6927710843373494,
     "f1-score": 0.6166219839142091,
     "support": 166.0
    },
    "11": {
     "precision": 0.8479166666666667,
     "recall": 0.7964774951076321,
     "f1-score": 0.8213925327951564,
     "support": 511.0
    },
    "12": {
     "precision": 0.7122302158273381,
     "recall": 0.75,
     "f1-score": 0.7306273062730627,
     "support": 528.0
    },
    "13": {
     "precision": 0.2904761904761905,
     "recall": 0.648936170212766,
     "f1-score": 0.40131578947368424,
     "support": 94.0
    },
    "14": {
     "precision": 0.55,
     "recall": 0.7857142857142857,
     "f1-score": 0.6470588235294118,
     "support": 14.0
    },
    "15": {
     "precision": 0.4878048780487805,
     "recall": 0.39800995024875624,
     "f1-score": 0.4383561643835616,
     "support": 201.0
    },
    "16": {
     "precision": 0.9918793503480279,
     "recall": 0.9671945701357466,
     "f1-score": 0.979381443298969,
     "support": 884.0
    },
    "17": {
     "precision": 0.9821316614420063,
     "recall": 0.9592774035517453,
     "f1-score": 0.9705700123915737,
     "support": 3266.0
    },
    "18": {
     "precision": 0.7916666666666666,
     "recall": 0.7037037037037037,
     "f1-score": 0.7450980392156863,
     "support": 27.0
    },
    "accuracy": 0.8392727272727273,
    "macro avg": {
     "precision": 0.6952373330326443,
     "recall": 0.7352066175196186,
     "f1-score": 0.7062751811427755,
     "support": 8250.0
    },
    "weighted avg": {
     "precision": 0.8521596755347808,
     "recall": 0.8392727272727273,
     "f1-score": 0.8430364564544366,
     "support": 8250.0
    }
   }
  }
 }
}