{
 "dataset": "prototype",
 "n_samples": 90579,
 "n_features": 752,
 "n_classes": 10,
 "n_train": 53894,
 "n_test": 27174,
 "transformer_params": 75168,
 "total_params": 180693,
 "config": {
  "heads": [
   "cell_type"
  ],
  "cohorts": null,
  "n_hvg": null,
  "n_channels": 1,
  "batch_size": 128,
  "val_frac": 0.15,
  "test_frac": 0.15,
  "d_model": 96,
  "n_heads": 4,
  "d_ff": 192,
  "dropout": 0.1,
  "n_markers": 128,
  "marker_mode": "router",
  "pathway_pool": "mean",
  "compress_mode": "aggregate",
  "recursive_marker_refine": true,
  "peak_init": true,
  "anneal_markers": true,
  "recursion_depth": 4,
  "share_weights": true,
  "adaptive_depth": false,
  "marker_ffn": false,
  "recursion_mode": "token",
  "router_capacity": null,
  "router_alpha": 1.0,
  "router_temp": 1.0,
  "router_type": "linear",
  "router_z_coeff": 0.001,
  "router_balance_coeff": 0.1,
  "gene_interaction": "none",
  "interaction_knn": 16,
  "router_prior_beta": 1.0,
  "router_prior_anneal": true,
  "pathway_attn_bias": false,
  "pathway_attn_lambda": 2.0,
  "lambda_marker": 0.1,
  "gamma_diversity": 0.05,
  "beta_compression": 0.01,
  "lr": 0.001,
  "weight_decay": 1e-05,
  "epochs": 150,
  "patience": 15,
  "seed": 1,
  "device": "cuda"
 },
 "heads": {
  "cell_type": {
   "accuracy": 0.9531905497902406,
   "macro_f1": 0.9495819912290602,
   "weighted_f1": 0.9532659038899556,
   "per_class": {
    "0": {
     "precision": 0.9648924122310306,
     "recall": 0.9918509895227008,
     "f1-score": 0.9781859931113662,
     "support": 859.0
    },
    "1": {
     "precision": 0.9747729566094854,
     "recall": 0.9517241379310345,
     "f1-score": 0.963110667996012,
     "support": 1015.0
    },
    "2": {
     "precision": 0.9549256505576208,
     "recall": 0.9575955265610439,
     "f1-score": 0.9562587249883667,
     "support": 2146.0
    },
    "3": {
     "precision": 0.9594110624751293,
     "recall": 0.9510848126232742,
     "f1-score": 0.955229793977813,
     "support": 2535.0
    },
    "4": {
     "precision": 0.9108910891089109,
     "recall": 0.92,
     "f1-score": 0.9154228855721394,
     "support": 1700.0
    },
    "5": {
     "precision": 0.8887863405629903,
     "recall": 0.9029535864978903,
     "f1-score": 0.8958139534883721,
     "support": 2133.0
    },
    "6": {
     "precision": 0.9365853658536586,
     "recall": 0.9254727474972191,
     "f1-score": 0.9309958970533383,
     "support": 2697.0
    },
    "7": {
     "precision": 0.9632418863188094,
     "recall": 0.96601330695918,
     "f1-score": 0.9646256060333992,
     "support": 5561.0
    },
    "8": {
     "precision": 0.9440559440559441,
     "recall": 0.9614877341070958,
     "f1-score": 0.9526921066387872,
     "support": 3791.0
    },
    "9": {
     "precision": 0.9929001721170396,
     "recall": 0.9742453029343466,
     "f1-score": 0.9834842834310069,
     "support": 4737.0
    },
    "accuracy": 0.9531905497902406,
    "macro avg": {
     "precision": 0.9490462879890618,
     "recall": 0.9502428144633784,
     "f1-score": 0.9495819912290602,
     "support": 27174.0
    },
    "weighted avg": {
     "precision": 0.9534390888055829,
     "recall": 0.9531905497902406,
     "f1-score": 0.9532659038899556,
     "support": 27174.0
    }
   }
  }
 }
}