{
 "dataset": "tabula_muris",
 "n_samples": 54865,
 "n_features": 1089,
 "n_classes": 55,
 "n_train": 32645,
 "n_test": 16458,
 "transformer_params": 75168,
 "total_params": 221775,
 "config": {
  "heads": [
   "cell_type"
  ],
  "cohorts": null,
  "n_hvg": null,
  "n_channels": 1,
  "batch_size": 128,
  "val_frac": 0.15,
  "test_frac": 0.15,
  "d_model": 96,
  "n_heads": 4,
  "d_ff": 192,
  "dropout": 0.1,
  "n_markers": 128,
  "marker_mode": "router",
  "compress_mode": "aggregate",
  "recursive_marker_refine": true,
  "peak_init": true,
  "anneal_markers": true,
  "recursion_depth": 4,
  "share_weights": true,
  "adaptive_depth": false,
  "marker_ffn": false,
  "recursion_mode": "token",
  "router_capacity": null,
  "router_alpha": 1.0,
  "router_temp": 1.0,
  "router_type": "linear",
  "router_z_coeff": 0.001,
  "router_balance_coeff": 0.1,
  "gene_interaction": "none",
  "interaction_knn": 16,
  "router_prior_beta": 1.0,
  "router_prior_anneal": true,
  "lambda_marker": 0.1,
  "gamma_diversity": 0.05,
  "beta_compression": 0.01,
  "lr": 0.001,
  "weight_decay": 1e-05,
  "epochs": 150,
  "patience": 15,
  "seed": 1,
  "device": "cuda"
 },
 "heads": {
  "cell_type": {
   "accuracy": 0.8549033904484141,
   "macro_f1": 0.756268343223766,
   "weighted_f1": 0.8482922904608323,
   "per_class": {
    "0": {
     "precision": 0.9272517321016166,
     "recall": 0.9682475884244373,
     "f1-score": 0.9473063311049941,
     "support": 2488.0
    },
    "1": {
     "precision": 0.20930232558139536,
     "recall": 0.6923076923076923,
     "f1-score": 0.32142857142857145,
     "support": 13.0
    },
    "2": {
     "precision": 0.6666666666666666,
     "recall": 0.7,
     "f1-score": 0.6829268292682927,
     "support": 20.0
    },
    "3": {
     "precision": 0.7692307692307693,
     "recall": 0.9090909090909091,
     "f1-score": 0.8333333333333334,
     "support": 11.0
    },
    "4": {
     "precision": 0.9227539882451721,
     "recall": 0.8306878306878307,
     "f1-score": 0.8743038981702467,
     "support": 1323.0
    },
    "5": {
     "precision": 0.95,
     "recall": 0.9134615384615384,
     "f1-score": 0.9313725490196079,
     "support": 104.0
    },
    "6": {
     "precision": 0.9435483870967742,
     "recall": 0.9915254237288136,
     "f1-score": 0.9669421487603306,
     "support": 118.0
    },
    "7": {
     "precision": 0.959214501510574,
     "recall": 0.9570459683496609,
     "f1-score": 0.958129007921539,
     "support": 1327.0
    },
    "8": {
     "precision": 1.0,
     "recall": 0.8888888888888888,
     "f1-score": 0.9411764705882353,
     "support": 18.0
    },
    "9": {
     "precision": 0.8756756756756757,
     "recall": 0.8975069252077562,
     "f1-score": 0.8864569083447332,
     "support": 361.0
    },
    "10": {
     "precision": 0.9913793103448276,
     "recall": 0.9857142857142858,
     "f1-score": 0.9885386819484241,
     "support": 350.0
    },
    "11": {
     "precision": 0.6938775510204082,
     "recall": 0.7953216374269005,
     "f1-score": 0.7411444141689373,
     "support": 342.0
    },
    "12": {
     "precision": 0.782608695652174,
     "recall": 1.0,
     "f1-score": 0.8780487804878049,
     "support": 18.0
    },
    "13": {
     "precision": 0.6842105263157895,
     "recall": 0.8666666666666667,
     "f1-score": 0.7647058823529411,
     "support": 15.0
    },
    "14": {
     "precision": 0.5,
     "recall": 0.5625,
     "f1-score": 0.5294117647058824,
     "support": 48.0
    },
    "15": {
     "precision": 0.6470588235294118,
     "recall": 0.8461538461538461,
     "f1-score": 0.7333333333333333,
     "support": 13.0
    },
    "16": {
     "precision": 1.0,
     "recall": 0.5,
     "f1-score": 0.6666666666666666,
     "support": 8.0
    },
    "17": {
     "precision": 0.5862068965517241,
     "recall": 0.8947368421052632,
     "f1-score": 0.7083333333333334,
     "support": 19.0
    },
    "18": {
     "precision": 0.9473684210526315,
     "recall": 0.9473684210526315,
     "f1-score": 0.9473684210526315,
     "support": 19.0
    },
    "19": {
     "precision": 0.884020618556701,
     "recall": 0.8042203985932005,
     "f1-score": 0.8422344996930632,
     "support": 853.0
    },
    "20": {
     "precision": 0.5,
     "recall": 0.25,
     "f1-score": 0.3333333333333333,
     "support": 8.0
    },
    "21": {
     "precision": 0.7041800643086816,
     "recall": 0.8390804597701149,
     "f1-score": 0.7657342657342657,
     "support": 261.0
    },
    "22": {
     "precision": 0.8958333333333334,
     "recall": 0.9347826086956522,
     "f1-score": 0.9148936170212766,
     "support": 46.0
    },
    "23": {
     "precision": 0.6567164179104478,
     "recall": 0.6470588235294118,
     "f1-score": 0.6518518518518519,
     "support": 68.0
    },
    "24": {
     "precision": 0.9224137931034483,
     "recall": 0.981651376146789,
     "f1-score": 0.9511111111111111,
     "support": 218.0
    },
    "25": {
     "precision": 0.9363636363636364,
     "recall": 0.911504424778761,
     "f1-score": 0.9237668161434978,
     "support": 113.0
    },
    "26": {
     "precision": 0.8823529411764706,
     "recall": 0.8898305084745762,
     "f1-score": 0.8860759493670886,
     "support": 118.0
    },
    "27": {
     "precision": 0.9962264150943396,
     "recall": 0.998109640831758,
     "f1-score": 0.9971671388101983,
     "support": 529.0
    },
    "28": {
     "precision": 0.717948717948718,
     "recall": 0.8235294117647058,
     "f1-score": 0.7671232876712328,
     "support": 34.0
    },
    "29": {
     "precision": 0.7293666026871402,
     "recall": 0.9359605911330049,
     "f1-score": 0.819848975188781,
     "support": 406.0
    },
    "30": {
     "precision": 0.9479956663055255,
     "recall": 0.9479956663055255,
     "f1-score": 0.9479956663055255,
     "support": 923.0
    },
    "31": {
     "precision": 0.7165354330708661,
     "recall": 0.7711864406779662,
     "f1-score": 0.7428571428571429,
     "support": 118.0
    },
    "32": {
     "precision": 0.08571428571428572,
     "recall": 0.21428571428571427,
     "f1-score": 0.12244897959183673,
     "support": 14.0
    },
    "33": {
     "precision": 0.6875,
     "recall": 0.6616541353383458,
     "f1-score": 0.6743295019157088,
     "support": 133.0
    },
    "34": {
     "precision": 0.7581699346405228,
     "recall": 0.8226950354609929,
     "f1-score": 0.7891156462585034,
     "support": 141.0
    },
    "35": {
     "precision": 0.9944444444444445,
     "recall": 0.9972144846796658,
     "f1-score": 0.9958275382475661,
     "support": 359.0
    },
    "36": {
     "precision": 0.891566265060241,
     "recall": 0.9367088607594937,
     "f1-score": 0.9135802469135802,
     "support": 79.0
    },
    "37": {
     "precision": 0.5306122448979592,
     "recall": 0.5360824742268041,
     "f1-score": 0.5333333333333333,
     "support": 97.0
    },
    "38": {
     "precision": 0.8023952095808383,
     "recall": 0.9710144927536232,
     "f1-score": 0.8786885245901639,
     "support": 138.0
    },
    "39": {
     "precision": 0.7278481012658228,
     "recall": 0.8273381294964028,
     "f1-score": 0.7744107744107744,
     "support": 139.0
    },
    "40": {
     "precision": 0.4623115577889447,
     "recall": 0.23232323232323232,
     "f1-score": 0.3092436974789916,
     "support": 396.0
    },
    "41": {
     "precision": 0.5833333333333334,
     "recall": 1.0,
     "f1-score": 0.7368421052631579,
     "support": 7.0
    },
    "42": {
     "precision": 0.631578947368421,
     "recall": 0.8,
     "f1-score": 0.7058823529411765,
     "support": 15.0
    },
    "43": {
     "precision": 0.9422918384171476,
     "recall": 0.9711129991503823,
     "f1-score": 0.9564853556485355,
     "support": 2354.0
    },
    "44": {
     "precision": 0.39763779527559057,
     "recall": 0.8885630498533724,
     "f1-score": 0.5494106980961015,
     "support": 341.0
    },
    "45": {
     "precision": 0.7988826815642458,
     "recall": 0.910828025477707,