{
 "dataset": "prototype",
 "n_samples": 90579,
 "n_features": 752,
 "n_classes": 10,
 "n_train": 53894,
 "n_test": 27174,
 "transformer_params": 74784,
 "total_params": 180309,
 "config": {
  "heads": [
   "cell_type"
  ],
  "cohorts": null,
  "n_hvg": null,
  "n_channels": 1,
  "batch_size": 128,
  "val_frac": 0.15,
  "test_frac": 0.15,
  "d_model": 96,
  "n_heads": 4,
  "d_ff": 192,
  "dropout": 0.1,
  "n_markers": 128,
  "marker_mode": "router",
  "pathway_pool": "mean",
  "compress_mode": "aggregate",
  "recursive_marker_refine": true,
  "peak_init": true,
  "anneal_markers": true,
  "recursion_depth": 4,
  "share_weights": true,
  "share_strategy": "cycle",
  "n_unique_blocks": null,
  "step_cache": false,
  "adaptive_depth": false,
  "marker_ffn": false,
  "recursion_mode": "fixed",
  "router_capacity": null,
  "router_alpha": 1.0,
  "router_temp": 1.0,
  "router_type": "linear",
  "router_z_coeff": 0.001,
  "router_balance_coeff": 0.1,
  "gene_interaction": "none",
  "interaction_knn": 16,
  "router_prior_beta": 1.0,
  "router_prior_anneal": true,
  "pathway_attn_bias": false,
  "pathway_attn_lambda": 2.0,
  "lambda_marker": 0.1,
  "gamma_diversity": 0.05,
  "beta_compression": 0.01,
  "lr": 0.001,
  "weight_decay": 1e-05,
  "epochs": 80,
  "patience": 12,
  "seed": 0,
  "device": "cuda"
 },
 "heads": {
  "cell_type": {
   "accuracy": 0.9486273643924339,
   "macro_f1": 0.9420080163780625,
   "weighted_f1": 0.9486064952337631,
   "per_class": {
    "0": {
     "precision": 0.9590909090909091,
     "recall": 0.9825378346915018,
     "f1-score": 0.9706728004600345,
     "support": 859.0
    },
    "1": {
     "precision": 0.9519607843137254,
     "recall": 0.9566502463054187,
     "f1-score": 0.9542997542997543,
     "support": 1015.0
    },
    "2": {
     "precision": 0.947565543071161,
     "recall": 0.9431500465983225,
     "f1-score": 0.9453526389537599,
     "support": 2146.0
    },
    "3": {
     "precision": 0.958,
     "recall": 0.9447731755424064,
     "f1-score": 0.9513406156901688,
     "support": 2535.0
    },
    "4": {
     "precision": 0.8976660682226212,
     "recall": 0.8823529411764706,
     "f1-score": 0.8899436369029962,
     "support": 1700.0
    },
    "5": {
     "precision": 0.8670284938941656,
     "recall": 0.8987341772151899,
     "f1-score": 0.8825966850828729,
     "support": 2133.0
    },
    "6": {
     "precision": 0.9337164750957855,
     "recall": 0.903596588802373,
     "f1-score": 0.9184096476351988,
     "support": 2697.0
    },
    "7": {
     "precision": 0.960665117110674,
     "recall": 0.9661931307318827,
     "f1-score": 0.9634211941904249,
     "support": 5561.0
    },
    "8": {
     "precision": 0.9561889680654526,
     "recall": 0.95568451595885,
     "f1-score": 0.9559366754617414,
     "support": 3791.0
    },
    "9": {
     "precision": 0.9853064651553316,
     "recall": 0.9909225248047288,
     "f1-score": 0.9881065151036733,
     "support": 4737.0
    },
    "accuracy": 0.9486273643924339,
    "macro avg": {
     "precision": 0.9417188824019828,
     "recall": 0.9424595181827143,
     "f1-score": 0.9420080163780625,
     "support": 27174.0
    },
    "weighted avg": {
     "precision": 0.9487123790695399,
     "recall": 0.9486273643924339,
     "f1-score": 0.9486064952337631,
     "support": 27174.0
    }
   }
  }
 }
}