{
 "task": "pathologic_stage",
 "seed": 0,
 "n_classes": 4,
 "accuracy": 0.5127737226277372,
 "macro_f1": 0.45163651200854465,
 "weighted_f1": 0.4734841535585591,
 "transformer_params": 132608,
 "recursion_depth": 1,
 "n_markers": 256,
 "flops_eff": 16777216,
 "flops_nominal": 16777216,
 "compute_saving_ratio": 1.0,
 "mean_recursion_depth": 1.0
}