{
 "task": "pathologic_stage",
 "seed": 2,
 "n_classes": 4,
 "accuracy": 0.48905109489051096,
 "macro_f1": 0.4341841978809014,
 "weighted_f1": 0.46043539206386336,
 "transformer_params": 132736,
 "recursion_depth": 2,
 "n_markers": 256,
 "flops_eff": 27787264,
 "flops_nominal": 33554432,
 "compute_saving_ratio": 0.828125,
 "mean_recursion_depth": 1.75
}