{
 "task": "pathologic_N",
 "seed": 2,
 "n_classes": 4,
 "accuracy": 0.44343065693430656,
 "macro_f1": 0.3479877506380709,
 "weighted_f1": 0.45768113698400886,
 "transformer_params": 132736,
 "recursion_depth": 2,
 "n_markers": 256,
 "flops_eff": 27787264,
 "flops_nominal": 33554432,
 "compute_saving_ratio": 0.828125,
 "mean_recursion_depth": 1.75
}