{
 "task": "pathologic_N",
 "seed": 2,
 "n_classes": 4,
 "accuracy": 0.395985401459854,
 "macro_f1": 0.31529583203371714,
 "weighted_f1": 0.4100947150053074,
 "transformer_params": 132608,
 "recursion_depth": 1,
 "n_markers": 256,
 "flops_eff": 16777216,
 "flops_nominal": 16777216,
 "compute_saving_ratio": 1.0,
 "mean_recursion_depth": 1.0
}