{
 "task": "pathologic_N",
 "seed": 1,
 "n_classes": 4,
 "accuracy": 0.45072992700729925,
 "macro_f1": 0.27913607821468883,
 "weighted_f1": 0.43702678398866496,
 "transformer_params": 132736,
 "recursion_depth": 2,
 "n_markers": 256,
 "flops_eff": 27787264,
 "flops_nominal": 33554432,
 "compute_saving_ratio": 0.828125,
 "mean_recursion_depth": 1.75
}