{
 "task": "pathologic_T",
 "seed": 0,
 "n_classes": 4,
 "accuracy": 0.4215328467153285,
 "macro_f1": 0.4038542477044985,
 "weighted_f1": 0.423995983213894,
 "transformer_params": 133504,
 "recursion_depth": 8,
 "n_markers": 256,
 "flops_eff": 65536000,
 "flops_nominal": 134217728,
 "compute_saving_ratio": 0.48828125,
 "mean_recursion_depth": 4.75
}