{
 "task": "pathologic_T",
 "seed": 1,
 "n_classes": 4,
 "accuracy": 0.41788321167883213,
 "macro_f1": 0.3893380115560425,
 "weighted_f1": 0.4231053525284183,
 "transformer_params": 133248,
 "recursion_depth": 6,
 "n_markers": 256,
 "flops_eff": 52953088,
 "flops_nominal": 100663296,
 "compute_saving_ratio": 0.5260416666666666,
 "mean_recursion_depth": 3.75
}