{
 "task": "pathologic_N",
 "seed": 1,
 "n_classes": 4,
 "accuracy": 0.3740875912408759,
 "macro_f1": 0.30092498923537214,
 "weighted_f1": 0.3832399900107601,
 "transformer_params": 133504,
 "recursion_depth": 8,
 "n_markers": 256,
 "flops_eff": 65536000,
 "flops_nominal": 134217728,
 "compute_saving_ratio": 0.48828125,
 "mean_recursion_depth": 4.75
}