{
 "task": "pathologic_N",
 "seed": 2,
 "n_classes": 4,
 "accuracy": 0.3248175182481752,
 "macro_f1": 0.24567421268168627,
 "weighted_f1": 0.3311041651553571,
 "transformer_params": 133504,
 "recursion_depth": 8,
 "n_markers": 256,
 "flops_eff": 65536000,
 "flops_nominal": 134217728,
 "compute_saving_ratio": 0.48828125,
 "mean_recursion_depth": 4.749999523162842
}