{
 "task": "pathologic_N",
 "seed": 2,
 "n_classes": 4,
 "accuracy": 0.40693430656934304,
 "macro_f1": 0.31168278507928676,
 "weighted_f1": 0.4366220970669727,
 "transformer_params": 133248,
 "recursion_depth": 6,
 "n_markers": 256,
 "flops_eff": 52953088,
 "flops_nominal": 100663296,
 "compute_saving_ratio": 0.5260416666666666,
 "mean_recursion_depth": 3.749999761581421
}