{
 "task": "pathologic_N",
 "seed": 0,
 "n_classes": 4,
 "accuracy": 0.4726277372262774,
 "macro_f1": 0.34270091522255175,
 "weighted_f1": 0.4749214825469513,
 "transformer_params": 133248,
 "recursion_depth": 6,
 "n_markers": 256,
 "flops_eff": 52953088,
 "flops_nominal": 100663296,
 "compute_saving_ratio": 0.5260416666666666,
 "mean_recursion_depth": 3.75
}