{
 "task": "pathologic_stage",
 "seed": 2,
 "n_classes": 4,
 "accuracy": 0.5091240875912408,
 "macro_f1": 0.4449897757458874,
 "weighted_f1": 0.4733990392265948,
 "transformer_params": 133504,
 "recursion_depth": 8,
 "n_markers": 256,
 "flops_eff": 65536000,
 "flops_nominal": 134217728,
 "compute_saving_ratio": 0.48828125,
 "mean_recursion_depth": 4.749999523162842
}