{
 "task": "pathologic_stage",
 "seed": 1,
 "n_classes": 4,
 "accuracy": 0.5291970802919708,
 "macro_f1": 0.447474237823251,
 "weighted_f1": 0.4722390497544572,
 "transformer_params": 133504,
 "recursion_depth": 8,
 "n_markers": 256,
 "flops_eff": 65536000,
 "flops_nominal": 134217728,
 "compute_saving_ratio": 0.48828125,
 "mean_recursion_depth": 4.75
}