{
 "task": "pathologic_stage",
 "seed": 2,
 "n_classes": 4,
 "accuracy": 0.4324817518248175,
 "macro_f1": 0.40926384588923287,
 "weighted_f1": 0.417368195069038,
 "transformer_params": 132992,
 "recursion_depth": 4,
 "n_markers": 256,
 "flops_eff": 40370176,
 "flops_nominal": 67108864,
 "compute_saving_ratio": 0.6015625,
 "mean_recursion_depth": 2.749999761581421
}