{
 "task": "pathologic_N",
 "seed": 1,
 "n_classes": 4,
 "accuracy": 0.42883211678832117,
 "macro_f1": 0.3294642568931841,
 "weighted_f1": 0.450077764922184,
 "transformer_params": 132608,
 "recursion_depth": 1,
 "n_markers": 256,
 "flops_eff": 16777216,
 "flops_nominal": 16777216,
 "compute_saving_ratio": 1.0,
 "mean_recursion_depth": 1.0
}