{
 "task": "pathologic_T",
 "seed": 2,
 "n_classes": 4,
 "accuracy": 0.3777372262773723,
 "macro_f1": 0.3536230725648369,
 "weighted_f1": 0.3776755418296754,
 "transformer_params": 132992,
 "recursion_depth": 4,
 "n_markers": 256,
 "flops_eff": 40370176,
 "flops_nominal": 67108864,
 "compute_saving_ratio": 0.6015625,
 "mean_recursion_depth": 2.75
}