{
 "task": "pathologic_stage",
 "seed": 1,
 "n_classes": 4,
 "accuracy": 0.5273722627737226,
 "macro_f1": 0.4785215793223522,
 "weighted_f1": 0.4930729154164074,
 "transformer_params": 132736,
 "recursion_depth": 2,
 "n_markers": 256,
 "flops_eff": 27787264,
 "flops_nominal": 33554432,
 "compute_saving_ratio": 0.828125,
 "mean_recursion_depth": 1.75
}