{
 "dataset": "baron",
 "config": "learned",
 "seed": 1,
 "n_classes": 13,
 "n_test": 2571,
 "nll": 0.295755797919879,
 "ece": 0.03311650725596142,
 "brier": 0.0745126626563417,
 "conf": 0.9893645712392393,
 "auroc": 0.8620046876144437,
 "temperature": 1.8586691617965698,
 "nll_ts": 0.1948965248687897,
 "ece_ts": 0.007580016077796555,
 "brier_ts": 0.06982568225978555,
 "auroc_ts": 0.8542627993847506
}