{
 "dataset": "blca",
 "config": "learned",
 "seed": 1,
 "n_classes": 2,
 "n_test": 81,
 "nll": 0.6989972541228421,
 "ece": 0.03273899130677445,
 "brier": 0.5058389390539368,
 "conf": 0.5135797009528396,
 "auroc": 0.35365853658536583,
 "temperature": 1.000025749206543,
 "nll_ts": 0.6989970890647308,
 "ece_ts": 0.03273926081094508,
 "brier_ts": 0.5058387748777808,
 "auroc_ts": 0.35365853658536583
}