{
 "dataset": "brca",
 "config": "learned",
 "seed": 1,
 "n_classes": 5,
 "n_test": 104,
 "nll": 1.5267659226634163,
 "ece": 0.17513808222701782,
 "brier": 0.7900396205985274,
 "conf": 0.4194903857736876,
 "auroc": 0.4224852071005917,
 "temperature": 0.8115798234939575,
 "nll_ts": 1.5826190372256883,
 "ece_ts": 0.21788805496981437,
 "brier_ts": 0.8097984100608853,
 "auroc_ts": 0.429585798816568
}