{
 "dataset": "lung",
 "config": "learned",
 "seed": 1,
 "n_classes": 25,
 "n_test": 17106,
 "nll": 0.5387639743856025,
 "ece": 0.05897076221722601,
 "brier": 0.20556367762551858,
 "conf": 0.9285486880911885,
 "auroc": 0.8219596292125098,
 "temperature": 1.6846050024032593,
 "nll_ts": 0.4477559902429923,
 "ece_ts": 0.03479704276631523,
 "brier_ts": 0.20090726968821196,
 "auroc_ts": 0.8234711042642067
}