{
 "dataset": "muraro",
 "config": "learned",
 "seed": 1,
 "n_classes": 9,
 "n_test": 637,
 "nll": 0.8190869365389167,
 "ece": 0.065278627255415,
 "brier": 0.17031111875190852,
 "conf": 0.9629565606347571,
 "auroc": 0.8118455497382199,
 "temperature": 2.876793146133423,
 "nll_ts": 0.5333295960925308,
 "ece_ts": 0.07601781689748471,
 "brier_ts": 0.1753485210532067,
 "auroc_ts": 0.818553664921466
}