{
 "dataset": "oesophagus",
 "config": "learned",
 "seed": 1,
 "n_classes": 18,
 "n_test": 26385,
 "nll": 0.4941627991988631,
 "ece": 0.06132585844290036,
 "brier": 0.16995788722733687,
 "conf": 0.9564661184136499,
 "auroc": 0.8175569890742949,
 "temperature": 2.0122697353363037,
 "nll_ts": 0.3594451850017967,
 "ece_ts": 0.012973366964237346,
 "brier_ts": 0.16039993724342486,
 "auroc_ts": 0.8169974465390056
}