{
 "dataset": "prostate",
 "config": "learned",
 "seed": 1,
 "n_classes": 2,
 "n_test": 203,
 "nll": 4.989545366880582,
 "ece": 0.25896662786302915,
 "brier": 0.6099512681642162,
 "conf": 0.8783683852858583,
 "auroc": 0.4736535199321459,
 "temperature": 1697.71240234375,
 "nll_ts": 0.6970731370760795,
 "ece_ts": 0.16016965217405407,
 "brier_ts": 0.5037540588843413,
 "auroc_ts": 0.4579092451229856
}