{
 "dataset": "segerstolpe",
 "config": "learned",
 "seed": 1,
 "n_classes": 11,
 "n_test": 639,
 "nll": 0.4424935153298703,
 "ece": 0.03292428882264867,
 "brier": 0.10903022437296456,
 "conf": 0.9556243031913698,
 "auroc": 0.8502673796791442,
 "temperature": 1.1608684062957764,
 "nll_ts": 0.4073648332444604,
 "ece_ts": 0.0257246973510751,
 "brier_ts": 0.10849853158854474,
 "auroc_ts": 0.8501527883880825
}