{
 "dataset": "spleen",
 "config": "learned",
 "seed": 1,
 "n_classes": 28,
 "n_test": 28239,
 "nll": 1.0094533632204588,
 "ece": 0.09062967375133715,
 "brier": 0.4490505358546103,
 "conf": 0.7729130407260884,
 "auroc": 0.7491034314445655,
 "temperature": 1.4149671792984009,
 "nll_ts": 0.9404147112672806,
 "ece_ts": 0.015082751483920787,
 "brier_ts": 0.4373079710620473,
 "auroc_ts": 0.7559635889408342
}