{
 "dataset": "stad",
 "config": "learned",
 "seed": 1,
 "n_classes": 2,
 "n_test": 83,
 "nll": 0.6937833318213479,
 "ece": 0.01380043144988019,
 "brier": 0.5005764794404166,
 "conf": 0.5360275497810769,
 "auroc": 0.4918414918414918,
 "temperature": 9569.1611328125,
 "nll_ts": 0.6931467288836897,
 "ece_ts": 0.030116687827065447,
 "brier_ts": 0.49999954832374444,
 "auroc_ts": 0.4918414918414918
}