{
 "dataset": "tcell",
 "config": "learned",
 "seed": 1,
 "n_classes": 7,
 "n_test": 7203,
 "nll": 1.6337511230752206,
 "ece": 0.15140025381374567,
 "brier": 0.31190935705222284,
 "conf": 0.9823040439012094,
 "auroc": 0.8074877944724976,
 "temperature": 4.723690986633301,
 "nll_ts": 0.5337572575131836,
 "ece_ts": 0.020290319767036123,
 "brier_ts": 0.25145707484766583,
 "auroc_ts": 0.8034665207079001
}