{
 "dataset": "wang",
 "config": "learned",
 "seed": 1,
 "n_classes": 7,
 "n_test": 138,
 "nll": 3.0230122319307413,
 "ece": 0.2909842723546257,
 "brier": 0.6909135231242916,
 "conf": 0.855423621680239,
 "auroc": 0.5570716915746156,
 "temperature": 4.400258541107178,
 "nll_ts": 1.4174632014948214,
 "ece_ts": 0.17384427488875276,
 "brier_ts": 0.6110200112728932,
 "auroc_ts": 0.44617717132337015
}