{
 "dataset": "xin",
 "config": "learned",
 "seed": 1,
 "n_classes": 4,
 "n_test": 448,
 "nll": 1.31991069854749,
 "ece": 0.09705727807243417,
 "brier": 0.19476154838651089,
 "conf": 0.9857148421407572,
 "auroc": 0.6612193749680323,
 "temperature": 8944709.0,
 "nll_ts": 1.3863462461485614,
 "ece_ts": 0.6406099279586532,
 "brier_ts": 0.7500259448851525,
 "auroc_ts": 0.3857603191652601
}