{
 "dataset": "baron",
 "config": "independent",
 "seed": 1,
 "n_classes": 13,
 "n_test": 2571,
 "nll": 0.6433769502427661,
 "ece": 0.07852792110727991,
 "brier": 0.25770624509632073,
 "conf": 0.9108888701543432,
 "auroc": 0.8366957954767222,
 "temperature": 1.9344854354858398,
 "nll_ts": 0.5153232238440251,
 "ece_ts": 0.02566158683558718,
 "brier_ts": 0.24479349599974523,
 "auroc_ts": 0.845006179933647
}