{
 "dataset": "blca",
 "config": "independent",
 "seed": 1,
 "n_classes": 2,
 "n_test": 81,
 "nll": 0.6872329473038038,
 "ece": 0.1693397143395462,
 "brier": 0.4940864319280064,
 "conf": 0.5096726313394662,
 "auroc": 0.3769230769230769,
 "temperature": 0.8636967539787292,
 "nll_ts": 0.6863354019834265,
 "ece_ts": 0.1678137783955742,
 "brier_ts": 0.49318924304268896,
 "auroc_ts": 0.3769230769230769
}