{
 "dataset": "brca",
 "config": "independent",
 "seed": 1,
 "n_classes": 5,
 "n_test": 104,
 "nll": 1.4892611848776285,
 "ece": 0.11409129943443753,
 "brier": 0.7163642827624783,
 "conf": 0.47870196013159716,
 "auroc": 0.650921658986175,
 "temperature": 0.876075267791748,
 "nll_ts": 1.5404374476063285,
 "ece_ts": 0.1231446550159448,
 "brier_ts": 0.7236498372120294,
 "auroc_ts": 0.6474654377880185
}