{
 "dataset": "lung",
 "config": "independent",
 "seed": 1,
 "n_classes": 25,
 "n_test": 17106,
 "nll": 0.6963043138128263,
 "ece": 0.07088284272276392,
 "brier": 0.2888411930400251,
 "conf": 0.8763987195765,
 "auroc": 0.8167639743916837,
 "temperature": 1.7025953531265259,
 "nll_ts": 0.5924892374178599,
 "ece_ts": 0.026770522554963132,
 "brier_ts": 0.28077979622446064,
 "auroc_ts": 0.8211633191132821
}