{
 "dataset": "muraro",
 "config": "independent",
 "seed": 1,
 "n_classes": 9,
 "n_test": 637,
 "nll": 0.46324220856798637,
 "ece": 0.05304920075898126,
 "brier": 0.17247153385934932,
 "conf": 0.9375841975621113,
 "auroc": 0.8428067523305618,
 "temperature": 1.7480764389038086,
 "nll_ts": 0.37306248238092315,
 "ece_ts": 0.025426095420068785,
 "brier_ts": 0.17034119206526904,
 "auroc_ts": 0.8447971781305115
}