{
 "dataset": "oesophagus",
 "config": "independent",
 "seed": 1,
 "n_classes": 18,
 "n_test": 26385,
 "nll": 0.6072950957523335,
 "ece": 0.019968196738813084,
 "brier": 0.3010300790087828,
 "conf": 0.806787651536219,
 "auroc": 0.8187751297373811,
 "temperature": 1.090416669845581,
 "nll_ts": 0.6051700767261515,
 "ece_ts": 0.0060666247685477,
 "brier_ts": 0.3003722645707718,
 "auroc_ts": 0.8182853952149537
}