{
 "dataset": "prostate",
 "config": "independent",
 "seed": 1,
 "n_classes": 2,
 "n_test": 203,
 "nll": 0.6236063157610131,
 "ece": 0.09930673108981367,
 "brier": 0.4222611347176812,
 "conf": 0.7664104831955934,
 "auroc": 0.5685197895218486,
 "temperature": 0.8248425126075745,
 "nll_ts": 0.6520446295384558,
 "ece_ts": 0.12811074199781422,
 "brier_ts": 0.43439984913466667,
 "auroc_ts": 0.5685197895218486
}