{
 "dataset": "segerstolpe",
 "config": "independent",
 "seed": 1,
 "n_classes": 11,
 "n_test": 639,
 "nll": 0.6213385552662395,
 "ece": 0.047988907433948985,
 "brier": 0.2767119384251648,
 "conf": 0.8509103449979258,
 "auroc": 0.788721020222753,
 "temperature": 1.1057208776474,
 "nll_ts": 0.6040693990032526,
 "ece_ts": 0.029480682927769054,
 "brier_ts": 0.27553552616971283,
 "auroc_ts": 0.7906389851610081
}