{
 "dataset": "spleen",
 "config": "independent",
 "seed": 1,
 "n_classes": 28,
 "n_test": 28239,
 "nll": 1.3802797212098887,
 "ece": 0.02864536077661867,
 "brier": 0.595771064815593,
 "conf": 0.5632166942381064,
 "auroc": 0.7414541859689355,
 "temperature": 1.117323637008667,
 "nll_ts": 1.3728240558275482,
 "ece_ts": 0.014372624513934413,
 "brier_ts": 0.5945461379108286,
 "auroc_ts": 0.7427013513372389
}