{
 "dataset": "stad",
 "config": "independent",
 "seed": 1,
 "n_classes": 2,
 "n_test": 83,
 "nll": 0.69269118309675,
 "ece": 0.03475029720159906,
 "brier": 0.4995418358921959,
 "conf": 0.5109744581736839,
 "auroc": 0.5087412587412588,
 "temperature": 4982.5908203125,
 "nll_ts": 0.6931469913828271,
 "ece_ts": 0.030118277239268965,
 "brier_ts": 0.4999998108228817,
 "auroc_ts": 0.5087412587412588
}