{
 "dataset": "tcell",
 "config": "independent",
 "seed": 1,
 "n_classes": 7,
 "n_test": 7203,
 "nll": 1.065827818883236,
 "ece": 0.011522692263519856,
 "brier": 0.516993600823015,
 "conf": 0.6212754179272866,
 "auroc": 0.7447424360686193,
 "temperature": 1.029817819595337,
 "nll_ts": 1.0649438234243616,
 "ece_ts": 0.01181583055516734,
 "brier_ts": 0.516907341526165,
 "auroc_ts": 0.7452147155537214
}