{
 "dataset": "wang",
 "config": "independent",
 "seed": 1,
 "n_classes": 7,
 "n_test": 138,
 "nll": 1.8451876387850077,
 "ece": 0.03390481718067814,
 "brier": 0.8301793433119703,
 "conf": 0.18813897900820128,
 "auroc": 0.6891975308641975,
 "temperature": 0.291202574968338,
 "nll_ts": 1.7587344303650616,
 "ece_ts": 0.10612690852014114,
 "brier_ts": 0.8218588723622253,
 "auroc_ts": 0.6944444444444445
}