{
 "dataset": "xin",
 "config": "independent",
 "seed": 1,
 "n_classes": 4,
 "n_test": 448,
 "nll": 0.5064263974069795,
 "ece": 0.08827051760349941,
 "brier": 0.2122197138452758,
 "conf": 0.9467985247512827,
 "auroc": 0.9071953869296341,
 "temperature": 1.8240119218826294,
 "nll_ts": 0.37534897424835645,
 "ece_ts": 0.039780157334728325,
 "brier_ts": 0.19038758287447677,
 "auroc_ts": 0.9097024903894366
}