{
 "dataset": "pancreas",
 "n_samples": 14767,
 "n_features": 1936,
 "n_classes": 15,
 "n_train": 10744,
 "n_test": 2127,
 "transformer_params": 75168,
 "total_params": 295327,
 "config": {
  "heads": [
   "cell_type"
  ],
  "cohorts": null,
  "n_hvg": null,
  "batch_size": 128,
  "val_frac": 0.15,
  "test_frac": 0.15,
  "d_model": 96,
  "n_heads": 4,
  "d_ff": 192,
  "dropout": 0.1,
  "n_markers": 128,
  "marker_mode": "router",
  "compress_mode": "aggregate",
  "recursive_marker_refine": true,
  "peak_init": true,
  "anneal_markers": true,
  "recursion_depth": 4,
  "share_weights": true,
  "adaptive_depth": false,
  "marker_ffn": false,
  "recursion_mode": "expert",
  "router_capacity": null,
  "router_alpha": 1.0,
  "router_temp": 1.0,
  "router_type": "linear",
  "router_z_coeff": 0.001,
  "router_balance_coeff": 0.1,
  "gene_interaction": "none",
  "interaction_knn": 16,
  "router_prior_beta": 1.0,
  "router_prior_anneal": true,
  "lambda_marker": 0.1,
  "gamma_diversity": 0.05,
  "beta_compression": 0.01,
  "lr": 0.001,
  "weight_decay": 1e-05,
  "epochs": 150,
  "patience": 15,
  "seed": 1,
  "device": "cuda"
 },
 "heads": {
  "cell_type": {
   "accuracy": 0.9304184297132111,
   "macro_f1": 0.594905471444184,
   "weighted_f1": 0.9317058024960767,
   "per_class": {
    "0": {
     "precision": 0.0,
     "recall": 0.0,
     "f1-score": 0.0,
     "support": 5.0
    },
    "1": {
     "precision": 0.9941176470588236,
     "recall": 0.9135135135135135,
     "f1-score": 0.952112676056338,
     "support": 185.0
    },
    "2": {
     "precision": 0.9920544835414302,
     "recall": 0.9864559819413092,
     "f1-score": 0.989247311827957,
     "support": 886.0
    },
    "3": {
     "precision": 0.9461538461538461,
     "recall": 0.9111111111111111,
     "f1-score": 0.9283018867924528,
     "support": 270.0
    },
    "4": {
     "precision": 0.7709923664122137,
     "recall": 0.8859649122807017,
     "f1-score": 0.8244897959183674,
     "support": 114.0
    },
    "5": {
     "precision": 0.9525,
     "recall": 0.9870466321243523,
     "f1-score": 0.9694656488549618,
     "support": 386.0
    },
    "6": {
     "precision": 1.0,
     "recall": 0.9375,
     "f1-score": 0.967741935483871,
     "support": 16.0
    },
    "7": {
     "precision": 0.3076923076923077,
     "recall": 0.5714285714285714,
     "f1-score": 0.4,
     "support": 7.0
    },
    "8": {
     "precision": 0.9435897435897436,
     "recall": 0.934010152284264,
     "f1-score": 0.9387755102040817,
     "support": 197.0
    },
    "9": {
     "precision": 0.0,
     "recall": 0.0,
     "f1-score": 0.0,
     "support": 0.0
    },
    "10": {
     "precision": 1.0,
     "recall": 0.5714285714285714,
     "f1-score": 0.7272727272727273,
     "support": 7.0
    },
    "11": {
     "precision": 0.0,
     "recall": 0.0,
     "f1-score": 0.0,
     "support": 0.0
    },
    "13": {
     "precision": 1.0,
     "recall": 0.018518518518518517,
     "f1-score": 0.03636363636363636,
     "support": 54.0
    },
    "accuracy": 0.9304184297132111,
    "macro avg": {
     "precision": 0.6851615688037204,
     "recall": 0.5936136895869933,
     "f1-score": 0.594905471444184,
     "support": 2127.0
    },
    "weighted avg": {
     "precision": 0.9585955481885972,
     "recall": 0.9304184297132111,
     "f1-score": 0.9317058024960767,
     "support": 2127.0
    }
   }
  }
 }
}