{
 "dataset": "tabula_muris",
 "n_samples": 54865,
 "n_features": 1089,
 "n_classes": 55,
 "n_train": 32645,
 "n_test": 16458,
 "transformer_params": 75168,
 "total_params": 221775,
 "config": {
  "heads": [
   "cell_type"
  ],
  "cohorts": null,
  "n_hvg": null,
  "batch_size": 128,
  "val_frac": 0.15,
  "test_frac": 0.15,
  "d_model": 96,
  "n_heads": 4,
  "d_ff": 192,
  "dropout": 0.1,
  "n_markers": 128,
  "marker_mode": "router",
  "compress_mode": "aggregate",
  "recursive_marker_refine": true,
  "peak_init": true,
  "anneal_markers": true,
  "recursion_depth": 4,
  "share_weights": true,
  "adaptive_depth": false,
  "marker_ffn": false,
  "recursion_mode": "expert",
  "router_capacity": null,
  "router_alpha": 1.0,
  "router_temp": 1.0,
  "router_type": "linear",
  "router_z_coeff": 0.001,
  "router_balance_coeff": 0.1,
  "gene_interaction": "none",
  "interaction_knn": 16,
  "router_prior_beta": 1.0,
  "router_prior_anneal": true,
  "lambda_marker": 0.1,
  "gamma_diversity": 0.05,
  "beta_compression": 0.01,
  "lr": 0.001,
  "weight_decay": 1e-05,
  "epochs": 150,
  "patience": 15,
  "seed": 1,
  "device": "cuda"
 },
 "heads": {
  "cell_type": {
   "accuracy": 0.8062948110341476,
   "macro_f1": 0.701043897356649,
   "weighted_f1": 0.8029894049347447,
   "per_class": {
    "0": {
     "precision": 0.8761096101891162,
     "recall": 0.912379421221865,
     "f1-score": 0.8938767473912187,
     "support": 2488.0
    },
    "1": {
     "precision": 0.1111111111111111,
     "recall": 0.7692307692307693,
     "f1-score": 0.1941747572815534,
     "support": 13.0
    },
    "2": {
     "precision": 0.6363636363636364,
     "recall": 0.7,
     "f1-score": 0.6666666666666666,
     "support": 20.0
    },
    "3": {
     "precision": 0.8571428571428571,
     "recall": 0.5454545454545454,
     "f1-score": 0.6666666666666666,
     "support": 11.0
    },
    "4": {
     "precision": 0.874880611270296,
     "recall": 0.6923658352229781,
     "f1-score": 0.7729957805907173,
     "support": 1323.0
    },
    "5": {
     "precision": 0.9803921568627451,
     "recall": 0.9615384615384616,
     "f1-score": 0.970873786407767,
     "support": 104.0
    },
    "6": {
     "precision": 0.9380530973451328,
     "recall": 0.8983050847457628,
     "f1-score": 0.9177489177489178,
     "support": 118.0
    },
    "7": {
     "precision": 0.9039759939984996,
     "recall": 0.9080633006782216,
     "f1-score": 0.9060150375939849,
     "support": 1327.0
    },
    "8": {
     "precision": 0.5925925925925926,
     "recall": 0.8888888888888888,
     "f1-score": 0.7111111111111111,
     "support": 18.0
    },
    "9": {
     "precision": 0.8808139534883721,
     "recall": 0.8393351800554016,
     "f1-score": 0.8595744680851064,
     "support": 361.0
    },
    "10": {
     "precision": 0.947945205479452,
     "recall": 0.9885714285714285,
     "f1-score": 0.9678321678321679,
     "support": 350.0
    },
    "11": {
     "precision": 0.6153846153846154,
     "recall": 0.7017543859649122,
     "f1-score": 0.6557377049180327,
     "support": 342.0
    },
    "12": {
     "precision": 0.5625,
     "recall": 1.0,
     "f1-score": 0.72,
     "support": 18.0
    },
    "13": {
     "precision": 0.8125,
     "recall": 0.8666666666666667,
     "f1-score": 0.8387096774193549,
     "support": 15.0
    },
    "14": {
     "precision": 0.44776119402985076,
     "recall": 0.625,
     "f1-score": 0.5217391304347826,
     "support": 48.0
    },
    "15": {
     "precision": 0.5,
     "recall": 0.7692307692307693,
     "f1-score": 0.6060606060606061,
     "support": 13.0
    },
    "16": {
     "precision": 0.8888888888888888,
     "recall": 1.0,
     "f1-score": 0.9411764705882353,
     "support": 8.0
    },
    "17": {
     "precision": 0.4722222222222222,
     "recall": 0.8947368421052632,
     "f1-score": 0.6181818181818182,
     "support": 19.0
    },
    "18": {
     "precision": 0.8235294117647058,
     "recall": 0.7368421052631579,
     "f1-score": 0.7777777777777778,
     "support": 19.0
    },
    "19": {
     "precision": 0.9064245810055865,
     "recall": 0.7608440797186401,
     "f1-score": 0.8272785213511791,
     "support": 853.0
    },
    "20": {
     "precision": 0.6,
     "recall": 0.375,
     "f1-score": 0.46153846153846156,
     "support": 8.0
    },
    "21": {
     "precision": 0.7044673539518901,
     "recall": 0.7854406130268199,
     "f1-score": 0.7427536231884058,
     "support": 261.0
    },
    "22": {
     "precision": 0.86,
     "recall": 0.9347826086956522,
     "f1-score": 0.8958333333333334,
     "support": 46.0
    },
    "23": {
     "precision": 0.5777777777777777,
     "recall": 0.7647058823529411,
     "f1-score": 0.6582278481012658,
     "support": 68.0
    },
    "24": {
     "precision": 0.92018779342723,
     "recall": 0.8990825688073395,
     "f1-score": 0.9095127610208816,
     "support": 218.0
    },
    "25": {
     "precision": 0.7883211678832117,
     "recall": 0.9557522123893806,
     "f1-score": 0.864,
     "support": 113.0
    },
    "26": {
     "precision": 0.851063829787234,
     "recall": 0.6779661016949152,
     "f1-score": 0.7547169811320755,
     "support": 118.0
    },
    "27": {
     "precision": 0.9980806142034548,
     "recall": 0.9829867674858223,
     "f1-score": 0.9904761904761905,
     "support": 529.0
    },
    "28": {
     "precision": 0.14942528735632185,
     "recall": 0.38235294117647056,
     "f1-score": 0.21487603305785125,
     "support": 34.0
    },
    "29": {
     "precision": 0.6142384105960265,
     "recall": 0.9137931034482759,
     "f1-score": 0.7346534653465346,
     "support": 406.0
    },
    "30": {
     "precision": 0.8988372093023256,
     "recall": 0.8374864572047671,
     "f1-score": 0.8670779584969153,
     "support": 923.0
    },
    "31": {
     "precision": 0.5847953216374269,
     "recall": 0.847457627118644,
     "f1-score": 0.6920415224913494,
     "support": 118.0
    },
    "32": {
     "precision": 0.08333333333333333,
     "recall": 0.14285714285714285,
     "f1-score": 0.10526315789473684,
     "support": 14.0
    },
    "33": {
     "precision": 0.5507246376811594,
     "recall": 0.5714285714285714,
     "f1-score": 0.5608856088560885,
     "support": 133.0
    },
    "34": {
     "precision": 0.7292817679558011,
     "recall": 0.9361702127659575,
     "f1-score": 0.8198757763975155,
     "support": 141.0
    },
    "35": {
     "precision": 0.9701897018970189,
     "recall": 0.9972144846796658,
     "f1-score": 0.9835164835164835,
     "support": 359.0
    },
    "36": {
     "precision": 0.7307692307692307,
     "recall": 0.9620253164556962,
     "f1-score": 0.8306010928961749,
     "support": 79.0
    },
    "37": {
     "precision": 0.6268656716417911,
     "recall": 0.4329896907216495,
     "f1-score": 0.5121951219512195,
     "support": 97.0
    },
    "38": {
     "precision": 0.8859060402684564,
     "recall": 0.9565217391304348,
     "f1-score": 0.9198606271777003,
     "support": 138.0
    },
    "39": {
     "precision": 0.75,
     "recall": 0.7769784172661871,
     "f1-score": 0.7632508833922261,
     "support": 139.0
    },
    "40": {
     "precision": 0.34210526315789475,
     "recall": 0.13131313131313133,
     "f1-score": 0.1897810218978102,
     "support": 396.0
    },
    "41": {
     "precision": 0.3333333333333333,
     "recall": 0.42857142857142855,
     "f1-score": 0.375,
     "support": 7.0
    },
    "42": {
     "precision": 0.6190476190476191,
     "recall": 0.8666666666666667,
     "f1-score": 0.7222222222222222,
     "support": 15.0
    },
    "43": {
     "precision": 0.9413254537779654,
     "recall": 0.9473237043330501,
     "f1-score": 0.9443150539911074,
     "support": 2354.0
    },
    "44": {
     "precision": 0.3468715697036224,
     "recall": 0.9266862170087976,
     "f1-score": 0.5047923322683706,
     "support": 341.0
    },
    "45": {
     "precision": 0.7650602409638554,
     "recall": 0.8089171974522293,
     "f1-score": 0.7863777089783281,