{
 "dataset": "Spleen",
 "mode": "coexpr",
 "K": 4,
 "seed": 5,
 "test_macro_f1": 53.945156811462226,
 "test_accuracy": 62.45971882857042,
 "n_features": 1089,
 "n_classes": 28,
 "n_samples": 94129
}