{
 "dataset": "Spleen",
 "mode": "coexpr",
 "K": 4,
 "seed": 0,
 "test_macro_f1": 58.225660053209594,
 "test_accuracy": 67.19784694925458,
 "n_features": 1089,
 "n_classes": 28,
 "n_samples": 94129
}