{
 "dataset": "Spleen",
 "mode": "coexpr",
 "K": 4,
 "seed": 1,
 "test_macro_f1": 53.529184526215744,
 "test_accuracy": 64.15241332908388,
 "n_features": 1089,
 "n_classes": 28,
 "n_samples": 94129
}