{
 "dataset": "Spleen",
 "mode": "coexpr",
 "K": 4,
 "seed": 9,
 "test_macro_f1": 56.63674345247481,
 "test_accuracy": 65.62909451467827,
 "n_features": 1089,
 "n_classes": 28,
 "n_samples": 94129
}