{
 "dataset": "Spleen",
 "mode": "coexpr",
 "K": 4,
 "seed": 3,
 "test_macro_f1": 57.17648720884203,
 "test_accuracy": 63.568115018237194,
 "n_features": 1089,
 "n_classes": 28,
 "n_samples": 94129
}