{
 "dataset": "Spleen",
 "mode": "coexpr",
 "K": 4,
 "seed": 8,
 "test_macro_f1": 53.219360063503665,
 "test_accuracy": 60.69974149226247,
 "n_features": 1089,
 "n_classes": 28,
 "n_samples": 94129
}