{
 "dataset": "Spleen",
 "mode": "coexpr",
 "K": 4,
 "seed": 6,
 "test_macro_f1": 59.286036965132396,
 "test_accuracy": 65.68221254293707,
 "n_features": 1089,
 "n_classes": 28,
 "n_samples": 94129
}