{
 "dataset": "Spleen",
 "mode": "coexpr",
 "K": 4,
 "seed": 4,
 "test_macro_f1": 57.275559712288505,
 "test_accuracy": 64.6092283721095,
 "n_features": 1089,
 "n_classes": 28,
 "n_samples": 94129
}