{
 "dataset": "Spleen",
 "mode": "coexpr",
 "K": 4,
 "seed": 7,
 "test_macro_f1": 59.273809024331015,
 "test_accuracy": 68.13626544849322,
 "n_features": 1089,
 "n_classes": 28,
 "n_samples": 94129
}