{
 "dataset": "Spleen",
 "mode": "coexpr",
 "K": 4,
 "seed": 2,
 "test_macro_f1": 57.97762853261255,
 "test_accuracy": 66.34087609334608,
 "n_features": 1089,
 "n_classes": 28,
 "n_samples": 94129
}