{
 "dataset": "Spleen",
 "mode": "learned_bio",
 "K": 4,
 "seed": 5,
 "test_macro_f1": 58.552755833551295,
 "test_accuracy": 68.92595346860725,
 "n_features": 1089,
 "n_classes": 28,
 "n_samples": 94129,
 "learned_lambda": 0.5762881636619568
}