{
 "dataset": "Spleen",
 "mode": "learned_bio",
 "K": 4,
 "seed": 8,
 "test_macro_f1": 58.134951510872135,
 "test_accuracy": 67.98045256560077,
 "n_features": 1089,
 "n_classes": 28,
 "n_samples": 94129,
 "learned_lambda": 0.6260713338851929
}