{
 "dataset": "Spleen",
 "mode": "learned_bio",
 "K": 4,
 "seed": 2,
 "test_macro_f1": 58.054335894994466,
 "test_accuracy": 68.00169977690427,
 "n_features": 1089,
 "n_classes": 28,
 "n_samples": 94129,
 "learned_lambda": 0.47557830810546875
}