{
 "dataset": "Spleen",
 "mode": "learned",
 "K": 4,
 "seed": 1,
 "test_macro_f1": 57.71686001536661,
 "test_accuracy": 67.10223449838875,
 "n_features": 1089,
 "n_classes": 28,
 "n_samples": 94129,
 "learned_lambda": 0.4888319671154022
}