{
 "dataset": "Spleen",
 "mode": "learned_bio",
 "K": 4,
 "seed": 1,
 "test_macro_f1": 59.27669450145812,
 "test_accuracy": 68.91887106483941,
 "n_features": 1089,
 "n_classes": 28,
 "n_samples": 94129,
 "learned_lambda": 0.7153049111366272
}