{
 "dataset": "Spleen",
 "mode": "learned_bio",
 "K": 4,
 "seed": 6,
 "test_macro_f1": 60.41085474346482,
 "test_accuracy": 68.44435001239421,
 "n_features": 1089,
 "n_classes": 28,
 "n_samples": 94129,
 "learned_lambda": 0.4141448736190796
}