{
 "dataset": "Spleen",
 "mode": "learned",
 "K": 4,
 "seed": 5,
 "test_macro_f1": 57.32996061482005,
 "test_accuracy": 68.30270193703744,
 "n_features": 1089,
 "n_classes": 28,
 "n_samples": 94129,
 "learned_lambda": 0.6978015303611755
}