{
 "dataset": "Spleen",
 "mode": "learned_bio",
 "K": 4,
 "seed": 9,
 "test_macro_f1": 57.18586450702491,
 "test_accuracy": 66.6347958497114,
 "n_features": 1089,
 "n_classes": 28,
 "n_samples": 94129,
 "learned_lambda": 0.475324422121048
}