{
 "dataset": "Spleen",
 "mode": "learned",
 "K": 4,
 "seed": 0,
 "test_macro_f1": 57.90178177194135,
 "test_accuracy": 69.49962817380218,
 "n_features": 1089,
 "n_classes": 28,
 "n_samples": 94129,
 "learned_lambda": 0.7038360238075256
}