{
 "dataset": "Spleen",
 "mode": "learned",
 "K": 4,
 "seed": 9,
 "test_macro_f1": 57.81012277447426,
 "test_accuracy": 68.40893799355501,
 "n_features": 1089,
 "n_classes": 28,
 "n_samples": 94129,
 "learned_lambda": 0.6856220960617065
}