{
 "dataset": "Spleen",
 "mode": "learned",
 "K": 4,
 "seed": 8,
 "test_macro_f1": 58.06450309953431,
 "test_accuracy": 67.96274655618116,
 "n_features": 1089,
 "n_classes": 28,
 "n_samples": 94129,
 "learned_lambda": 0.6183434724807739
}