{
 "dataset": "Spleen",
 "mode": "learned",
 "K": 4,
 "seed": 7,
 "test_macro_f1": 59.78353481054759,
 "test_accuracy": 68.91178866107157,
 "n_features": 1089,
 "n_classes": 28,
 "n_samples": 94129,
 "learned_lambda": 0.6398601531982422
}