{
 "dataset": "Spleen",
 "mode": "learned_bio",
 "K": 4,
 "seed": 3,
 "test_macro_f1": 58.83608339923212,
 "test_accuracy": 68.64973972166153,
 "n_features": 1089,
 "n_classes": 28,
 "n_samples": 94129,
 "learned_lambda": 0.5427273511886597
}