{
 "dataset": "Spleen",
 "mode": "learned",
 "K": 4,
 "seed": 6,
 "test_macro_f1": 59.28529908764028,
 "test_accuracy": 70.27515138638054,
 "n_features": 1089,
 "n_classes": 28,
 "n_samples": 94129,
 "learned_lambda": 0.6698126792907715
}