{
 "dataset": "Spleen",
 "mode": "learned",
 "K": 4,
 "seed": 4,
 "test_macro_f1": 56.44214602237029,
 "test_accuracy": 66.71270229115763,
 "n_features": 1089,
 "n_classes": 28,
 "n_samples": 94129,
 "learned_lambda": 0.5143401622772217
}