{
 "dataset": "Spleen",
 "mode": "learned_bio",
 "K": 4,
 "seed": 7,
 "test_macro_f1": 60.77421036239069,
 "test_accuracy": 69.21987322497256,
 "n_features": 1089,
 "n_classes": 28,
 "n_samples": 94129,
 "learned_lambda": 0.5896979570388794
}