{
 "dataset": "Spleen",
 "mode": "learned",
 "K": 4,
 "seed": 2,
 "test_macro_f1": 58.51749037680811,
 "test_accuracy": 69.38276851163285,
 "n_features": 1089,
 "n_classes": 28,
 "n_samples": 94129,
 "learned_lambda": 0.6365378499031067
}