{
 "dataset": "Spleen",
 "mode": "learned_bio",
 "K": 4,
 "seed": 4,
 "test_macro_f1": 57.84482184380953,
 "test_accuracy": 67.65466199228018,
 "n_features": 1089,
 "n_classes": 28,
 "n_samples": 94129,
 "learned_lambda": 0.5237162709236145
}