{
 "dataset": "Spleen",
 "mode": "learned",
 "K": 4,
 "seed": 3,
 "test_macro_f1": 59.142829912381,
 "test_accuracy": 70.67530719926343,
 "n_features": 1089,
 "n_classes": 28,
 "n_samples": 94129,
 "learned_lambda": 0.6844817996025085
}