{
 "dataset": "Spleen",
 "mode": "none",
 "K": 4,
 "seed": 8,
 "test_macro_f1": 46.63876349009529,
 "test_accuracy": 54.27600127483267,
 "n_features": 1089,
 "n_classes": 28,
 "n_samples": 94129
}