{
 "dataset": "Spleen",
 "mode": "none",
 "K": 4,
 "seed": 6,
 "test_macro_f1": 49.76739024054542,
 "test_accuracy": 55.39147986826729,
 "n_features": 1089,
 "n_classes": 28,
 "n_samples": 94129
}