{
 "dataset": "Spleen",
 "mode": "none",
 "K": 4,
 "seed": 1,
 "test_macro_f1": 44.398290609357396,
 "test_accuracy": 52.9480505683629,
 "n_features": 1089,
 "n_classes": 28,
 "n_samples": 94129
}