{
 "dataset": "Spleen",
 "mode": "none",
 "K": 4,
 "seed": 9,
 "test_macro_f1": 46.93908247382265,
 "test_accuracy": 52.09462091433833,
 "n_features": 1089,
 "n_classes": 28,
 "n_samples": 94129
}