{
 "dataset": "Spleen",
 "mode": "none",
 "K": 4,
 "seed": 5,
 "test_macro_f1": 47.83661043997611,
 "test_accuracy": 55.62165799072205,
 "n_features": 1089,
 "n_classes": 28,
 "n_samples": 94129
}