{
 "dataset": "Spleen",
 "mode": "none",
 "K": 4,
 "seed": 4,
 "test_macro_f1": 48.25399193575218,
 "test_accuracy": 54.538050214242716,
 "n_features": 1089,
 "n_classes": 28,
 "n_samples": 94129
}