{
 "dataset": "Spleen",
 "mode": "none",
 "K": 4,
 "seed": 3,
 "test_macro_f1": 52.88736195006797,
 "test_accuracy": 58.76624526364248,
 "n_features": 1089,
 "n_classes": 28,
 "n_samples": 94129
}