{
 "dataset": "Spleen",
 "mode": "none",
 "K": 4,
 "seed": 7,
 "test_macro_f1": 48.15928086891913,
 "test_accuracy": 56.02181380360495,
 "n_features": 1089,
 "n_classes": 28,
 "n_samples": 94129
}