{
 "dataset": "Spleen",
 "mode": "none",
 "K": 4,
 "seed": 0,
 "test_macro_f1": 48.54099315840109,
 "test_accuracy": 56.36176918446121,
 "n_features": 1089,
 "n_classes": 28,
 "n_samples": 94129
}