{
 "dataset": "Spleen",
 "mode": "random",
 "K": 4,
 "seed": 8,
 "test_macro_f1": 43.33445584932843,
 "test_accuracy": 48.75526753780233,
 "n_features": 1089,
 "n_classes": 28,
 "n_samples": 94129
}