{
 "dataset": "Spleen",
 "mode": "random",
 "K": 4,
 "seed": 9,
 "test_macro_f1": 48.19558353576908,
 "test_accuracy": 55.448139098409996,
 "n_features": 1089,
 "n_classes": 28,
 "n_samples": 94129
}