{
 "dataset": "Spleen",
 "mode": "random",
 "K": 4,
 "seed": 3,
 "test_macro_f1": 50.483583211820346,
 "test_accuracy": 56.35114557880945,
 "n_features": 1089,
 "n_classes": 28,
 "n_samples": 94129
}