{
 "dataset": "Spleen",
 "mode": "random",
 "K": 4,
 "seed": 6,
 "test_macro_f1": 51.35659010161001,
 "test_accuracy": 56.400722405184325,
 "n_features": 1089,
 "n_classes": 28,
 "n_samples": 94129
}