{
 "dataset": "Spleen",
 "mode": "random",
 "K": 4,
 "seed": 1,
 "test_macro_f1": 46.49838689393119,
 "test_accuracy": 53.334041573710124,
 "n_features": 1089,
 "n_classes": 28,
 "n_samples": 94129
}