{
 "dataset": "Spleen",
 "mode": "random",
 "K": 4,
 "seed": 2,
 "test_macro_f1": 49.75095353215801,
 "test_accuracy": 57.10188037820036,
 "n_features": 1089,
 "n_classes": 28,
 "n_samples": 94129
}