{
 "dataset": "Spleen",
 "mode": "random",
 "K": 4,
 "seed": 5,
 "test_macro_f1": 48.48266943257926,
 "test_accuracy": 55.522504337972315,
 "n_features": 1089,
 "n_classes": 28,
 "n_samples": 94129
}