{
 "dataset": "Spleen",
 "mode": "random",
 "K": 4,
 "seed": 0,
 "test_macro_f1": 50.822811229739195,
 "test_accuracy": 58.05092248309076,
 "n_features": 1089,
 "n_classes": 28,
 "n_samples": 94129
}