{
 "dataset": "Spleen",
 "mode": "random",
 "K": 4,
 "seed": 4,
 "test_macro_f1": 43.953513082252826,
 "test_accuracy": 49.849498919933424,
 "n_features": 1089,
 "n_classes": 28,
 "n_samples": 94129
}