{
 "dataset": "Spleen",
 "mode": "random",
 "K": 4,
 "seed": 7,
 "test_macro_f1": 48.57849619299836,
 "test_accuracy": 55.67477601898084,
 "n_features": 1089,
 "n_classes": 28,
 "n_samples": 94129
}