{
 "dataset": "Spleen",
 "mode": "route_random",
 "K": 4,
 "seed": 4,
 "test_macro_f1": 45.928889017392066,
 "test_accuracy": 51.68384149580368,
 "n_features": 1089,
 "n_classes": 28,
 "n_samples": 94129
}