{
 "dataset": "Spleen",
 "mode": "route_random",
 "K": 4,
 "seed": 3,
 "test_macro_f1": 50.88271905941427,
 "test_accuracy": 57.07000956124509,
 "n_features": 1089,
 "n_classes": 28,
 "n_samples": 94129
}