{
 "dataset": "Segerstolpe",
 "mode": "learned_anchor",
 "K": 4,
 "seed": 1,
 "n_markers": 128,
 "test_macro_f1": 52.651883829446064,
 "test_accuracy": 76.83881064162755,
 "val_macro_f1": 55.38938105951811,
 "n_features": 2000,
 "n_classes": 11,
 "n_samples": 2127,
 "learned_lambda": 0.2169846147298813,
 "bio_anchor_have": true
}