{
 "dataset": "Segerstolpe",
 "mode": "learned_anchor",
 "K": 4,
 "seed": 2,
 "n_markers": 128,
 "test_macro_f1": 53.4925722226522,
 "test_accuracy": 82.94209702660407,
 "val_macro_f1": 57.83328892342578,
 "n_features": 2000,
 "n_classes": 11,
 "n_samples": 2127,
 "learned_lambda": 0.23085810244083405,
 "bio_anchor_have": true
}