{
 "dataset": "Segerstolpe",
 "mode": "learned_anchor",
 "K": 4,
 "seed": 0,
 "n_markers": 128,
 "test_macro_f1": 58.611811404931224,
 "test_accuracy": 72.30046948356808,
 "val_macro_f1": 59.31753385698556,
 "n_features": 2000,
 "n_classes": 11,
 "n_samples": 2127,
 "learned_lambda": 0.22829841077327728,
 "bio_anchor_have": true
}