{
 "dataset": "Xin",
 "mode": "learned",
 "K": 4,
 "seed": 0,
 "n_markers": 1024,
 "test_macro_f1": 64.8659676919452,
 "test_accuracy": 86.16071428571429,
 "n_features": 2000,
 "n_classes": 4,
 "n_samples": 1492,
 "learned_lambda": 0.22207333147525787
}