{
 "dataset": "Xin",
 "mode": "learned",
 "K": 4,
 "seed": 2,
 "n_markers": 1024,
 "test_macro_f1": 63.47637053076086,
 "test_accuracy": 88.61607142857143,
 "n_features": 2000,
 "n_classes": 4,
 "n_samples": 1492,
 "learned_lambda": 0.21815410256385803
}