{
 "dataset": "Muraro",
 "mode": "learned_anchor",
 "K": 4,
 "seed": 2,
 "n_markers": 128,
 "test_macro_f1": 74.58637352591231,
 "test_accuracy": 90.10989010989012,
 "val_macro_f1": 87.94045102184637,
 "n_features": 2000,
 "n_classes": 9,
 "n_samples": 2122,
 "learned_lambda": 0.23076193034648895,
 "bio_anchor_have": true
}