{
 "dataset": "Muraro",
 "mode": "learned_anchor",
 "K": 4,
 "seed": 1,
 "n_markers": 128,
 "test_macro_f1": 74.23399719322393,
 "test_accuracy": 88.38304552590267,
 "val_macro_f1": 78.33473802311609,
 "n_features": 2000,
 "n_classes": 9,
 "n_samples": 2122,
 "learned_lambda": 0.20646242797374725,
 "bio_anchor_have": true
}