{
 "dataset": "Muraro",
 "mode": "learned_anchor",
 "K": 4,
 "seed": 0,
 "n_markers": 128,
 "test_macro_f1": 69.35537248399932,
 "test_accuracy": 85.40031397174255,
 "val_macro_f1": 80.7410251469017,
 "n_features": 2000,
 "n_classes": 9,
 "n_samples": 2122,
 "learned_lambda": 0.24627256393432617,
 "bio_anchor_have": true
}