{
 "family": "pnet",
 "cohort": "stad",
 "task": "response",
 "mode": "learned_bio",
 "K": 4,
 "seed": 4,
 "test_macro_f1": 50.993421489799985,
 "test_accuracy": 52.800000000000004,
 "n_features": 3000,
 "n_classes": 2,
 "n_samples": 414,
 "learned_lambda": 0.20990490913391113,
 "learned_beta": 0.9740769863128662,
 "graph_diag": {
  "n_genes": 3000,
  "n_genes_in_reactome": 3000,
  "reactome_coverage_frac": 1.0,
  "mean_degree": 25.79,
  "isolated_frac": 0.0003333333333333333,
  "corr_pi_pc1": 0.0770217776298523
 }
}