{
 "dataset": "Tcell",
 "mode": "learned_bigbio",
 "K": 4,
 "seed": 2,
 "n_markers": 128,
 "test_macro_f1": 69.2910374187961,
 "test_accuracy": 82.70165208940719,
 "n_features": 1089,
 "n_classes": 7,
 "n_samples": 24007,
 "learned_lambda": 0.4519370496273041,
 "bio_anchor_have": false
}