{
 "dataset": "Tcell",
 "mode": "learned_bio",
 "K": 4,
 "seed": 0,
 "n_markers": 128,
 "test_macro_f1": 70.38364567533371,
 "test_accuracy": 84.64528668610302,
 "n_features": 1089,
 "n_classes": 7,
 "n_samples": 24007,
 "learned_lambda": 0.3720976710319519,
 "bio_anchor_have": false
}