{
 "dataset": "Tcell",
 "mode": "learned_bigbio",
 "K": 4,
 "seed": 0,
 "n_markers": 128,
 "test_macro_f1": 68.14280197685066,
 "test_accuracy": 82.61835346383451,
 "n_features": 1089,
 "n_classes": 7,
 "n_samples": 24007,
 "learned_lambda": 0.37030696868896484,
 "bio_anchor_have": false
}