{
 "dataset": "Tcell",
 "mode": "learned_anchor",
 "K": 4,
 "seed": 3,
 "n_markers": 128,
 "test_macro_f1": 56.1504484469883,
 "test_accuracy": 72.1504928502013,
 "n_features": 1089,
 "n_classes": 7,
 "n_samples": 24007,
 "learned_lambda": 0.28279200196266174,
 "bio_anchor_have": true
}