{
 "dataset": "Tcell",
 "mode": "learned",
 "K": 4,
 "seed": 3,
 "n_markers": 128,
 "test_macro_f1": 68.87279947094316,
 "test_accuracy": 82.88213244481466,
 "n_features": 1089,
 "n_classes": 7,
 "n_samples": 24007,
 "learned_lambda": 0.3524116575717926,
 "bio_anchor_have": false
}