{
 "dataset": "Tcell",
 "mode": "learned",
 "K": 4,
 "seed": 0,
 "n_markers": 128,
 "test_macro_f1": 68.77088550336371,
 "test_accuracy": 82.41010689990281,
 "n_features": 1089,
 "n_classes": 7,
 "n_samples": 24007,
 "learned_lambda": 0.33028846979141235,
 "bio_anchor_have": false
}