{
 "dataset": "Tcell",
 "mode": "learned_bio",
 "K": 4,
 "seed": 3,
 "n_markers": 128,
 "test_macro_f1": 68.52766651933638,
 "test_accuracy": 83.06261280022213,
 "n_features": 1089,
 "n_classes": 7,
 "n_samples": 24007,
 "learned_lambda": 0.3909553289413452,
 "bio_anchor_have": false
}