{
 "dataset": "Tcell",
 "mode": "learned_bigbio",
 "K": 4,
 "seed": 3,
 "n_markers": 128,
 "test_macro_f1": 68.51034009426236,
 "test_accuracy": 78.6477856448702,
 "n_features": 1089,
 "n_classes": 7,
 "n_samples": 24007,
 "learned_lambda": 0.30188459157943726,
 "bio_anchor_have": false
}