{
 "dataset": "Tcell",
 "mode": "learned_anchor",
 "K": 4,
 "seed": 4,
 "n_markers": 128,
 "test_macro_f1": 58.511195476858624,
 "test_accuracy": 68.88796334860476,
 "n_features": 1089,
 "n_classes": 7,
 "n_samples": 24007,
 "learned_lambda": 0.27692553400993347,
 "bio_anchor_have": true
}