{
 "dataset": "Tcell",
 "mode": "learned_bio",
 "K": 4,
 "seed": 1,
 "n_markers": 128,
 "test_macro_f1": 69.87874063956033,
 "test_accuracy": 84.6175204775788,
 "n_features": 1089,
 "n_classes": 7,
 "n_samples": 24007,
 "learned_lambda": 0.301753968000412,
 "bio_anchor_have": false
}