{
 "dataset": "Tcell",
 "mode": "learned_bio",
 "K": 4,
 "seed": 2,
 "n_markers": 128,
 "test_macro_f1": 67.29449126301056,
 "test_accuracy": 80.20269332222685,
 "n_features": 1089,
 "n_classes": 7,
 "n_samples": 24007,
 "learned_lambda": 0.35132840275764465,
 "bio_anchor_have": false
}