{
 "dataset": "Tcell",
 "mode": "learned_anchor",
 "K": 4,
 "seed": 1,
 "n_markers": 128,
 "test_macro_f1": 51.68896464267133,
 "test_accuracy": 71.03984450923227,
 "n_features": 1089,
 "n_classes": 7,
 "n_samples": 24007,
 "learned_lambda": 0.26944273710250854,
 "bio_anchor_have": true
}