{
 "dataset": "Tcell",
 "mode": "learned_bigbio",
 "K": 4,
 "seed": 4,
 "n_markers": 128,
 "test_macro_f1": 69.32692904951826,
 "test_accuracy": 83.74288490906567,
 "n_features": 1089,
 "n_classes": 7,
 "n_samples": 24007,
 "learned_lambda": 0.3683607280254364,
 "bio_anchor_have": false
}