{
 "dataset": "Tcell",
 "mode": "learned_bigbio",
 "K": 4,
 "seed": 1,
 "n_markers": 128,
 "test_macro_f1": 69.81141801577931,
 "test_accuracy": 83.95113147299736,
 "n_features": 1089,
 "n_classes": 7,
 "n_samples": 24007,
 "learned_lambda": 0.3542986214160919,
 "bio_anchor_have": false
}