{
 "dataset": "Tcell",
 "mode": "learned",
 "K": 4,
 "seed": 4,
 "n_markers": 128,
 "test_macro_f1": 69.9723512132967,
 "test_accuracy": 82.68776898514508,
 "n_features": 1089,
 "n_classes": 7,
 "n_samples": 24007,
 "learned_lambda": 0.31370633840560913,
 "bio_anchor_have": false
}