{
 "dataset": "Tcell",
 "mode": "learned_bio",
 "K": 4,
 "seed": 4,
 "n_markers": 128,
 "test_macro_f1": 69.17257524562758,
 "test_accuracy": 83.39580730251284,
 "n_features": 1089,
 "n_classes": 7,
 "n_samples": 24007,
 "learned_lambda": 0.35120514035224915,
 "bio_anchor_have": false
}