{
 "dataset": "Tcell",
 "mode": "learned_anchor",
 "K": 4,
 "seed": 2,
 "n_markers": 128,
 "test_macro_f1": 53.83853384017845,
 "test_accuracy": 68.11050950992642,
 "n_features": 1089,
 "n_classes": 7,
 "n_samples": 24007,
 "learned_lambda": 0.2466610223054886,
 "bio_anchor_have": true
}