{
 "dataset": "Tcell",
 "mode": "learned_anchor",
 "K": 4,
 "seed": 0,
 "n_markers": 128,
 "test_macro_f1": 53.17726884816282,
 "test_accuracy": 67.27752325419964,
 "n_features": 1089,
 "n_classes": 7,
 "n_samples": 24007,
 "learned_lambda": 0.28628090023994446,
 "bio_anchor_have": true
}