{
 "dataset": "Tcell",
 "mode": "learned_anchor",
 "K": 4,
 "seed": 0,
 "n_markers": 128,
 "test_macro_f1": 56.69977310167015,
 "test_accuracy": 75.59350270720533,
 "val_macro_f1": 55.98171707133012,
 "n_features": 1089,
 "n_classes": 7,
 "n_samples": 24007,
 "learned_lambda": 0.3267143666744232,
 "bio_anchor_have": true
}