{
 "dataset": "Tcell",
 "mode": "learned_anchor",
 "K": 4,
 "seed": 2,
 "n_markers": 128,
 "test_macro_f1": 53.506795976075026,
 "test_accuracy": 71.37303901152298,
 "val_macro_f1": 54.440651631150196,
 "n_features": 1089,
 "n_classes": 7,
 "n_samples": 24007,
 "learned_lambda": 0.2540729343891144,
 "bio_anchor_have": true
}