{
 "dataset": "Tcell",
 "mode": "learned_anchor",
 "K": 4,
 "seed": 1,
 "n_markers": 128,
 "test_macro_f1": 49.847435215624344,
 "test_accuracy": 69.70706650006942,
 "val_macro_f1": 50.61859433962733,
 "n_features": 1089,
 "n_classes": 7,
 "n_samples": 24007,
 "learned_lambda": 0.2417234480381012,
 "bio_anchor_have": true
}