{
 "dataset": "Tcell",
 "mode": "learned",
 "K": 4,
 "seed": 0,
 "n_markers": 1089,
 "test_macro_f1": 73.38712549228296,
 "test_accuracy": 85.95029848674164,
 "n_features": 1089,
 "n_classes": 7,
 "n_samples": 24007,
 "learned_lambda": 0.39151108264923096
}