{
 "dataset": "Tcell",
 "mode": "learned",
 "K": 4,
 "seed": 1,
 "n_markers": 1089,
 "test_macro_f1": 72.8588348654856,
 "test_accuracy": 85.36720810773288,
 "n_features": 1089,
 "n_classes": 7,
 "n_samples": 24007,
 "learned_lambda": 0.5385085344314575
}