{
 "dataset": "Tcell",
 "mode": "learned",
 "K": 4,
 "seed": 2,
 "n_markers": 1089,
 "test_macro_f1": 72.6919201107849,
 "test_accuracy": 84.99236429265584,
 "n_features": 1089,
 "n_classes": 7,
 "n_samples": 24007,
 "learned_lambda": 0.4658762216567993
}