{
 "dataset": "pancreas",
 "n_samples": 14767,
 "n_features": 1936,
 "n_classes": 15,
 "n_train": 10744,
 "n_test": 2127,
 "transformer_params": 75168,
 "total_params": 295327,
 "config": {
  "heads": [
   "cell_type"
  ],
  "cohorts": null,
  "n_hvg": null,
  "batch_size": 128,
  "val_frac": 0.15,
  "test_frac": 0.15,
  "d_model": 96,
  "n_heads": 4,
  "d_ff": 192,
  "dropout": 0.1,
  "n_markers": 128,
  "marker_mode": "router",
  "compress_mode": "aggregate",
  "recursive_marker_refine": true,
  "peak_init": true,
  "anneal_markers": true,
  "recursion_depth": 4,
  "share_weights": true,
  "adaptive_depth": false,
  "marker_ffn": false,
  "recursion_mode": "expert",
  "router_capacity": null,
  "router_alpha": 1.0,
  "router_temp": 1.0,
  "router_type": "linear",
  "router_z_coeff": 0.001,
  "router_balance_coeff": 0.1,
  "gene_interaction": "none",
  "interaction_knn": 16,
  "router_prior_beta": 1.0,
  "router_prior_anneal": true,
  "lambda_marker": 0.1,
  "gamma_diversity": 0.05,
  "beta_compression": 0.01,
  "lr": 0.001,
  "weight_decay": 1e-05,
  "epochs": 150,
  "patience": 15,
  "seed": 4,
  "device": "cuda"
 },
 "heads": {
  "cell_type": {
   "accuracy": 0.9050305594734368,
   "macro_f1": 0.5536718202488242,
   "weighted_f1": 0.9002337302704266,
   "per_class": {
    "0": {
     "precision": 0.0,
     "recall": 0.0,
     "f1-score": 0.0,
     "support": 5.0
    },
    "1": {
     "precision": 0.9891891891891892,
     "recall": 0.9891891891891892,
     "f1-score": 0.9891891891891892,
     "support": 185.0
    },
    "2": {
     "precision": 0.9296703296703297,
     "recall": 0.9548532731376975,
     "f1-score": 0.9420935412026726,
     "support": 886.0
    },
    "3": {
     "precision": 0.9305555555555556,
     "recall": 0.9925925925925926,
     "f1-score": 0.9605734767025089,
     "support": 270.0
    },
    "4": {
     "precision": 0.8283582089552238,
     "recall": 0.9736842105263158,
     "f1-score": 0.8951612903225806,
     "support": 114.0
    },
    "5": {
     "precision": 0.9743589743589743,
     "recall": 0.9844559585492227,
     "f1-score": 0.979381443298969,
     "support": 386.0
    },
    "6": {
     "precision": 1.0,
     "recall": 0.9375,
     "f1-score": 0.967741935483871,
     "support": 16.0
    },
    "7": {
     "precision": 0.8333333333333334,
     "recall": 0.7142857142857143,
     "f1-score": 0.7692307692307693,
     "support": 7.0
    },
    "8": {
     "precision": 0.8357142857142857,
     "recall": 0.5939086294416244,
     "f1-score": 0.6943620178041543,
     "support": 197.0
    },
    "9": {
     "precision": 0.0,
     "recall": 0.0,
     "f1-score": 0.0,
     "support": 0.0
    },
    "10": {
     "precision": 0.0,
     "recall": 0.0,
     "f1-score": 0.0,
     "support": 7.0
    },
    "11": {
     "precision": 0.0,
     "recall": 0.0,
     "f1-score": 0.0,
     "support": 0.0
    },
    "13": {
     "precision": 0.0,
     "recall": 0.0,
     "f1-score": 0.0,
     "support": 54.0
    },
    "accuracy": 0.9050305594734368,
    "macro avg": {
     "precision": 0.5631676828289917,
     "recall": 0.5492668898247967,
     "f1-score": 0.5536718202488242,
     "support": 2127.0
    },
    "weighted avg": {
     "precision": 0.9003020026471177,
     "recall": 0.9050305594734368,
     "f1-score": 0.9002337302704266,
     "support": 2127.0
    }
   }
  }
 }
}