{
 "dataset": "tabula_muris",
 "n_samples": 54865,
 "n_features": 1089,
 "n_classes": 55,
 "n_train": 32645,
 "n_test": 16458,
 "transformer_params": 75168,
 "total_params": 221775,
 "config": {
  "heads": [
   "cell_type"
  ],
  "cohorts": null,
  "n_hvg": null,
  "batch_size": 128,
  "val_frac": 0.15,
  "test_frac": 0.15,
  "d_model": 96,
  "n_heads": 4,
  "d_ff": 192,
  "dropout": 0.1,
  "n_markers": 128,
  "marker_mode": "router",
  "compress_mode": "aggregate",
  "recursive_marker_refine": true,
  "peak_init": true,
  "anneal_markers": true,
  "recursion_depth": 4,
  "share_weights": true,
  "adaptive_depth": false,
  "marker_ffn": false,
  "recursion_mode": "expert",
  "router_capacity": null,
  "router_alpha": 1.0,
  "router_temp": 1.0,
  "router_type": "linear",
  "router_z_coeff": 0.001,
  "router_balance_coeff": 0.1,
  "gene_interaction": "none",
  "interaction_knn": 16,
  "router_prior_beta": 1.0,
  "router_prior_anneal": true,
  "lambda_marker": 0.1,
  "gamma_diversity": 0.05,
  "beta_compression": 0.01,
  "lr": 0.001,
  "weight_decay": 1e-05,
  "epochs": 150,
  "patience": 15,
  "seed": 4,
  "device": "cuda"
 },
 "heads": {
  "cell_type": {
   "accuracy": 0.8461538461538461,
   "macro_f1": 0.7583836527355433,
   "weighted_f1": 0.8459809862043602,
   "per_class": {
    "0": {
     "precision": 0.9220032840722496,
     "recall": 0.9027331189710611,
     "f1-score": 0.9122664500406173,
     "support": 2488.0
    },
    "1": {
     "precision": 0.1111111111111111,
     "recall": 0.6153846153846154,
     "f1-score": 0.18823529411764706,
     "support": 13.0
    },
    "2": {
     "precision": 0.7857142857142857,
     "recall": 0.55,
     "f1-score": 0.6470588235294118,
     "support": 20.0
    },
    "3": {
     "precision": 0.6363636363636364,
     "recall": 0.6363636363636364,
     "f1-score": 0.6363636363636364,
     "support": 11.0
    },
    "4": {
     "precision": 0.8825112107623319,
     "recall": 0.7437641723356009,
     "f1-score": 0.8072190319934373,
     "support": 1323.0
    },
    "5": {
     "precision": 1.0,
     "recall": 0.9134615384615384,
     "f1-score": 0.9547738693467337,
     "support": 104.0
    },
    "6": {
     "precision": 0.9826086956521739,
     "recall": 0.9576271186440678,
     "f1-score": 0.9699570815450643,
     "support": 118.0
    },
    "7": {
     "precision": 0.965682362330407,
     "recall": 0.9118311981914092,
     "f1-score": 0.937984496124031,
     "support": 1327.0
    },
    "8": {
     "precision": 0.8823529411764706,
     "recall": 0.8333333333333334,
     "f1-score": 0.8571428571428571,
     "support": 18.0
    },
    "9": {
     "precision": 0.9559228650137741,
     "recall": 0.961218836565097,
     "f1-score": 0.9585635359116023,
     "support": 361.0
    },
    "10": {
     "precision": 0.9886363636363636,
     "recall": 0.9942857142857143,
     "f1-score": 0.9914529914529915,
     "support": 350.0
    },
    "11": {
     "precision": 0.6865284974093264,
     "recall": 0.7748538011695907,
     "f1-score": 0.728021978021978,
     "support": 342.0
    },
    "12": {
     "precision": 0.9473684210526315,
     "recall": 1.0,
     "f1-score": 0.972972972972973,
     "support": 18.0
    },
    "13": {
     "precision": 1.0,
     "recall": 0.8666666666666667,
     "f1-score": 0.9285714285714286,
     "support": 15.0
    },
    "14": {
     "precision": 0.631578947368421,
     "recall": 0.5,
     "f1-score": 0.5581395348837209,
     "support": 48.0
    },
    "15": {
     "precision": 0.2857142857142857,
     "recall": 0.15384615384615385,
     "f1-score": 0.2,
     "support": 13.0
    },
    "16": {
     "precision": 0.5,
     "recall": 0.75,
     "f1-score": 0.6,
     "support": 8.0
    },
    "17": {
     "precision": 0.9,
     "recall": 0.9473684210526315,
     "f1-score": 0.9230769230769231,
     "support": 19.0
    },
    "18": {
     "precision": 0.8181818181818182,
     "recall": 0.9473684210526315,
     "f1-score": 0.8780487804878049,
     "support": 19.0
    },
    "19": {
     "precision": 0.9156327543424317,
     "recall": 0.8651817116060961,
     "f1-score": 0.8896925858951176,
     "support": 853.0
    },
    "20": {
     "precision": 0.4444444444444444,
     "recall": 0.5,
     "f1-score": 0.47058823529411764,
     "support": 8.0
    },
    "21": {
     "precision": 0.841726618705036,
     "recall": 0.896551724137931,
     "f1-score": 0.8682745825602969,
     "support": 261.0
    },
    "22": {
     "precision": 0.72,
     "recall": 0.782608695652174,
     "f1-score": 0.75,
     "support": 46.0
    },
    "23": {
     "precision": 0.8333333333333334,
     "recall": 0.8823529411764706,
     "f1-score": 0.8571428571428571,
     "support": 68.0
    },
    "24": {
     "precision": 0.9369369369369369,
     "recall": 0.9541284403669725,
     "f1-score": 0.9454545454545454,
     "support": 218.0
    },
    "25": {
     "precision": 0.9391304347826087,
     "recall": 0.9557522123893806,
     "f1-score": 0.9473684210526315,
     "support": 113.0
    },
    "26": {
     "precision": 0.8125,
     "recall": 0.8813559322033898,
     "f1-score": 0.8455284552845529,
     "support": 118.0
    },
    "27": {
     "precision": 0.9722735674676525,
     "recall": 0.994328922495274,
     "f1-score": 0.983177570093458,
     "support": 529.0
    },
    "28": {
     "precision": 0.1826086956521739,
     "recall": 0.6176470588235294,
     "f1-score": 0.28187919463087246,
     "support": 34.0
    },
    "29": {
     "precision": 0.7883817427385892,
     "recall": 0.9359605911330049,
     "f1-score": 0.8558558558558559,
     "support": 406.0
    },
    "30": {
     "precision": 0.8914807302231237,
     "recall": 0.952329360780065,
     "f1-score": 0.9209009952854897,
     "support": 923.0
    },
    "31": {
     "precision": 0.8256880733944955,
     "recall": 0.7627118644067796,
     "f1-score": 0.7929515418502202,
     "support": 118.0
    },
    "32": {
     "precision": 0.25,
     "recall": 0.2857142857142857,
     "f1-score": 0.26666666666666666,
     "support": 14.0
    },
    "33": {
     "precision": 0.8740157480314961,
     "recall": 0.8345864661654135,
     "f1-score": 0.8538461538461538,
     "support": 133.0
    },
    "34": {
     "precision": 0.8896551724137931,
     "recall": 0.9148936170212766,
     "f1-score": 0.9020979020979021,
     "support": 141.0
    },
    "35": {
     "precision": 0.9885386819484241,
     "recall": 0.9610027855153204,
     "f1-score": 0.9745762711864406,
     "support": 359.0
    },
    "36": {
     "precision": 0.9166666666666666,
     "recall": 0.9746835443037974,
     "f1-score": 0.9447852760736196,
     "support": 79.0
    },
    "37": {
     "precision": 0.2934131736526946,
     "recall": 0.5051546391752577,
     "f1-score": 0.3712121212121212,
     "support": 97.0
    },
    "38": {
     "precision": 0.9440559440559441,
     "recall": 0.9782608695652174,
     "f1-score": 0.9608540925266904,
     "support": 138.0
    },
    "39": {
     "precision": 0.84,
     "recall": 0.9064748201438849,
     "f1-score": 0.8719723183391004,
     "support": 139.0
    },
    "40": {
     "precision": 0.5439739413680782,
     "recall": 0.4217171717171717,
     "f1-score": 0.4751066856330014,
     "support": 396.0
    },
    "41": {
     "precision": 0.6,
     "recall": 0.8571428571428571,
     "f1-score": 0.7058823529411765,
     "support": 7.0
    },
    "42": {
     "precision": 0.8,
     "recall": 0.8,
     "f1-score": 0.8,
     "support": 15.0
    },
    "43": {
     "precision": 0.9456706281833617,
     "recall": 0.9464740866610025,
     "f1-score": 0.9460721868365181,
     "support": 2354.0
    },
    "44": {
     "precision": 0.3824940047961631,
     "recall": 0.9354838709677419,
     "f1-score": 0.5429787234042553,
     "support": 341.0
    },
    "45": {
     "precision": 0.6568627450980392,
     "recall": 0.8535031847133758,
     "f1-score": 0.7423822714681441,
     "support": 157.0
    },
    "46": {
     "precision": 0.2692307692307692,