{
 "dataset": "Wang",
 "mode": "coexpr",
 "K": 4,
 "seed": 6,
 "test_macro_f1": 24.075902099970424,
 "test_accuracy": 44.927536231884055,
 "n_features": 2000,
 "n_classes": 7,
 "n_samples": 457
}