{
 "dataset": "Wang",
 "mode": "coexpr",
 "K": 4,
 "seed": 2,
 "test_macro_f1": 22.38038072371806,
 "test_accuracy": 24.637681159420293,
 "n_features": 2000,
 "n_classes": 7,
 "n_samples": 457
}