{
 "dataset": "Wang",
 "mode": "coexpr",
 "K": 4,
 "seed": 7,
 "test_macro_f1": 24.595043355267205,
 "test_accuracy": 35.507246376811594,
 "n_features": 2000,
 "n_classes": 7,
 "n_samples": 457
}