{
 "dataset": "Wang",
 "mode": "coexpr",
 "K": 4,
 "seed": 4,
 "test_macro_f1": 11.000891000891002,
 "test_accuracy": 43.47826086956522,
 "n_features": 2000,
 "n_classes": 7,
 "n_samples": 457
}