{
 "dataset": "Wang",
 "mode": "coexpr",
 "K": 4,
 "seed": 1,
 "test_macro_f1": 16.76362852833441,
 "test_accuracy": 36.231884057971016,
 "n_features": 2000,
 "n_classes": 7,
 "n_samples": 457
}