{
 "dataset": "Wang",
 "mode": "coexpr",
 "K": 4,
 "seed": 9,
 "test_macro_f1": 16.793895079011843,
 "test_accuracy": 43.47826086956522,
 "n_features": 2000,
 "n_classes": 7,
 "n_samples": 457
}