{
 "dataset": "Wang",
 "mode": "coexpr",
 "K": 4,
 "seed": 0,
 "test_macro_f1": 8.430735930735931,
 "test_accuracy": 18.84057971014493,
 "n_features": 2000,
 "n_classes": 7,
 "n_samples": 457
}