{
 "dataset": "Wang",
 "mode": "coexpr",
 "K": 4,
 "seed": 5,
 "test_macro_f1": 13.939021744430677,
 "test_accuracy": 13.768115942028986,
 "n_features": 2000,
 "n_classes": 7,
 "n_samples": 457
}