{
 "dataset": "Wang",
 "mode": "coexpr",
 "K": 4,
 "seed": 3,
 "test_macro_f1": 11.63449914544166,
 "test_accuracy": 32.608695652173914,
 "n_features": 2000,
 "n_classes": 7,
 "n_samples": 457
}