{
 "dataset": "Wang",
 "mode": "learned",
 "K": 4,
 "seed": 8,
 "test_macro_f1": 24.952442179057414,
 "test_accuracy": 39.85507246376812,
 "n_features": 2000,
 "n_classes": 7,
 "n_samples": 457,
 "learned_lambda": 0.2041545808315277
}