{
 "dataset": "Wang",
 "mode": "learned",
 "K": 4,
 "seed": 0,
 "test_macro_f1": 30.085292219704606,
 "test_accuracy": 45.65217391304348,
 "n_features": 2000,
 "n_classes": 7,
 "n_samples": 457,
 "learned_lambda": 0.20578396320343018
}