{
 "dataset": "Wang",
 "mode": "learned_bio",
 "K": 4,
 "seed": 8,
 "test_macro_f1": 27.78304420640187,
 "test_accuracy": 52.89855072463768,
 "n_features": 2000,
 "n_classes": 7,
 "n_samples": 457,
 "learned_lambda": 0.20185449719429016
}