{
 "dataset": "Wang",
 "mode": "learned_bio",
 "K": 4,
 "seed": 3,
 "test_macro_f1": 24.593464966135773,
 "test_accuracy": 33.33333333333333,
 "n_features": 2000,
 "n_classes": 7,
 "n_samples": 457,
 "learned_lambda": 0.2052924484014511
}