{
 "dataset": "Wang",
 "mode": "learned_bio",
 "K": 4,
 "seed": 1,
 "test_macro_f1": 42.13374344953292,
 "test_accuracy": 56.52173913043478,
 "n_features": 2000,
 "n_classes": 7,
 "n_samples": 457,
 "learned_lambda": 0.2080828696489334
}