{
 "dataset": "Wang",
 "mode": "learned_bio",
 "K": 4,
 "seed": 2,
 "test_macro_f1": 31.8919703471597,
 "test_accuracy": 39.85507246376812,
 "n_features": 2000,
 "n_classes": 7,
 "n_samples": 457,
 "learned_lambda": 0.20750735700130463
}