{
 "dataset": "Wang",
 "mode": "learned_bio",
 "K": 4,
 "seed": 9,
 "test_macro_f1": 37.125831789355836,
 "test_accuracy": 53.62318840579711,
 "n_features": 2000,
 "n_classes": 7,
 "n_samples": 457,
 "learned_lambda": 0.2093210518360138
}