{
 "dataset": "Wang",
 "mode": "learned",
 "K": 4,
 "seed": 2,
 "test_macro_f1": 31.265172735760967,
 "test_accuracy": 42.7536231884058,
 "n_features": 2000,
 "n_classes": 7,
 "n_samples": 457,
 "learned_lambda": 0.20722894370555878
}