{
 "dataset": "Wang",
 "mode": "learned_bio",
 "K": 4,
 "seed": 7,
 "test_macro_f1": 38.0293670934065,
 "test_accuracy": 55.79710144927537,
 "n_features": 2000,
 "n_classes": 7,
 "n_samples": 457,
 "learned_lambda": 0.20718726515769958
}