{
 "dataset": "Wang",
 "mode": "learned",
 "K": 4,
 "seed": 4,
 "test_macro_f1": 36.22250039117509,
 "test_accuracy": 55.79710144927537,
 "n_features": 2000,
 "n_classes": 7,
 "n_samples": 457,
 "learned_lambda": 0.2075827419757843
}