{
 "dataset": "Wang",
 "mode": "learned",
 "K": 4,
 "seed": 7,
 "test_macro_f1": 37.89158174636773,
 "test_accuracy": 55.072463768115945,
 "n_features": 2000,
 "n_classes": 7,
 "n_samples": 457,
 "learned_lambda": 0.20580096542835236
}