{
 "dataset": "Wang",
 "mode": "learned",
 "K": 4,
 "seed": 5,
 "test_macro_f1": 37.43928648183967,
 "test_accuracy": 57.2463768115942,
 "n_features": 2000,
 "n_classes": 7,
 "n_samples": 457,
 "learned_lambda": 0.20481272041797638
}