{
 "dataset": "Wang",
 "mode": "learned_bio",
 "K": 4,
 "seed": 6,
 "test_macro_f1": 39.582205916074294,
 "test_accuracy": 51.449275362318836,
 "n_features": 2000,
 "n_classes": 7,
 "n_samples": 457,
 "learned_lambda": 0.20639292895793915
}