{
 "dataset": "Wang",
 "mode": "learned_bio",
 "K": 4,
 "seed": 5,
 "test_macro_f1": 41.12056680379661,
 "test_accuracy": 51.449275362318836,
 "n_features": 2000,
 "n_classes": 7,
 "n_samples": 457,
 "learned_lambda": 0.20599600672721863
}