{
 "dataset": "Wang",
 "mode": "learned",
 "K": 4,
 "seed": 6,
 "test_macro_f1": 34.527687047070245,
 "test_accuracy": 50.0,
 "n_features": 2000,
 "n_classes": 7,
 "n_samples": 457,
 "learned_lambda": 0.20604334771633148
}