{
 "dataset": "Wang",
 "mode": "learned",
 "K": 4,
 "seed": 9,
 "test_macro_f1": 13.90734588409007,
 "test_accuracy": 40.57971014492754,
 "n_features": 2000,
 "n_classes": 7,
 "n_samples": 457,
 "learned_lambda": 0.20206716656684875
}