{
 "dataset": "Wang",
 "mode": "learned",
 "K": 4,
 "seed": 1,
 "test_macro_f1": 37.85909579142662,
 "test_accuracy": 51.449275362318836,
 "n_features": 2000,
 "n_classes": 7,
 "n_samples": 457,
 "learned_lambda": 0.20723730325698853
}