{
 "dataset": "Wang",
 "mode": "learned_bio",
 "K": 4,
 "seed": 4,
 "test_macro_f1": 35.59254810563454,
 "test_accuracy": 52.17391304347826,
 "n_features": 2000,
 "n_classes": 7,
 "n_samples": 457,
 "learned_lambda": 0.20512665808200836
}