{
 "dataset": "Wang",
 "mode": "learned",
 "K": 4,
 "seed": 3,
 "test_macro_f1": 35.303653676491564,
 "test_accuracy": 42.028985507246375,
 "n_features": 2000,
 "n_classes": 7,
 "n_samples": 457,
 "learned_lambda": 0.20809480547904968
}