{
 "dataset": "Wang",
 "mode": "none",
 "K": 4,
 "seed": 0,
 "test_macro_f1": 22.412474610122988,
 "test_accuracy": 33.33333333333333,
 "n_features": 2000,
 "n_classes": 7,
 "n_samples": 457
}