{
 "dataset": "Wang",
 "mode": "none",
 "K": 4,
 "seed": 5,
 "test_macro_f1": 10.89115904034975,
 "test_accuracy": 30.434782608695656,
 "n_features": 2000,
 "n_classes": 7,
 "n_samples": 457
}