{
 "dataset": "Wang",
 "mode": "none",
 "K": 4,
 "seed": 9,
 "test_macro_f1": 13.244047619047619,
 "test_accuracy": 43.47826086956522,
 "n_features": 2000,
 "n_classes": 7,
 "n_samples": 457
}