{
 "dataset": "Wang",
 "mode": "none",
 "K": 4,
 "seed": 4,
 "test_macro_f1": 31.06177880090924,
 "test_accuracy": 41.30434782608695,
 "n_features": 2000,
 "n_classes": 7,
 "n_samples": 457
}