{
 "dataset": "Wang",
 "mode": "none",
 "K": 4,
 "seed": 3,
 "test_macro_f1": 14.33746521490973,
 "test_accuracy": 29.71014492753623,
 "n_features": 2000,
 "n_classes": 7,
 "n_samples": 457
}