{
 "dataset": "Wang",
 "mode": "none",
 "K": 4,
 "seed": 8,
 "test_macro_f1": 1.8433179723502304,
 "test_accuracy": 5.797101449275362,
 "n_features": 2000,
 "n_classes": 7,
 "n_samples": 457
}