{
 "dataset": "Wang",
 "mode": "none",
 "K": 4,
 "seed": 1,
 "test_macro_f1": 31.25582330932936,
 "test_accuracy": 55.79710144927537,
 "n_features": 2000,
 "n_classes": 7,
 "n_samples": 457
}