{
 "dataset": "Wang",
 "mode": "none",
 "K": 4,
 "seed": 7,
 "test_macro_f1": 16.282573019531952,
 "test_accuracy": 31.15942028985507,
 "n_features": 2000,
 "n_classes": 7,
 "n_samples": 457
}