{
 "dataset": "Wang",
 "mode": "none",
 "K": 4,
 "seed": 2,
 "test_macro_f1": 18.285281178888837,
 "test_accuracy": 41.30434782608695,
 "n_features": 2000,
 "n_classes": 7,
 "n_samples": 457
}