{
 "dataset": "Wang",
 "mode": "none",
 "K": 4,
 "seed": 6,
 "test_macro_f1": 20.072619047619046,
 "test_accuracy": 36.231884057971016,
 "n_features": 2000,
 "n_classes": 7,
 "n_samples": 457
}