{
 "dataset": "Wang",
 "mode": "random",
 "K": 4,
 "seed": 7,
 "test_macro_f1": 15.616066323613495,
 "test_accuracy": 32.608695652173914,
 "n_features": 2000,
 "n_classes": 7,
 "n_samples": 457
}