{
 "dataset": "Wang",
 "mode": "random",
 "K": 4,
 "seed": 6,
 "test_macro_f1": 15.242363528835915,
 "test_accuracy": 31.15942028985507,
 "n_features": 2000,
 "n_classes": 7,
 "n_samples": 457
}