{
 "dataset": "Wang",
 "mode": "random",
 "K": 4,
 "seed": 1,
 "test_macro_f1": 17.71282426013884,
 "test_accuracy": 35.507246376811594,
 "n_features": 2000,
 "n_classes": 7,
 "n_samples": 457
}