{
 "dataset": "Wang",
 "mode": "random",
 "K": 4,
 "seed": 2,
 "test_macro_f1": 17.17036017231425,
 "test_accuracy": 33.33333333333333,
 "n_features": 2000,
 "n_classes": 7,
 "n_samples": 457
}