{
 "dataset": "Wang",
 "mode": "random",
 "K": 4,
 "seed": 4,
 "test_macro_f1": 10.822157434402332,
 "test_accuracy": 40.57971014492754,
 "n_features": 2000,
 "n_classes": 7,
 "n_samples": 457
}