{
 "dataset": "Wang",
 "mode": "random",
 "K": 4,
 "seed": 9,
 "test_macro_f1": 18.6756246655193,
 "test_accuracy": 31.88405797101449,
 "n_features": 2000,
 "n_classes": 7,
 "n_samples": 457
}