{
 "dataset": "Wang",
 "mode": "random",
 "K": 4,
 "seed": 8,
 "test_macro_f1": 18.888302447415747,
 "test_accuracy": 24.637681159420293,
 "n_features": 2000,
 "n_classes": 7,
 "n_samples": 457
}