{
 "dataset": "Wang",
 "mode": "random",
 "K": 4,
 "seed": 0,
 "test_macro_f1": 19.171374485962026,
 "test_accuracy": 39.130434782608695,
 "n_features": 2000,
 "n_classes": 7,
 "n_samples": 457
}