{
 "dataset": "Wang",
 "mode": "random",
 "K": 4,
 "seed": 3,
 "test_macro_f1": 11.095305832147938,
 "test_accuracy": 31.15942028985507,
 "n_features": 2000,
 "n_classes": 7,
 "n_samples": 457
}