{
 "dataset": "Wang",
 "mode": "random",
 "K": 4,
 "seed": 5,
 "test_macro_f1": 20.390678437460515,
 "test_accuracy": 28.26086956521739,
 "n_features": 2000,
 "n_classes": 7,
 "n_samples": 457
}