{
 "dataset": "Xin",
 "mode": "learned",
 "K": 4,
 "seed": 1,
 "n_markers": 128,
 "test_macro_f1": 68.89673595897945,
 "test_accuracy": 89.73214285714286,
 "val_macro_f1": 81.90769896661797,
 "n_features": 2000,
 "n_classes": 4,
 "n_samples": 1492,
 "learned_lambda": 0.21736566722393036,
 "bio_anchor_have": false
}