{
 "dataset": "baron",
 "n_samples": 8569,
 "n_features": 1936,
 "n_classes": 14,
 "n_train": 5098,
 "n_test": 2571,
 "transformer_params": 297024,
 "total_params": 773789,
 "config": {
  "heads": [
   "cell_type"
  ],
  "cohorts": null,
  "n_hvg": null,
  "n_channels": 1,
  "batch_size": 128,
  "val_frac": 0.15,
  "test_frac": 0.15,
  "d_model": 192,
  "n_heads": 4,
  "d_ff": 384,
  "dropout": 0.1,
  "n_markers": 128,
  "marker_mode": "router",
  "pathway_pool": "mean",
  "compress_mode": "aggregate",
  "recursive_marker_refine": true,
  "peak_init": true,
  "anneal_markers": true,
  "recursion_depth": 4,
  "share_weights": true,
  "share_strategy": "cycle",
  "n_unique_blocks": null,
  "step_cache": false,
  "adaptive_depth": false,
  "marker_ffn": false,
  "recursion_mode": "fixed",
  "router_capacity": null,
  "router_alpha": 1.0,
  "router_temp": 1.0,
  "router_type": "linear",
  "router_z_coeff": 0.001,
  "router_balance_coeff": 0.1,
  "gene_interaction": "none",
  "interaction_knn": 16,
  "router_prior_beta": 1.0,
  "router_prior_anneal": true,
  "pathway_attn_bias": false,
  "pathway_attn_lambda": 2.0,
  "lambda_marker": 0.1,
  "gamma_diversity": 0.05,
  "beta_compression": 0.01,
  "lr": 0.001,
  "weight_decay": 1e-05,
  "epochs": 80,
  "patience": 12,
  "seed": 0,
  "device": "cuda"
 },
 "heads": {
  "cell_type": {
   "accuracy": 0.8755348113574485,
   "macro_f1": 0.597356834903062,
   "weighted_f1": 0.8746440671182069,
   "per_class": {
    "0": {
     "precision": 0.9498207885304659,
     "recall": 0.9233449477351916,
     "f1-score": 0.9363957597173145,
     "support": 287.0
    },
    "1": {
     "precision": 0.8571428571428571,
     "recall": 0.7764705882352941,
     "f1-score": 0.8148148148148148,
     "support": 85.0
    },
    "2": {
     "precision": 0.9368863955119214,
     "recall": 0.9570200573065902,
     "f1-score": 0.9468462083628633,
     "support": 698.0
    },
    "3": {
     "precision": 0.8685208596713021,
     "recall": 0.9063324538258575,
     "f1-score": 0.8870238863783085,
     "support": 758.0
    },
    "4": {
     "precision": 0.8088235294117647,
     "recall": 0.6111111111111112,
     "f1-score": 0.6962025316455697,
     "support": 180.0
    },
    "5": {
     "precision": 0.9190031152647975,
     "recall": 0.913312693498452,
     "f1-score": 0.9161490683229814,
     "support": 323.0
    },
    "6": {
     "precision": 0.8461538461538461,
     "recall": 0.868421052631579,
     "f1-score": 0.8571428571428571,
     "support": 76.0
    },
    "7": {
     "precision": 0.125,
     "recall": 0.2,
     "f1-score": 0.15384615384615385,
     "support": 5.0
    },
    "8": {
     "precision": 0.6153846153846154,
     "recall": 0.6233766233766234,
     "f1-score": 0.6193548387096774,
     "support": 77.0
    },
    "9": {
     "precision": 0.75,
     "recall": 0.5294117647058824,
     "f1-score": 0.6206896551724138,
     "support": 17.0
    },
    "10": {
     "precision": 0.2,
     "recall": 0.14285714285714285,
     "f1-score": 0.16666666666666666,
     "support": 7.0
    },
    "11": {
     "precision": 0.5230769230769231,
     "recall": 0.6538461538461539,
     "f1-score": 0.5811965811965812,
     "support": 52.0
    },
    "12": {
     "precision": 0.125,
     "recall": 0.25,
     "f1-score": 0.16666666666666666,
     "support": 4.0
    },
    "13": {
     "precision": 0.0,
     "recall": 0.0,
     "f1-score": 0.0,
     "support": 2.0
    },
    "accuracy": 0.8755348113574485,
    "macro avg": {
     "precision": 0.608915209296321,
     "recall": 0.5968217563664199,
     "f1-score": 0.597356834903062,
     "support": 2571.0
    },
    "weighted avg": {
     "precision": 0.8768318841231074,
     "recall": 0.8755348113574485,
     "f1-score": 0.8746440671182069,
     "support": 2571.0
    }
   }
  }
 }
}