{
 "dataset": "common_class",
 "n_samples": 27499,
 "n_features": 1089,
 "n_classes": 19,
 "n_train": 16361,
 "n_test": 8250,
 "transformer_params": 297024,
 "total_params": 613095,
 "config": {
  "heads": [
   "cell_type"
  ],
  "cohorts": null,
  "n_hvg": null,
  "n_channels": 1,
  "batch_size": 128,
  "val_frac": 0.15,
  "test_frac": 0.15,
  "d_model": 192,
  "n_heads": 4,
  "d_ff": 384,
  "dropout": 0.1,
  "n_markers": 128,
  "marker_mode": "router",
  "pathway_pool": "mean",
  "compress_mode": "aggregate",
  "recursive_marker_refine": true,
  "peak_init": true,
  "anneal_markers": true,
  "recursion_depth": 4,
  "share_weights": true,
  "share_strategy": "cycle",
  "n_unique_blocks": null,
  "step_cache": false,
  "adaptive_depth": false,
  "marker_ffn": false,
  "recursion_mode": "fixed",
  "router_capacity": null,
  "router_alpha": 1.0,
  "router_temp": 1.0,
  "router_type": "linear",
  "router_z_coeff": 0.001,
  "router_balance_coeff": 0.1,
  "gene_interaction": "none",
  "interaction_knn": 16,
  "router_prior_beta": 1.0,
  "router_prior_anneal": true,
  "pathway_attn_bias": false,
  "pathway_attn_lambda": 2.0,
  "lambda_marker": 0.1,
  "gamma_diversity": 0.05,
  "beta_compression": 0.01,
  "lr": 0.001,
  "weight_decay": 1e-05,
  "epochs": 80,
  "patience": 12,
  "seed": 0,
  "device": "cuda"
 },
 "heads": {
  "cell_type": {
   "accuracy": 0.7826666666666666,
   "macro_f1": 0.6206839256995109,
   "weighted_f1": 0.7879206125042696,
   "per_class": {
    "0": {
     "precision": 0.6818181818181818,
     "recall": 0.7894736842105263,
     "f1-score": 0.7317073170731707,
     "support": 76.0
    },
    "1": {
     "precision": 0.5742857142857143,
     "recall": 0.6146788990825688,
     "f1-score": 0.5937961595273265,
     "support": 327.0
    },
    "2": {
     "precision": 0.6423611111111112,
     "recall": 0.7773109243697479,
     "f1-score": 0.7034220532319392,
     "support": 238.0
    },
    "3": {
     "precision": 0.6611111111111111,
     "recall": 0.7125748502994012,
     "f1-score": 0.6858789625360231,
     "support": 167.0
    },
    "4": {
     "precision": 0.7430555555555556,
     "recall": 0.66875,
     "f1-score": 0.7039473684210527,
     "support": 160.0
    },
    "5": {
     "precision": 0.6298701298701299,
     "recall": 0.7918367346938775,
     "f1-score": 0.701627486437613,
     "support": 245.0
    },
    "6": {
     "precision": 0.4158415841584158,
     "recall": 0.35294117647058826,
     "f1-score": 0.38181818181818183,
     "support": 119.0
    },
    "7": {
     "precision": 0.7809330628803245,
     "recall": 0.5737704918032787,
     "f1-score": 0.6615120274914089,
     "support": 671.0
    },
    "8": {
     "precision": 0.5241935483870968,
     "recall": 0.4513888888888889,
     "f1-score": 0.48507462686567165,
     "support": 144.0
    },
    "9": {
     "precision": 0.532608695652174,
     "recall": 0.7135922330097088,
     "f1-score": 0.6099585062240664,
     "support": 412.0
    },
    "10": {
     "precision": 0.40487804878048783,
     "recall": 0.5,
     "f1-score": 0.4474393530997305,
     "support": 166.0
    },
    "11": {
     "precision": 0.7850098619329389,
     "recall": 0.7788649706457925,
     "f1-score": 0.7819253438113949,
     "support": 511.0
    },
    "12": {
     "precision": 0.6673306772908366,
     "recall": 0.634469696969697,
     "f1-score": 0.6504854368932039,
     "support": 528.0
    },
    "13": {
     "precision": 0.22522522522522523,
     "recall": 0.26595744680851063,
     "f1-score": 0.24390243902439024,
     "support": 94.0
    },
    "14": {
     "precision": 0.6666666666666666,
     "recall": 0.2857142857142857,
     "f1-score": 0.4,
     "support": 14.0
    },
    "15": {
     "precision": 0.3310580204778157,
     "recall": 0.48258706467661694,
     "f1-score": 0.39271255060728744,
     "support": 201.0
    },
    "16": {
     "precision": 0.9738636363636364,
     "recall": 0.9694570135746606,
     "f1-score": 0.971655328798186,
     "support": 884.0
    },
    "17": {
     "precision": 0.9691257718557036,
     "recall": 0.9130434782608695,
     "f1-score": 0.9402490934888854,
     "support": 3266.0
    },
    "18": {
     "precision": 0.5853658536585366,
     "recall": 0.8888888888888888,
     "f1-score": 0.7058823529411765,
     "support": 27.0
    },
    "accuracy": 0.7826666666666666,
    "macro avg": {
     "precision": 0.620768550372719,
     "recall": 0.640278985703574,
     "f1-score": 0.6206839256995109,
     "support": 8250.0
    },
    "weighted avg": {
     "precision": 0.8005002098946704,
     "recall": 0.7826666666666666,
     "f1-score": 0.7879206125042696,
     "support": 8250.0
    }
   }
  }
 }
}