{
 "dataset": "Segerstolpe",
 "mode": "learned",
 "K": 4,
 "seed": 8,
 "test_macro_f1": 74.27127949391496,
 "test_accuracy": 92.64475743348983,
 "n_features": 2000,
 "n_classes": 11,
 "n_samples": 2127,
 "learned_lambda": 0.22867301106452942
}