{
 "dataset": "Segerstolpe",
 "mode": "learned",
 "K": 4,
 "seed": 0,
 "test_macro_f1": 61.2174820401446,
 "test_accuracy": 88.57589984350548,
 "n_features": 2000,
 "n_classes": 11,
 "n_samples": 2127,
 "learned_lambda": 0.22466802597045898
}