{
 "dataset": "Segerstolpe",
 "mode": "learned_bio",
 "K": 4,
 "seed": 1,
 "test_macro_f1": 67.76986654749885,
 "test_accuracy": 91.07981220657277,
 "n_features": 2000,
 "n_classes": 11,
 "n_samples": 2127,
 "learned_lambda": 0.22620704770088196
}