{
 "dataset": "Segerstolpe",
 "mode": "learned_bio",
 "K": 4,
 "seed": 4,
 "test_macro_f1": 76.37091976860847,
 "test_accuracy": 96.55712050078247,
 "n_features": 2000,
 "n_classes": 11,
 "n_samples": 2127,
 "learned_lambda": 0.2230069488286972
}