{
 "dataset": "Segerstolpe",
 "mode": "learned_bio",
 "K": 4,
 "seed": 7,
 "test_macro_f1": 66.44716764416752,
 "test_accuracy": 83.8810641627543,
 "n_features": 2000,
 "n_classes": 11,
 "n_samples": 2127,
 "learned_lambda": 0.21851183474063873
}