{
 "dataset": "Segerstolpe",
 "mode": "learned",
 "K": 4,
 "seed": 1,
 "test_macro_f1": 69.62029567402301,
 "test_accuracy": 93.58372456964005,
 "n_features": 2000,
 "n_classes": 11,
 "n_samples": 2127,
 "learned_lambda": 0.22253060340881348
}