{
 "dataset": "Segerstolpe",
 "mode": "learned_bio",
 "K": 4,
 "seed": 9,
 "test_macro_f1": 76.28385529262478,
 "test_accuracy": 95.61815336463224,
 "n_features": 2000,
 "n_classes": 11,
 "n_samples": 2127,
 "learned_lambda": 0.2244589626789093
}