{
 "dataset": "Segerstolpe",
 "mode": "learned_bio",
 "K": 4,
 "seed": 5,
 "test_macro_f1": 75.0459252433238,
 "test_accuracy": 93.74021909233177,
 "n_features": 2000,
 "n_classes": 11,
 "n_samples": 2127,
 "learned_lambda": 0.22786545753479004
}