{
 "dataset": "Segerstolpe",
 "mode": "learned",
 "K": 4,
 "seed": 4,
 "test_macro_f1": 69.12442398403346,
 "test_accuracy": 88.88888888888889,
 "n_features": 2000,
 "n_classes": 11,
 "n_samples": 2127,
 "learned_lambda": 0.21997445821762085
}