{
 "dataset": "Segerstolpe",
 "mode": "learned",
 "K": 4,
 "seed": 7,
 "test_macro_f1": 71.73840645432358,
 "test_accuracy": 85.75899843505478,
 "n_features": 2000,
 "n_classes": 11,
 "n_samples": 2127,
 "learned_lambda": 0.21892660856246948
}