{
 "dataset": "Segerstolpe",
 "mode": "learned_bio",
 "K": 4,
 "seed": 8,
 "test_macro_f1": 71.40323382428367,
 "test_accuracy": 89.358372456964,
 "n_features": 2000,
 "n_classes": 11,
 "n_samples": 2127,
 "learned_lambda": 0.22865226864814758
}