{
 "dataset": "Segerstolpe",
 "mode": "learned",
 "K": 4,
 "seed": 6,
 "test_macro_f1": 67.20204978920582,
 "test_accuracy": 88.41940532081377,
 "n_features": 2000,
 "n_classes": 11,
 "n_samples": 2127,
 "learned_lambda": 0.22202391922473907
}