{
 "dataset": "Segerstolpe",
 "mode": "learned_bio",
 "K": 4,
 "seed": 3,
 "test_macro_f1": 61.982457705322666,
 "test_accuracy": 77.46478873239437,
 "n_features": 2000,
 "n_classes": 11,
 "n_samples": 2127,
 "learned_lambda": 0.21734771132469177
}