{
 "dataset": "Segerstolpe",
 "mode": "learned_bio",
 "K": 4,
 "seed": 0,
 "test_macro_f1": 59.99907207402635,
 "test_accuracy": 87.79342723004694,
 "n_features": 2000,
 "n_classes": 11,
 "n_samples": 2127,
 "learned_lambda": 0.2261924296617508
}