{
 "dataset": "Segerstolpe",
 "mode": "learned",
 "K": 4,
 "seed": 5,
 "test_macro_f1": 74.41283009333009,
 "test_accuracy": 93.27073552425665,
 "n_features": 2000,
 "n_classes": 11,
 "n_samples": 2127,
 "learned_lambda": 0.2259339839220047
}