{
 "dataset": "Segerstolpe",
 "mode": "learned_bio",
 "K": 4,
 "seed": 6,
 "test_macro_f1": 68.3349697485778,
 "test_accuracy": 89.04538341158059,
 "n_features": 2000,
 "n_classes": 11,
 "n_samples": 2127,
 "learned_lambda": 0.22366875410079956
}