{
 "dataset": "Segerstolpe",
 "mode": "learned_bio",
 "K": 4,
 "seed": 2,
 "test_macro_f1": 73.72921007522606,
 "test_accuracy": 91.8622848200313,
 "n_features": 2000,
 "n_classes": 11,
 "n_samples": 2127,
 "learned_lambda": 0.2251051962375641
}