{
 "dataset": "Segerstolpe",
 "mode": "learned",
 "K": 4,
 "seed": 3,
 "test_macro_f1": 67.70436167929188,
 "test_accuracy": 88.26291079812206,
 "n_features": 2000,
 "n_classes": 11,
 "n_samples": 2127,
 "learned_lambda": 0.21730740368366241
}