{
 "dataset": "Segerstolpe",
 "mode": "learned",
 "K": 4,
 "seed": 9,
 "test_macro_f1": 80.11666739088024,
 "test_accuracy": 91.8622848200313,
 "n_features": 2000,
 "n_classes": 11,
 "n_samples": 2127,
 "learned_lambda": 0.2194320261478424
}