{
 "dataset": "Segerstolpe",
 "mode": "learned",
 "K": 4,
 "seed": 2,
 "test_macro_f1": 78.42598672667617,
 "test_accuracy": 94.99217527386541,
 "n_features": 2000,
 "n_classes": 11,
 "n_samples": 2127,
 "learned_lambda": 0.22551631927490234
}