{
 "dataset": "Segerstolpe",
 "mode": "none",
 "K": 4,
 "seed": 7,
 "test_macro_f1": 48.46950091880762,
 "test_accuracy": 58.37245696400626,
 "n_features": 2000,
 "n_classes": 11,
 "n_samples": 2127
}