{
 "dataset": "Segerstolpe",
 "mode": "none",
 "K": 4,
 "seed": 0,
 "test_macro_f1": 54.99245922087789,
 "test_accuracy": 80.75117370892019,
 "n_features": 2000,
 "n_classes": 11,
 "n_samples": 2127
}