{
 "dataset": "Segerstolpe",
 "mode": "none",
 "K": 4,
 "seed": 1,
 "test_macro_f1": 58.0755695017404,
 "test_accuracy": 77.62128325508607,
 "n_features": 2000,
 "n_classes": 11,
 "n_samples": 2127
}