{
 "dataset": "Segerstolpe",
 "mode": "none",
 "K": 4,
 "seed": 9,
 "test_macro_f1": 42.324804916485675,
 "test_accuracy": 63.53677621283255,
 "n_features": 2000,
 "n_classes": 11,
 "n_samples": 2127
}