{
 "dataset": "Segerstolpe",
 "mode": "none",
 "K": 4,
 "seed": 6,
 "test_macro_f1": 53.91947246994656,
 "test_accuracy": 73.23943661971832,
 "n_features": 2000,
 "n_classes": 11,
 "n_samples": 2127
}