{
 "dataset": "Segerstolpe",
 "mode": "none",
 "K": 4,
 "seed": 8,
 "test_macro_f1": 62.73250000928762,
 "test_accuracy": 74.64788732394366,
 "n_features": 2000,
 "n_classes": 11,
 "n_samples": 2127
}