{
 "dataset": "Segerstolpe",
 "mode": "none",
 "K": 4,
 "seed": 2,
 "test_macro_f1": 49.83406683657598,
 "test_accuracy": 77.77777777777779,
 "n_features": 2000,
 "n_classes": 11,
 "n_samples": 2127
}