{
 "dataset": "Segerstolpe",
 "mode": "none",
 "K": 4,
 "seed": 5,
 "test_macro_f1": 65.44881143831326,
 "test_accuracy": 81.84663536776213,
 "n_features": 2000,
 "n_classes": 11,
 "n_samples": 2127
}