{
 "dataset": "Segerstolpe",
 "mode": "none",
 "K": 4,
 "seed": 4,
 "test_macro_f1": 62.5949110912956,
 "test_accuracy": 78.09076682316119,
 "n_features": 2000,
 "n_classes": 11,
 "n_samples": 2127
}