{
 "dataset": "Segerstolpe",
 "mode": "random",
 "K": 4,
 "seed": 1,
 "test_macro_f1": 49.690855326588874,
 "test_accuracy": 70.2660406885759,
 "n_features": 2000,
 "n_classes": 11,
 "n_samples": 2127
}