{
 "dataset": "Segerstolpe",
 "mode": "random",
 "K": 4,
 "seed": 9,
 "test_macro_f1": 59.763796010838824,
 "test_accuracy": 71.51799687010954,
 "n_features": 2000,
 "n_classes": 11,
 "n_samples": 2127
}