{
 "dataset": "Segerstolpe",
 "mode": "random",
 "K": 4,
 "seed": 6,
 "test_macro_f1": 45.73311720493347,
 "test_accuracy": 66.97965571205008,
 "n_features": 2000,
 "n_classes": 11,
 "n_samples": 2127
}