{
 "dataset": "Segerstolpe",
 "mode": "random",
 "K": 4,
 "seed": 7,
 "test_macro_f1": 41.36971866168563,
 "test_accuracy": 59.780907668231606,
 "n_features": 2000,
 "n_classes": 11,
 "n_samples": 2127
}