{
 "dataset": "Segerstolpe",
 "mode": "random",
 "K": 4,
 "seed": 3,
 "test_macro_f1": 41.752804243142116,
 "test_accuracy": 59.154929577464785,
 "n_features": 2000,
 "n_classes": 11,
 "n_samples": 2127
}