{
 "dataset": "Segerstolpe",
 "mode": "random",
 "K": 4,
 "seed": 0,
 "test_macro_f1": 54.78698041801853,
 "test_accuracy": 66.82316118935837,
 "n_features": 2000,
 "n_classes": 11,
 "n_samples": 2127
}