{
 "dataset": "Segerstolpe",
 "mode": "random",
 "K": 4,
 "seed": 2,
 "test_macro_f1": 38.699671417945346,
 "test_accuracy": 61.97183098591549,
 "n_features": 2000,
 "n_classes": 11,
 "n_samples": 2127
}