{
 "dataset": "Segerstolpe",
 "mode": "random",
 "K": 4,
 "seed": 5,
 "test_macro_f1": 50.301969124620705,
 "test_accuracy": 78.71674491392801,
 "n_features": 2000,
 "n_classes": 11,
 "n_samples": 2127
}