{
 "dataset": "Segerstolpe",
 "mode": "random",
 "K": 4,
 "seed": 8,
 "test_macro_f1": 40.36278869997509,
 "test_accuracy": 32.3943661971831,
 "n_features": 2000,
 "n_classes": 11,
 "n_samples": 2127
}