{
 "dataset": "Segerstolpe",
 "mode": "random",
 "K": 4,
 "seed": 4,
 "test_macro_f1": 72.18389070123793,
 "test_accuracy": 76.21283255086072,
 "n_features": 2000,
 "n_classes": 11,
 "n_samples": 2127
}