{
 "dataset": "Segerstolpe",
 "mode": "learned",
 "K": 4,
 "seed": 0,
 "n_markers": 2000,
 "test_macro_f1": 69.57333674779437,
 "test_accuracy": 88.88888888888889,
 "n_features": 2000,
 "n_classes": 11,
 "n_samples": 2127,
 "learned_lambda": 0.22856023907661438
}