{
 "dataset": "Segerstolpe",
 "mode": "learned",
 "K": 4,
 "seed": 1,
 "n_markers": 2000,
 "test_macro_f1": 63.72404012639413,
 "test_accuracy": 85.60250391236308,
 "n_features": 2000,
 "n_classes": 11,
 "n_samples": 2127,
 "learned_lambda": 0.23188923299312592
}