{
 "dataset": "Segerstolpe",
 "mode": "learned",
 "K": 4,
 "seed": 2,
 "n_markers": 2000,
 "test_macro_f1": 71.5165618727553,
 "test_accuracy": 93.11424100156495,
 "n_features": 2000,
 "n_classes": 11,
 "n_samples": 2127,
 "learned_lambda": 0.22159869968891144
}