{
 "dataset": "baron",
 "n_samples": 8569,
 "n_features": 1936,
 "n_classes": 14,
 "n_train": 5098,
 "n_test": 2571,
 "transformer_params": 75168,
 "total_params": 273533,
 "config": {
  "heads": [
   "cell_type"
  ],
  "cohorts": null,
  "n_hvg": null,
  "n_channels": 1,
  "batch_size": 128,
  "val_frac": 0.15,
  "test_frac": 0.15,
  "d_model": 96,
  "n_heads": 4,
  "d_ff": 192,
  "dropout": 0.1,
  "n_markers": 128,
  "marker_mode": "variance",
  "pathway_pool": "mean",
  "compress_mode": "aggregate",
  "recursive_marker_refine": true,
  "peak_init": true,
  "anneal_markers": true,
  "recursion_depth": 4,
  "share_weights": true,
  "share_strategy": "cycle",
  "n_unique_blocks": null,
  "step_cache": false,
  "adaptive_depth": false,
  "marker_ffn": false,
  "recursion_mode": "expert",
  "router_capacity": null,
  "router_alpha": 1.0,
  "router_temp": 1.0,
  "router_type": "linear",
  "router_z_coeff": 0.001,
  "router_balance_coeff": 0.1,
  "gene_interaction": "none",
  "interaction_knn": 16,
  "router_prior_beta": 1.0,
  "router_prior_anneal": true,
  "pathway_attn_bias": false,
  "pathway_attn_lambda": 2.0,
  "lambda_marker": 0.1,
  "gamma_diversity": 0.05,
  "beta_compression": 0.01,
  "lr": 0.001,
  "weight_decay": 1e-05,
  "epochs": 150,
  "patience": 12,
  "seed": 0,
  "device": "cuda"
 },
 "heads": {
  "cell_type": {
   "accuracy": 0.9167639050952937,
   "macro_f1": 0.7334669672121727,
   "weighted_f1": 0.9215435841022113,
   "per_class": {
    "0": {
     "precision": 0.9621993127147767,
     "recall": 0.975609756097561,
     "f1-score": 0.9688581314878892,
     "support": 287.0
    },
    "1": {
     "precision": 0.8409090909090909,
     "recall": 0.8705882352941177,
     "f1-score": 0.8554913294797688,
     "support": 85.0
    },
    "2": {
     "precision": 0.9717261904761905,
     "recall": 0.9355300859598854,
     "f1-score": 0.9532846715328467,
     "support": 698.0
    },
    "3": {
     "precision": 0.9633802816901409,
     "recall": 0.9023746701846965,
     "f1-score": 0.9318801089918256,
     "support": 758.0
    },
    "4": {
     "precision": 0.850828729281768,
     "recall": 0.8555555555555555,
     "f1-score": 0.853185595567867,
     "support": 180.0
    },
    "5": {
     "precision": 0.9629629629629629,
     "recall": 0.9659442724458205,
     "f1-score": 0.964451313755796,
     "support": 323.0
    },
    "6": {
     "precision": 0.8961038961038961,
     "recall": 0.9078947368421053,
     "f1-score": 0.9019607843137255,
     "support": 76.0
    },
    "7": {
     "precision": 0.1,
     "recall": 0.4,
     "f1-score": 0.16,
     "support": 5.0
    },
    "8": {
     "precision": 0.576271186440678,
     "recall": 0.8831168831168831,
     "f1-score": 0.6974358974358974,
     "support": 77.0
    },
    "9": {
     "precision": 0.75,
     "recall": 0.7058823529411765,
     "f1-score": 0.7272727272727273,
     "support": 17.0
    },
    "10": {
     "precision": 0.46153846153846156,
     "recall": 0.8571428571428571,
     "f1-score": 0.6,
     "support": 7.0
    },
    "11": {
     "precision": 0.7407407407407407,
     "recall": 0.7692307692307693,
     "f1-score": 0.7547169811320755,
     "support": 52.0
    },
    "12": {
     "precision": 0.5,
     "recall": 0.5,
     "f1-score": 0.5,
     "support": 4.0
    },
    "13": {
     "precision": 0.3333333333333333,
     "recall": 0.5,
     "f1-score": 0.4,
     "support": 2.0
    },
    "accuracy": 0.9167639050952937,
    "macro avg": {
     "precision": 0.7078567275851457,
     "recall": 0.7877764410579592,
     "f1-score": 0.7334669672121727,
     "support": 2571.0
    },
    "weighted avg": {
     "precision": 0.9297800661740412,
     "recall": 0.9167639050952937,
     "f1-score": 0.9215435841022113,
     "support": 2571.0
    }
   }
  }
 }
}