{
 "dataset": "common_class",
 "n_samples": 27499,
 "n_features": 1089,
 "n_classes": 19,
 "n_train": 16361,
 "n_test": 8250,
 "transformer_params": 75168,
 "total_params": 193191,
 "config": {
  "heads": [
   "cell_type"
  ],
  "cohorts": null,
  "n_hvg": null,
  "n_channels": 1,
  "batch_size": 128,
  "val_frac": 0.15,
  "test_frac": 0.15,
  "d_model": 96,
  "n_heads": 4,
  "d_ff": 192,
  "dropout": 0.1,
  "n_markers": 128,
  "marker_mode": "variance",
  "pathway_pool": "mean",
  "compress_mode": "aggregate",
  "recursive_marker_refine": true,
  "peak_init": true,
  "anneal_markers": true,
  "recursion_depth": 4,
  "share_weights": true,
  "adaptive_depth": false,
  "marker_ffn": false,
  "recursion_mode": "expert",
  "router_capacity": null,
  "router_alpha": 1.0,
  "router_temp": 1.0,
  "router_type": "linear",
  "router_z_coeff": 0.001,
  "router_balance_coeff": 0.1,
  "gene_interaction": "none",
  "interaction_knn": 16,
  "router_prior_beta": 1.0,
  "router_prior_anneal": true,
  "pathway_attn_bias": false,
  "pathway_attn_lambda": 2.0,
  "lambda_marker": 0.1,
  "gamma_diversity": 0.05,
  "beta_compression": 0.01,
  "lr": 0.001,
  "weight_decay": 1e-05,
  "epochs": 150,
  "patience": 15,
  "seed": 0,
  "device": "cuda"
 },
 "heads": {
  "cell_type": {
   "accuracy": 0.849939393939394,
   "macro_f1": 0.7448954311226661,
   "weighted_f1": 0.8504791259574311,
   "per_class": {
    "0": {
     "precision": 0.8428571428571429,
     "recall": 0.7763157894736842,
     "f1-score": 0.8082191780821918,
     "support": 76.0
    },
    "1": {
     "precision": 0.6774193548387096,
     "recall": 0.7064220183486238,
     "f1-score": 0.6916167664670658,
     "support": 327.0
    },
    "2": {
     "precision": 0.8024691358024691,
     "recall": 0.5462184873949579,
     "f1-score": 0.65,
     "support": 238.0
    },
    "3": {
     "precision": 0.6778846153846154,
     "recall": 0.844311377245509,
     "f1-score": 0.752,
     "support": 167.0
    },
    "4": {
     "precision": 0.7790697674418605,
     "recall": 0.8375,
     "f1-score": 0.8072289156626506,
     "support": 160.0
    },
    "5": {
     "precision": 0.7745098039215687,
     "recall": 0.6448979591836734,
     "f1-score": 0.7037861915367484,
     "support": 245.0
    },
    "6": {
     "precision": 0.5053191489361702,
     "recall": 0.7983193277310925,
     "f1-score": 0.6188925081433225,
     "support": 119.0
    },
    "7": {
     "precision": 0.8376623376623377,
     "recall": 0.7690014903129657,
     "f1-score": 0.8018648018648019,
     "support": 671.0
    },
    "8": {
     "precision": 0.6363636363636364,
     "recall": 0.6319444444444444,
     "f1-score": 0.6341463414634146,
     "support": 144.0
    },
    "9": {
     "precision": 0.715,
     "recall": 0.6941747572815534,
     "f1-score": 0.7044334975369458,
     "support": 412.0
    },
    "10": {
     "precision": 0.6424870466321243,
     "recall": 0.7469879518072289,
     "f1-score": 0.6908077994428969,
     "support": 166.0
    },
    "11": {
     "precision": 0.8529411764705882,
     "recall": 0.7945205479452054,
     "f1-score": 0.8226950354609929,
     "support": 511.0
    },
    "12": {
     "precision": 0.7049924357034796,
     "recall": 0.8825757575757576,
     "f1-score": 0.783851976450799,
     "support": 528.0
    },
    "13": {
     "precision": 0.5398230088495575,
     "recall": 0.648936170212766,
     "f1-score": 0.5893719806763285,
     "support": 94.0
    },
    "14": {
     "precision": 0.8,
     "recall": 0.8571428571428571,
     "f1-score": 0.8275862068965517,
     "support": 14.0
    },
    "15": {
     "precision": 0.5411764705882353,
     "recall": 0.4577114427860697,
     "f1-score": 0.49595687331536387,
     "support": 201.0
    },
    "16": {
     "precision": 0.9797979797979798,
     "recall": 0.9875565610859729,
     "f1-score": 0.9836619718309859,
     "support": 884.0
    },
    "17": {
     "precision": 0.9728379644083671,
     "recall": 0.9540722596448254,
     "f1-score": 0.9633637347348895,
     "support": 3266.0
    },
    "18": {
     "precision": 0.875,
     "recall": 0.7777777777777778,
     "f1-score": 0.8235294117647058,
     "support": 27.0
    },
    "accuracy": 0.849939393939394,
    "macro avg": {
     "precision": 0.7451374224030969,
     "recall": 0.7555993145997351,
     "f1-score": 0.7448954311226661,
     "support": 8250.0
    },
    "weighted avg": {
     "precision": 0.8563771307818635,
     "recall": 0.849939393939394,
     "f1-score": 0.8504791259574311,
     "support": 8250.0
    }
   }
  }
 }
}