{
 "dataset": "tabula_muris",
 "n_samples": 54865,
 "n_features": 1089,
 "n_classes": 55,
 "n_train": 32645,
 "n_test": 16458,
 "transformer_params": 75168,
 "total_params": 200175,
 "config": {
  "heads": [
   "cell_type"
  ],
  "cohorts": null,
  "n_hvg": null,
  "n_channels": 1,
  "batch_size": 128,
  "val_frac": 0.15,
  "test_frac": 0.15,
  "d_model": 96,
  "n_heads": 4,
  "d_ff": 192,
  "dropout": 0.1,
  "n_markers": 128,
  "marker_mode": "variance",
  "compress_mode": "aggregate",
  "recursive_marker_refine": true,
  "peak_init": true,
  "anneal_markers": true,
  "recursion_depth": 4,
  "share_weights": true,
  "adaptive_depth": false,
  "marker_ffn": false,
  "recursion_mode": "expert",
  "router_capacity": null,
  "router_alpha": 1.0,
  "router_temp": 1.0,
  "router_type": "linear",
  "router_z_coeff": 0.001,
  "router_balance_coeff": 0.1,
  "gene_interaction": "none",
  "interaction_knn": 16,
  "router_prior_beta": 1.0,
  "router_prior_anneal": true,
  "lambda_marker": 0.1,
  "gamma_diversity": 0.05,
  "beta_compression": 0.01,
  "lr": 0.001,
  "weight_decay": 1e-05,
  "epochs": 150,
  "patience": 15,
  "seed": 0,
  "device": "cuda"
 },
 "heads": {
  "cell_type": {
   "accuracy": 0.8437234171831328,
   "macro_f1": 0.7504871241887457,
   "weighted_f1": 0.8444729285897461,
   "per_class": {
    "0": {
     "precision": 0.9583683767872162,
     "recall": 0.9159967845659164,
     "f1-score": 0.9367036580353473,
     "support": 2488.0
    },
    "1": {
     "precision": 0.043010752688172046,
     "recall": 0.3076923076923077,
     "f1-score": 0.07547169811320754,
     "support": 13.0
    },
    "2": {
     "precision": 0.6071428571428571,
     "recall": 0.85,
     "f1-score": 0.7083333333333334,
     "support": 20.0
    },
    "3": {
     "precision": 0.45454545454545453,
     "recall": 0.45454545454545453,
     "f1-score": 0.45454545454545453,
     "support": 11.0
    },
    "4": {
     "precision": 0.9059304703476483,
     "recall": 0.6696900982615268,
     "f1-score": 0.7700999565406345,
     "support": 1323.0
    },
    "5": {
     "precision": 1.0,
     "recall": 0.9423076923076923,
     "f1-score": 0.9702970297029703,
     "support": 104.0
    },
    "6": {
     "precision": 0.8740740740740741,
     "recall": 1.0,
     "f1-score": 0.932806324110672,
     "support": 118.0
    },
    "7": {
     "precision": 0.9836065573770492,
     "recall": 0.9495101733232856,
     "f1-score": 0.9662576687116564,
     "support": 1327.0
    },
    "8": {
     "precision": 0.8095238095238095,
     "recall": 0.9444444444444444,
     "f1-score": 0.8717948717948718,
     "support": 18.0
    },
    "9": {
     "precision": 0.9502762430939227,
     "recall": 0.9529085872576177,
     "f1-score": 0.9515905947441217,
     "support": 361.0
    },
    "10": {
     "precision": 0.9943181818181818,
     "recall": 1.0,
     "f1-score": 0.9971509971509972,
     "support": 350.0
    },
    "11": {
     "precision": 0.684085510688836,
     "recall": 0.8421052631578947,
     "f1-score": 0.7549148099606815,
     "support": 342.0
    },
    "12": {
     "precision": 1.0,
     "recall": 1.0,
     "f1-score": 1.0,
     "support": 18.0
    },
    "13": {
     "precision": 1.0,
     "recall": 0.8666666666666667,
     "f1-score": 0.9285714285714286,
     "support": 15.0
    },
    "14": {
     "precision": 0.52,
     "recall": 0.5416666666666666,
     "f1-score": 0.5306122448979592,
     "support": 48.0
    },
    "15": {
     "precision": 0.375,
     "recall": 0.23076923076923078,
     "f1-score": 0.2857142857142857,
     "support": 13.0
    },
    "16": {
     "precision": 0.8333333333333334,
     "recall": 0.625,
     "f1-score": 0.7142857142857143,
     "support": 8.0
    },
    "17": {
     "precision": 0.95,
     "recall": 1.0,
     "f1-score": 0.9743589743589743,
     "support": 19.0
    },
    "18": {
     "precision": 0.7916666666666666,
     "recall": 1.0,
     "f1-score": 0.8837209302325582,
     "support": 19.0
    },
    "19": {
     "precision": 0.924822695035461,
     "recall": 0.7643610785463072,
     "f1-score": 0.8369704749679076,
     "support": 853.0
    },
    "20": {
     "precision": 1.0,
     "recall": 0.75,
     "f1-score": 0.8571428571428571,
     "support": 8.0
    },
    "21": {
     "precision": 0.9003831417624522,
     "recall": 0.9003831417624522,
     "f1-score": 0.9003831417624522,
     "support": 261.0
    },
    "22": {
     "precision": 0.625,
     "recall": 0.7608695652173914,
     "f1-score": 0.6862745098039216,
     "support": 46.0
    },
    "23": {
     "precision": 0.7916666666666666,
     "recall": 0.8382352941176471,
     "f1-score": 0.8142857142857143,
     "support": 68.0
    },
    "24": {
     "precision": 0.9082969432314411,
     "recall": 0.9541284403669725,
     "f1-score": 0.930648769574944,
     "support": 218.0
    },
    "25": {
     "precision": 0.9210526315789473,
     "recall": 0.9292035398230089,
     "f1-score": 0.9251101321585903,
     "support": 113.0
    },
    "26": {
     "precision": 0.8048780487804879,
     "recall": 0.8389830508474576,
     "f1-score": 0.8215767634854771,
     "support": 118.0
    },
    "27": {
     "precision": 1.0,
     "recall": 0.994328922495274,
     "f1-score": 0.9971563981042654,
     "support": 529.0
    },
    "28": {
     "precision": 0.14545454545454545,
     "recall": 0.7058823529411765,
     "f1-score": 0.24120603015075376,
     "support": 34.0
    },
    "29": {
     "precision": 0.6413223140495867,
     "recall": 0.9556650246305419,
     "f1-score": 0.7675568743818002,
     "support": 406.0
    },
    "30": {
     "precision": 0.9356178608515057,
     "recall": 0.9761646803900325,
     "f1-score": 0.9554612937433722,
     "support": 923.0
    },
    "31": {
     "precision": 0.6862745098039216,
     "recall": 0.8898305084745762,
     "f1-score": 0.7749077490774908,
     "support": 118.0
    },
    "32": {
     "precision": 0.0967741935483871,
     "recall": 0.21428571428571427,
     "f1-score": 0.13333333333333333,
     "support": 14.0
    },
    "33": {
     "precision": 0.8412698412698413,
     "recall": 0.7969924812030075,
     "f1-score": 0.8185328185328186,
     "support": 133.0
    },
    "34": {
     "precision": 0.84375,
     "recall": 0.9574468085106383,
     "f1-score": 0.8970099667774086,
     "support": 141.0
    },
    "35": {
     "precision": 0.9833333333333333,
     "recall": 0.9860724233983287,
     "f1-score": 0.9847009735744089,
     "support": 359.0
    },
    "36": {
     "precision": 0.8555555555555555,
     "recall": 0.9746835443037974,
     "f1-score": 0.9112426035502958,
     "support": 79.0
    },
    "37": {
     "precision": 0.3235294117647059,
     "recall": 0.4536082474226804,
     "f1-score": 0.3776824034334764,
     "support": 97.0
    },
    "38": {
     "precision": 0.9574468085106383,
     "recall": 0.9782608695652174,
     "f1-score": 0.967741935483871,
     "support": 138.0
    },
    "39": {
     "precision": 0.624390243902439,
     "recall": 0.920863309352518,
     "f1-score": 0.7441860465116279,
     "support": 139.0
    },
    "40": {
     "precision": 0.5416666666666666,
     "recall": 0.29545454545454547,
     "f1-score": 0.38235294117647056,
     "support": 396.0
    },
    "41": {
     "precision": 0.42857142857142855,
     "recall": 0.8571428571428571,
     "f1-score": 0.5714285714285714,
     "support": 7.0
    },
    "42": {
     "precision": 0.7222222222222222,
     "recall": 0.8666666666666667,
     "f1-score": 0.7878787878787878,
     "support": 15.0
    },
    "43": {
     "precision": 0.9756733275412685,
     "recall": 0.9541206457094308,
     "f1-score": 0.9647766323024055,
     "support": 2354.0
    },
    "44": {
     "precision": 0.3847953216374269,
     "recall": 0.9648093841642229,
     "f1-score": 0.5501672240802675,
     "support": 341.0
    },
    "45": {
     "precision": 0.6116071428571429,
     "recall": 0.8726114649681529,
     "f1-score": 0.7191601049868767,
     "support": 157.0
    },