{
 "dataset": "baron",
 "config": "bio",
 "seed": 2,
 "n_classes": 13,
 "n_test": 2571,
 "nll": 0.38705178413514674,
 "ece": 0.03626445344786128,
 "brier": 0.1583676832295928,
 "conf": 0.9328830011869793,
 "auroc": 0.8692819735207278,
 "temperature": 1.4547269344329834,
 "nll_ts": 0.3453075222488546,
 "ece_ts": 0.022445723476704708,
 "brier_ts": 0.15514274104608392,
 "auroc_ts": 0.8702756142202509
}