{
 "dataset": "blca",
 "config": "bio",
 "seed": 2,
 "n_classes": 2,
 "n_test": 81,
 "nll": 0.6925379979579107,
 "ece": 0.011625638804955818,
 "brier": 0.4993909645067946,
 "conf": 0.5068928797135627,
 "auroc": 0.5207570207570208,
 "temperature": 0.9492058753967285,
 "nll_ts": 0.6925137950699405,
 "ece_ts": 0.011256943227808902,
 "brier_ts": 0.4993667823623017,
 "auroc_ts": 0.5207570207570208
}