{
 "dataset": "brca",
 "config": "bio",
 "seed": 2,
 "n_classes": 5,
 "n_test": 104,
 "nll": 1.439624732394496,
 "ece": 0.19045975726710712,
 "brier": 0.7130911359812333,
 "conf": 0.46817426944701934,
 "auroc": 0.486126526082131,
 "temperature": 1.1026990413665771,
 "nll_ts": 1.419816719257652,
 "ece_ts": 0.1662046571458482,
 "brier_ts": 0.7111636308732484,
 "auroc_ts": 0.4850166481687015
}