{
 "dataset": "lung",
 "config": "bio",
 "seed": 2,
 "n_classes": 25,
 "n_test": 17106,
 "nll": 0.6428205622194738,
 "ece": 0.015473682697551007,
 "brier": 0.3106763244541743,
 "conf": 0.7908757419863414,
 "auroc": 0.8367104660539129,
 "temperature": 1.1685289144515991,
 "nll_ts": 0.6361256532186732,
 "ece_ts": 0.017617297713181237,
 "brier_ts": 0.3105832706428306,
 "auroc_ts": 0.8383947554177932
}