{
 "dataset": "oesophagus",
 "config": "bio",
 "seed": 2,
 "n_classes": 18,
 "n_test": 26385,
 "nll": 0.5500741704343866,
 "ece": 0.013352167166974804,
 "brier": 0.2629074164511012,
 "conf": 0.809034616790836,
 "auroc": 0.8414335388350671,
 "temperature": 0.9999639391899109,
 "nll_ts": 0.5500742066119286,
 "ece_ts": 0.01334818774113153,
 "brier_ts": 0.2629071447702799,
 "auroc_ts": 0.8414336245269096
}