{
 "dataset": "prostate",
 "config": "bio",
 "seed": 2,
 "n_classes": 2,
 "n_test": 203,
 "nll": 7.003423420045931,
 "ece": 0.325887852653009,
 "brier": 0.6933156474232555,
 "conf": 0.9367252910766544,
 "auroc": 0.4093507554103716,
 "temperature": 7368516.5,
 "nll_ts": 0.6931483692828231,
 "ece_ts": 0.11083493375616071,
 "brier_ts": 0.5000011887228761,
 "auroc_ts": 0.39771335238873007
}