{
 "dataset": "spleen",
 "config": "bio",
 "seed": 2,
 "n_classes": 28,
 "n_test": 28239,
 "nll": 1.1253167031477267,
 "ece": 0.0086939585845092,
 "brier": 0.5168811614484656,
 "conf": 0.6079401246595382,
 "auroc": 0.7655746659140172,
 "temperature": 0.9964150190353394,
 "nll_ts": 1.125338844079132,
 "ece_ts": 0.009130778681139965,
 "brier_ts": 0.5169111811549763,
 "auroc_ts": 0.7655157363533729
}