{
 "dataset": "stad",
 "config": "bio",
 "seed": 2,
 "n_classes": 2,
 "n_test": 83,
 "nll": 0.6973933958106693,
 "ece": 0.11182303324256088,
 "brier": 0.504244503385855,
 "conf": 0.509413394688344,
 "auroc": 0.4933333333333333,
 "temperature": 0.886626660823822,
 "nll_ts": 0.6979786665870366,
 "ece_ts": 0.11302551578386258,
 "brier_ts": 0.504828979182834,
 "auroc_ts": 0.4933333333333333
}