{
 "dataset": "tcell",
 "config": "bio",
 "seed": 2,
 "n_classes": 7,
 "n_test": 7203,
 "nll": 0.9559027151856239,
 "ece": 0.04919486260370887,
 "brier": 0.4757569404522897,
 "conf": 0.6692966460205534,
 "auroc": 0.6804735890432039,
 "temperature": 1.1818476915359497,
 "nll_ts": 0.9475416441189999,
 "ece_ts": 0.07224387795369383,
 "brier_ts": 0.47872131966266424,
 "auroc_ts": 0.6860623314668635
}