{
 "dataset": "wang",
 "config": "bio",
 "seed": 2,
 "n_classes": 7,
 "n_test": 138,
 "nll": 1.8052765753493851,
 "ece": 0.2377917577300639,
 "brier": 0.8205181320686742,
 "conf": 0.19086263174307033,
 "auroc": 0.48802264808362367,
 "temperature": 1.1435429314587964e-06,
 "nll_ts": 16.418432837007025,
 "ece_ts": 0.5942028985447243,
 "brier_ts": 1.18840579709313,
 "auroc_ts": 0.39002613240418116
}