{
 "dataset": "Spleen",
 "mode": "learned",
 "K": 4,
 "seed": 1,
 "n_markers": 128,
 "test_macro_f1": 58.72116950428668,
 "test_accuracy": 68.89762385353589,
 "n_features": 1089,
 "n_classes": 28,
 "n_samples": 94129,
 "learned_lambda": 0.5064180493354797,
 "bio_anchor_have": false
}