{
 "dataset": "Spleen",
 "mode": "learned_anchor",
 "K": 4,
 "seed": 4,
 "n_markers": 128,
 "test_macro_f1": 50.185082876469004,
 "test_accuracy": 60.21459683416551,
 "n_features": 1089,
 "n_classes": 28,
 "n_samples": 94129,
 "learned_lambda": 0.5581549406051636,
 "bio_anchor_have": true
}