{
 "dataset": "Spleen",
 "mode": "learned",
 "K": 4,
 "seed": 0,
 "n_markers": 128,
 "test_macro_f1": 59.11677874495289,
 "test_accuracy": 70.05913807146146,
 "n_features": 1089,
 "n_classes": 28,
 "n_samples": 94129,
 "learned_lambda": 0.6329443454742432,
 "bio_anchor_have": false
}