{
 "dataset": "Spleen",
 "mode": "learned_anchor",
 "K": 4,
 "seed": 2,
 "n_markers": 128,
 "test_macro_f1": 53.50143498586355,
 "test_accuracy": 62.55887248132016,
 "n_features": 1089,
 "n_classes": 28,
 "n_samples": 94129,
 "learned_lambda": 0.48970869183540344,
 "bio_anchor_have": true
}