{
 "dataset": "Spleen",
 "mode": "learned_bio",
 "K": 4,
 "seed": 3,
 "n_markers": 128,
 "test_macro_f1": 59.24783367484145,
 "test_accuracy": 69.85728956407804,
 "n_features": 1089,
 "n_classes": 28,
 "n_samples": 94129,
 "learned_lambda": 0.6446717381477356,
 "bio_anchor_have": false
}