{
 "dataset": "Spleen",
 "mode": "learned_bigbio",
 "K": 4,
 "seed": 2,
 "n_markers": 128,
 "test_macro_f1": 57.760009294194184,
 "test_accuracy": 67.98045256560077,
 "n_features": 1089,
 "n_classes": 28,
 "n_samples": 94129,
 "learned_lambda": 0.5092818140983582,
 "bio_anchor_have": false
}