{
 "dataset": "Spleen",
 "mode": "learned",
 "K": 4,
 "seed": 4,
 "n_markers": 128,
 "test_macro_f1": 59.31471482272352,
 "test_accuracy": 67.79985126952087,
 "n_features": 1089,
 "n_classes": 28,
 "n_samples": 94129,
 "learned_lambda": 0.4703775644302368,
 "bio_anchor_have": false
}