{
 "dataset": "Spleen",
 "mode": "learned_anchor",
 "K": 4,
 "seed": 3,
 "n_markers": 128,
 "test_macro_f1": 53.403927941834404,
 "test_accuracy": 59.849853040121815,
 "n_features": 1089,
 "n_classes": 28,
 "n_samples": 94129,
 "learned_lambda": 0.4371836483478546,
 "bio_anchor_have": true
}