{
 "dataset": "Spleen",
 "mode": "learned_bio",
 "K": 4,
 "seed": 1,
 "n_markers": 128,
 "test_macro_f1": 58.543105602262756,
 "test_accuracy": 69.48546336626652,
 "n_features": 1089,
 "n_classes": 28,
 "n_samples": 94129,
 "learned_lambda": 0.6422723531723022,
 "bio_anchor_have": false
}