{
 "dataset": "Spleen",
 "mode": "learned_bigbio",
 "K": 4,
 "seed": 4,
 "n_markers": 128,
 "test_macro_f1": 57.13465217389052,
 "test_accuracy": 68.65328092354545,
 "n_features": 1089,
 "n_classes": 28,
 "n_samples": 94129,
 "learned_lambda": 0.6522408127784729,
 "bio_anchor_have": false
}