{
 "dataset": "Spleen",
 "mode": "learned_bio",
 "K": 4,
 "seed": 2,
 "n_markers": 128,
 "test_macro_f1": 60.00172076011402,
 "test_accuracy": 69.83604235277453,
 "n_features": 1089,
 "n_classes": 28,
 "n_samples": 94129,
 "learned_lambda": 0.48460569977760315,
 "bio_anchor_have": false
}