{
 "dataset": "Spleen",
 "mode": "learned_bigbio",
 "K": 4,
 "seed": 0,
 "n_markers": 128,
 "test_macro_f1": 59.1767557188137,
 "test_accuracy": 67.87067530719926,
 "n_features": 1089,
 "n_classes": 28,
 "n_samples": 94129,
 "learned_lambda": 0.570101261138916,
 "bio_anchor_have": false
}