{
 "dataset": "Spleen",
 "mode": "learned_anchor",
 "K": 4,
 "seed": 1,
 "n_markers": 128,
 "test_macro_f1": 52.91093591806786,
 "test_accuracy": 62.49158964552569,
 "n_features": 1089,
 "n_classes": 28,
 "n_samples": 94129,
 "learned_lambda": 0.4114144444465637,
 "bio_anchor_have": true
}