{
 "dataset": "Spleen",
 "mode": "learned_bio",
 "K": 4,
 "seed": 0,
 "n_markers": 128,
 "test_macro_f1": 59.39329825020384,
 "test_accuracy": 67.99461737313645,
 "n_features": 1089,
 "n_classes": 28,
 "n_samples": 94129,
 "learned_lambda": 0.5085508227348328,
 "bio_anchor_have": false
}