{
 "dataset": "Spleen",
 "mode": "learned_bigbio",
 "K": 4,
 "seed": 3,
 "n_markers": 128,
 "test_macro_f1": 60.69262113225555,
 "test_accuracy": 70.32118701087148,
 "n_features": 1089,
 "n_classes": 28,
 "n_samples": 94129,
 "learned_lambda": 0.5949276089668274,
 "bio_anchor_have": false
}