{
 "dataset": "Spleen",
 "mode": "learned_bigbio",
 "K": 4,
 "seed": 1,
 "n_markers": 128,
 "test_macro_f1": 58.8792481370665,
 "test_accuracy": 68.70994015368817,
 "n_features": 1089,
 "n_classes": 28,
 "n_samples": 94129,
 "learned_lambda": 0.5900295376777649,
 "bio_anchor_have": false
}