{
 "dataset": "Spleen",
 "mode": "learned",
 "K": 4,
 "seed": 3,
 "n_markers": 128,
 "test_macro_f1": 58.84457099983542,
 "test_accuracy": 68.91532986295549,
 "n_features": 1089,
 "n_classes": 28,
 "n_samples": 94129,
 "learned_lambda": 0.4849958121776581,
 "bio_anchor_have": false
}