{
 "dataset": "Spleen",
 "mode": "learned_anchor",
 "K": 4,
 "seed": 0,
 "n_markers": 128,
 "test_macro_f1": 52.53773415800498,
 "test_accuracy": 61.52130032933177,
 "n_features": 1089,
 "n_classes": 28,
 "n_samples": 94129,
 "learned_lambda": 0.39917704463005066,
 "bio_anchor_have": true
}