{
 "dataset": "panmeta_subtype",
 "arch": "recursive",
 "K": 4,
 "seed": 1,
 "test_macro_f1": 73.67787780173724,
 "test_accuracy": 77.76484284051223,
 "transformer_params": 132480,
 "total_params": 1440810,
 "n_markers": 256,
 "d_model": 128,
 "d_ff": 256,
 "flops_nominal": 268435456.0,
 "flops_effective": 268435456.0,
 "compute_saving": 0.0
}