{
 "dataset": "panmeta_subtype",
 "arch": "recursive",
 "K": 4,
 "seed": 2,
 "test_macro_f1": 77.05848992832698,
 "test_accuracy": 80.84982537834692,
 "transformer_params": 132480,
 "total_params": 1440810,
 "n_markers": 256,
 "d_model": 128,
 "d_ff": 256,
 "flops_nominal": 268435456.0,
 "flops_effective": 268435456.0,
 "compute_saving": 0.0
}