{
 "dataset": "panmeta_subtype",
 "arch": "vanilla",
 "K": 4,
 "seed": 0,
 "test_macro_f1": 80.09249290231367,
 "test_accuracy": 84.22584400465658,
 "transformer_params": 529920,
 "total_params": 1838250,
 "n_markers": 256,
 "d_model": 128,
 "d_ff": 256,
 "flops_nominal": 268435456.0,
 "flops_effective": 268435456.0,
 "compute_saving": 0.0
}