{
 "dataset": "pancreas",
 "n_samples": 14767,
 "n_features": 1936,
 "n_classes": 15,
 "n_train": 10744,
 "n_test": 2127,
 "transformer_params": 75168,
 "total_params": 295327,
 "config": {
  "heads": [
   "cell_type"
  ],
  "cohorts": null,
  "n_hvg": null,
  "batch_size": 128,
  "val_frac": 0.15,
  "test_frac": 0.15,
  "d_model": 96,
  "n_heads": 4,
  "d_ff": 192,
  "dropout": 0.1,
  "n_markers": 128,
  "marker_mode": "router",
  "compress_mode": "aggregate",
  "recursive_marker_refine": true,
  "peak_init": true,
  "anneal_markers": true,
  "recursion_depth": 4,
  "share_weights": true,
  "adaptive_depth": false,
  "marker_ffn": false,
  "recursion_mode": "token",
  "router_capacity": null,
  "router_alpha": 1.0,
  "router_temp": 1.0,
  "router_type": "linear",
  "router_z_coeff": 0.001,
  "router_balance_coeff": 0.1,
  "gene_interaction": "none",
  "interaction_knn": 16,
  "router_prior_beta": 1.0,
  "router_prior_anneal": true,
  "lambda_marker": 0.1,
  "gamma_diversity": 0.05,
  "beta_compression": 0.01,
  "lr": 0.001,
  "weight_decay": 1e-05,
  "epochs": 150,
  "patience": 15,
  "seed": 2,
  "device": "cuda"
 },
 "heads": {
  "cell_type": {
   "accuracy": 0.9327691584391161,
   "macro_f1": 0.5843434528640479,
   "weighted_f1": 0.9373987337084613,
   "per_class": {
    "0": {
     "precision": 0.0,
     "recall": 0.0,
     "f1-score": 0.0,
     "support": 5.0
    },
    "1": {
     "precision": 0.9761904761904762,
     "recall": 0.8864864864864865,
     "f1-score": 0.9291784702549575,
     "support": 185.0
    },
    "2": {
     "precision": 0.9941176470588236,
     "recall": 0.95372460496614,
     "f1-score": 0.9735023041474654,
     "support": 886.0
    },
    "3": {
     "precision": 0.9770992366412213,
     "recall": 0.9481481481481482,
     "f1-score": 0.9624060150375939,
     "support": 270.0
    },
    "4": {
     "precision": 0.7114093959731543,
     "recall": 0.9298245614035088,
     "f1-score": 0.8060836501901141,
     "support": 114.0
    },
    "5": {
     "precision": 0.9404466501240695,
     "recall": 0.9818652849740933,
     "f1-score": 0.9607097591888466,
     "support": 386.0
    },
    "6": {
     "precision": 0.8888888888888888,
     "recall": 1.0,
     "f1-score": 0.9411764705882353,
     "support": 16.0
    },
    "7": {
     "precision": 0.75,
     "recall": 0.8571428571428571,
     "f1-score": 0.8,
     "support": 7.0
    },
    "8": {
     "precision": 0.9516908212560387,
     "recall": 1.0,
     "f1-score": 0.9752475247524752,
     "support": 197.0
    },
    "9": {
     "precision": 0.0,
     "recall": 0.0,
     "f1-score": 0.0,
     "support": 0.0
    },
    "10": {
     "precision": 1.0,
     "recall": 0.2857142857142857,
     "f1-score": 0.4444444444444444,
     "support": 7.0
    },
    "11": {
     "precision": 0.0,
     "recall": 0.0,
     "f1-score": 0.0,
     "support": 0.0
    },
    "13": {
     "precision": 1.0,
     "recall": 0.24074074074074073,
     "f1-score": 0.3880597014925373,
     "support": 54.0
    },
    "14": {
     "precision": 0.0,
     "recall": 0.0,
     "f1-score": 0.0,
     "support": 0.0
    },
    "accuracy": 0.9327691584391161,
    "macro avg": {
     "precision": 0.656417365438048,
     "recall": 0.5774033549697329,
     "f1-score": 0.5843434528640479,
     "support": 2127.0
    },
    "weighted avg": {
     "precision": 0.9578131919985792,
     "recall": 0.9327691584391161,
     "f1-score": 0.9373987337084613,
     "support": 2127.0
    }
   }
  }
 }
}