{
 "dataset": "tabula_muris",
 "n_samples": 54865,
 "n_features": 1089,
 "n_classes": 55,
 "n_train": 32645,
 "n_test": 16458,
 "transformer_params": 75168,
 "total_params": 221775,
 "config": {
  "heads": [
   "cell_type"
  ],
  "cohorts": null,
  "n_hvg": null,
  "batch_size": 128,
  "val_frac": 0.15,
  "test_frac": 0.15,
  "d_model": 96,
  "n_heads": 4,
  "d_ff": 192,
  "dropout": 0.1,
  "n_markers": 128,
  "marker_mode": "router",
  "compress_mode": "aggregate",
  "recursive_marker_refine": true,
  "peak_init": true,
  "anneal_markers": true,
  "recursion_depth": 4,
  "share_weights": true,
  "adaptive_depth": false,
  "marker_ffn": false,
  "recursion_mode": "token",
  "router_capacity": null,
  "router_alpha": 1.0,
  "router_temp": 1.0,
  "router_type": "linear",
  "router_z_coeff": 0.001,
  "router_balance_coeff": 0.1,
  "gene_interaction": "none",
  "interaction_knn": 16,
  "router_prior_beta": 1.0,
  "router_prior_anneal": true,
  "lambda_marker": 0.1,
  "gamma_diversity": 0.05,
  "beta_compression": 0.01,
  "lr": 0.001,
  "weight_decay": 1e-05,
  "epochs": 150,
  "patience": 15,
  "seed": 2,
  "device": "cuda"
 },
 "heads": {
  "cell_type": {
   "accuracy": 0.8522906793048973,
   "macro_f1": 0.760373373324729,
   "weighted_f1": 0.8515653674379641,
   "per_class": {
    "0": {
     "precision": 0.9523026315789473,
     "recall": 0.9308681672025724,
     "f1-score": 0.9414634146341463,
     "support": 2488.0
    },
    "1": {
     "precision": 0.14814814814814814,
     "recall": 0.6153846153846154,
     "f1-score": 0.23880597014925373,
     "support": 13.0
    },
    "2": {
     "precision": 0.6666666666666666,
     "recall": 0.7,
     "f1-score": 0.6829268292682927,
     "support": 20.0
    },
    "3": {
     "precision": 0.4,
     "recall": 0.7272727272727273,
     "f1-score": 0.5161290322580645,
     "support": 11.0
    },
    "4": {
     "precision": 0.9425478767693589,
     "recall": 0.8556311413454271,
     "f1-score": 0.8969889064976229,
     "support": 1323.0
    },
    "5": {
     "precision": 0.93,
     "recall": 0.8942307692307693,
     "f1-score": 0.9117647058823529,
     "support": 104.0
    },
    "6": {
     "precision": 0.9316239316239316,
     "recall": 0.923728813559322,
     "f1-score": 0.9276595744680851,
     "support": 118.0
    },
    "7": {
     "precision": 0.9558823529411765,
     "recall": 0.9306706857573473,
     "f1-score": 0.9431080565101184,
     "support": 1327.0
    },
    "8": {
     "precision": 0.7727272727272727,
     "recall": 0.9444444444444444,
     "f1-score": 0.85,
     "support": 18.0
    },
    "9": {
     "precision": 0.9074074074074074,
     "recall": 0.9501385041551247,
     "f1-score": 0.9282814614343707,
     "support": 361.0
    },
    "10": {
     "precision": 0.9801136363636364,
     "recall": 0.9857142857142858,
     "f1-score": 0.9829059829059829,
     "support": 350.0
    },
    "11": {
     "precision": 0.6570048309178744,
     "recall": 0.7953216374269005,
     "f1-score": 0.7195767195767195,
     "support": 342.0
    },
    "12": {
     "precision": 1.0,
     "recall": 0.9444444444444444,
     "f1-score": 0.9714285714285714,
     "support": 18.0
    },
    "13": {
     "precision": 0.8823529411764706,
     "recall": 1.0,
     "f1-score": 0.9375,
     "support": 15.0
    },
    "14": {
     "precision": 0.6451612903225806,
     "recall": 0.4166666666666667,
     "f1-score": 0.5063291139240507,
     "support": 48.0
    },
    "15": {
     "precision": 0.4,
     "recall": 0.3076923076923077,
     "f1-score": 0.34782608695652173,
     "support": 13.0
    },
    "16": {
     "precision": 0.8888888888888888,
     "recall": 1.0,
     "f1-score": 0.9411764705882353,
     "support": 8.0
    },
    "17": {
     "precision": 0.8095238095238095,
     "recall": 0.8947368421052632,
     "f1-score": 0.85,
     "support": 19.0
    },
    "18": {
     "precision": 0.8947368421052632,
     "recall": 0.8947368421052632,
     "f1-score": 0.8947368421052632,
     "support": 19.0
    },
    "19": {
     "precision": 0.9125964010282777,
     "recall": 0.8323563892145369,
     "f1-score": 0.8706315144083384,
     "support": 853.0
    },
    "20": {
     "precision": 0.5454545454545454,
     "recall": 0.75,
     "f1-score": 0.631578947368421,
     "support": 8.0
    },
    "21": {
     "precision": 0.8428571428571429,
     "recall": 0.9042145593869731,
     "f1-score": 0.8724584103512015,
     "support": 261.0
    },
    "22": {
     "precision": 0.8636363636363636,
     "recall": 0.8260869565217391,
     "f1-score": 0.8444444444444444,
     "support": 46.0
    },
    "23": {
     "precision": 0.7301587301587301,
     "recall": 0.6764705882352942,
     "f1-score": 0.7022900763358778,
     "support": 68.0
    },
    "24": {
     "precision": 0.9166666666666666,
     "recall": 0.9587155963302753,
     "f1-score": 0.9372197309417041,
     "support": 218.0
    },
    "25": {
     "precision": 0.9259259259259259,
     "recall": 0.8849557522123894,
     "f1-score": 0.9049773755656109,
     "support": 113.0
    },
    "26": {
     "precision": 0.8050847457627118,
     "recall": 0.8050847457627118,
     "f1-score": 0.8050847457627118,
     "support": 118.0
    },
    "27": {
     "precision": 0.9924528301886792,
     "recall": 0.994328922495274,
     "f1-score": 0.9933899905571294,
     "support": 529.0
    },
    "28": {
     "precision": 0.11194029850746269,
     "recall": 0.4411764705882353,
     "f1-score": 0.17857142857142858,
     "support": 34.0
    },
    "29": {
     "precision": 0.8037974683544303,
     "recall": 0.9384236453201971,
     "f1-score": 0.865909090909091,
     "support": 406.0
    },
    "30": {
     "precision": 0.9110878661087866,
     "recall": 0.9436619718309859,
     "f1-score": 0.9270888770622672,
     "support": 923.0
    },
    "31": {
     "precision": 0.7704918032786885,
     "recall": 0.7966101694915254,
     "f1-score": 0.7833333333333333,
     "support": 118.0
    },
    "32": {
     "precision": 0.4375,
     "recall": 0.5,
     "f1-score": 0.4666666666666667,
     "support": 14.0
    },
    "33": {
     "precision": 0.7841726618705036,
     "recall": 0.8195488721804511,
     "f1-score": 0.8014705882352942,
     "support": 133.0
    },
    "34": {
     "precision": 0.8680555555555556,
     "recall": 0.8865248226950354,
     "f1-score": 0.8771929824561403,
     "support": 141.0
    },
    "35": {
     "precision": 0.9943977591036415,
     "recall": 0.9888579387186629,
     "f1-score": 0.9916201117318436,
     "support": 359.0
    },
    "36": {
     "precision": 0.8571428571428571,
     "recall": 0.9873417721518988,
     "f1-score": 0.9176470588235294,
     "support": 79.0
    },
    "37": {
     "precision": 0.5769230769230769,
     "recall": 0.4639175257731959,
     "f1-score": 0.5142857142857142,
     "support": 97.0
    },
    "38": {
     "precision": 0.9241379310344827,
     "recall": 0.9710144927536232,
     "f1-score": 0.9469964664310954,
     "support": 138.0
    },
    "39": {
     "precision": 0.8,
     "recall": 0.8345323741007195,
     "f1-score": 0.8169014084507042,
     "support": 139.0
    },
    "40": {
     "precision": 0.49110320284697506,
     "recall": 0.3484848484848485,
     "f1-score": 0.4076809453471196,
     "support": 396.0
    },
    "41": {
     "precision": 0.46153846153846156,
     "recall": 0.8571428571428571,
     "f1-score": 0.6,
     "support": 7.0
    },
    "42": {
     "precision": 0.7857142857142857,
     "recall": 0.7333333333333333,
     "f1-score": 0.7586206896551724,
     "support": 15.0
    },
    "43": {
     "precision": 0.9369978858350951,
     "recall": 0.9413763806287171,
     "f1-score": 0.939182030091121,
     "support": 2354.0
    },
    "44": {
     "precision": 0.36233611442193087,
     "recall": 0.8914956011730205,
     "f1-score": 0.5152542372881356,
     "support": 341.0
    },
    "45": {
     "precision": 0.6395939086294417,
     "recall": 0.802547770700637,
     "f1-score": 0.711864406779661,
     "support": 157.0
    },