{
 "dataset": "prototype",
 "n_samples": 90579,
 "n_features": 752,
 "n_classes": 10,
 "n_train": 53894,
 "n_test": 27174,
 "transformer_params": 19152,
 "total_params": 67317,
 "config": {
  "heads": [
   "cell_type"
  ],
  "cohorts": null,
  "n_hvg": null,
  "n_channels": 1,
  "batch_size": 128,
  "val_frac": 0.15,
  "test_frac": 0.15,
  "d_model": 48,
  "n_heads": 4,
  "d_ff": 96,
  "dropout": 0.1,
  "n_markers": 128,
  "marker_mode": "router",
  "pathway_pool": "mean",
  "compress_mode": "aggregate",
  "recursive_marker_refine": true,
  "peak_init": true,
  "anneal_markers": true,
  "recursion_depth": 4,
  "share_weights": true,
  "share_strategy": "cycle",
  "n_unique_blocks": null,
  "step_cache": false,
  "adaptive_depth": false,
  "marker_ffn": false,
  "recursion_mode": "expert",
  "router_capacity": null,
  "router_alpha": 1.0,
  "router_temp": 1.0,
  "router_type": "linear",
  "router_z_coeff": 0.001,
  "router_balance_coeff": 0.1,
  "gene_interaction": "none",
  "interaction_knn": 16,
  "router_prior_beta": 1.0,
  "router_prior_anneal": true,
  "pathway_attn_bias": false,
  "pathway_attn_lambda": 2.0,
  "lambda_marker": 0.1,
  "gamma_diversity": 0.05,
  "beta_compression": 0.01,
  "lr": 0.001,
  "weight_decay": 1e-05,
  "epochs": 80,
  "patience": 12,
  "seed": 0,
  "device": "cuda"
 },
 "heads": {
  "cell_type": {
   "accuracy": 0.9412673879443586,
   "macro_f1": 0.9354589498661676,
   "weighted_f1": 0.9412116967389961,
   "per_class": {
    "0": {
     "precision": 0.9497767857142857,
     "recall": 0.9906868451688009,
     "f1-score": 0.9698005698005698,
     "support": 859.0
    },
    "1": {
     "precision": 0.9561752988047809,
     "recall": 0.9458128078817734,
     "f1-score": 0.950965824665676,
     "support": 1015.0
    },
    "2": {
     "precision": 0.9438515081206497,
     "recall": 0.9478098788443616,
     "f1-score": 0.9458265519646594,
     "support": 2146.0
    },
    "3": {
     "precision": 0.952572347266881,
     "recall": 0.9349112426035503,
     "f1-score": 0.9436591678279912,
     "support": 2535.0
    },
    "4": {
     "precision": 0.8886904761904761,
     "recall": 0.8782352941176471,
     "f1-score": 0.8834319526627219,
     "support": 1700.0
    },
    "5": {
     "precision": 0.8561612459917545,
     "recall": 0.8762306610407876,
     "f1-score": 0.866079703429101,
     "support": 2133.0
    },
    "6": {
     "precision": 0.923047619047619,
     "recall": 0.8984056358917315,
     "f1-score": 0.9105599398722285,
     "support": 2697.0
    },
    "7": {
     "precision": 0.9528776978417266,
     "recall": 0.9527063477791764,
     "f1-score": 0.9527920151065552,
     "support": 5561.0
    },
    "8": {
     "precision": 0.9484808454425363,
     "recall": 0.9469796887364811,
     "f1-score": 0.9477296726504751,
     "support": 3791.0
    },
    "9": {
     "precision": 0.9774906210921217,
     "recall": 0.9900781085074942,
     "f1-score": 0.983744100681699,
     "support": 4737.0
    },
    "accuracy": 0.9412673879443586,
    "macro avg": {
     "precision": 0.934912444551283,
     "recall": 0.9361856510571804,
     "f1-score": 0.9354589498661676,
     "support": 27174.0
    },
    "weighted avg": {
     "precision": 0.9412708631281154,
     "recall": 0.9412673879443586,
     "f1-score": 0.9412116967389961,
     "support": 27174.0
    }
   }
  }
 }
}