{
 "dataset": "tabula_muris",
 "n_samples": 54865,
 "n_features": 1089,
 "n_classes": 55,
 "n_train": 32645,
 "n_test": 16458,
 "transformer_params": 19152,
 "total_params": 87903,
 "config": {
  "heads": [
   "cell_type"
  ],
  "cohorts": null,
  "n_hvg": null,
  "n_channels": 1,
  "batch_size": 128,
  "val_frac": 0.15,
  "test_frac": 0.15,
  "d_model": 48,
  "n_heads": 4,
  "d_ff": 96,
  "dropout": 0.1,
  "n_markers": 128,
  "marker_mode": "router",
  "pathway_pool": "mean",
  "compress_mode": "aggregate",
  "recursive_marker_refine": true,
  "peak_init": true,
  "anneal_markers": true,
  "recursion_depth": 4,
  "share_weights": true,
  "share_strategy": "cycle",
  "n_unique_blocks": null,
  "step_cache": false,
  "adaptive_depth": false,
  "marker_ffn": false,
  "recursion_mode": "expert",
  "router_capacity": null,
  "router_alpha": 1.0,
  "router_temp": 1.0,
  "router_type": "linear",
  "router_z_coeff": 0.001,
  "router_balance_coeff": 0.1,
  "gene_interaction": "none",
  "interaction_knn": 16,
  "router_prior_beta": 1.0,
  "router_prior_anneal": true,
  "pathway_attn_bias": false,
  "pathway_attn_lambda": 2.0,
  "lambda_marker": 0.1,
  "gamma_diversity": 0.05,
  "beta_compression": 0.01,
  "lr": 0.001,
  "weight_decay": 1e-05,
  "epochs": 80,
  "patience": 12,
  "seed": 0,
  "device": "cuda"
 },
 "heads": {
  "cell_type": {
   "accuracy": 0.7468100619759388,
   "macro_f1": 0.6874132312724923,
   "weighted_f1": 0.7580158375101906,
   "per_class": {
    "0": {
     "precision": 0.8661936137861125,
     "recall": 0.6868971061093248,
     "f1-score": 0.7661959201972652,
     "support": 2488.0
    },
    "1": {
     "precision": 0.06153846153846154,
     "recall": 0.6153846153846154,
     "f1-score": 0.11188811188811189,
     "support": 13.0
    },
    "2": {
     "precision": 0.7083333333333334,
     "recall": 0.85,
     "f1-score": 0.7727272727272727,
     "support": 20.0
    },
    "3": {
     "precision": 0.17142857142857143,
     "recall": 0.5454545454545454,
     "f1-score": 0.2608695652173913,
     "support": 11.0
    },
    "4": {
     "precision": 0.8561151079136691,
     "recall": 0.4497354497354497,
     "f1-score": 0.5896927651139743,
     "support": 1323.0
    },
    "5": {
     "precision": 0.8278688524590164,
     "recall": 0.9711538461538461,
     "f1-score": 0.8938053097345132,
     "support": 104.0
    },
    "6": {
     "precision": 0.9310344827586207,
     "recall": 0.9152542372881356,
     "f1-score": 0.9230769230769231,
     "support": 118.0
    },
    "7": {
     "precision": 0.9231974921630094,
     "recall": 0.8877166541070083,
     "f1-score": 0.9051094890510949,
     "support": 1327.0
    },
    "8": {
     "precision": 0.7391304347826086,
     "recall": 0.9444444444444444,
     "f1-score": 0.8292682926829268,
     "support": 18.0
    },
    "9": {
     "precision": 0.8694444444444445,
     "recall": 0.8670360110803325,
     "f1-score": 0.8682385575589459,
     "support": 361.0
    },
    "10": {
     "precision": 0.9791044776119403,
     "recall": 0.9371428571428572,
     "f1-score": 0.9576642335766423,
     "support": 350.0
    },
    "11": {
     "precision": 0.46678321678321677,
     "recall": 0.7807017543859649,
     "f1-score": 0.5842450765864332,
     "support": 342.0
    },
    "12": {
     "precision": 0.85,
     "recall": 0.9444444444444444,
     "f1-score": 0.8947368421052632,
     "support": 18.0
    },
    "13": {
     "precision": 0.7,
     "recall": 0.9333333333333333,
     "f1-score": 0.8,
     "support": 15.0
    },
    "14": {
     "precision": 0.5245901639344263,
     "recall": 0.6666666666666666,
     "f1-score": 0.5871559633027523,
     "support": 48.0
    },
    "15": {
     "precision": 0.6923076923076923,
     "recall": 0.6923076923076923,
     "f1-score": 0.6923076923076923,
     "support": 13.0
    },
    "16": {
     "precision": 0.4375,
     "recall": 0.875,
     "f1-score": 0.5833333333333334,
     "support": 8.0
    },
    "17": {
     "precision": 0.59375,
     "recall": 1.0,
     "f1-score": 0.7450980392156863,
     "support": 19.0
    },
    "18": {
     "precision": 0.325,
     "recall": 0.6842105263157895,
     "f1-score": 0.4406779661016949,
     "support": 19.0
    },
    "19": {
     "precision": 0.8883720930232558,
     "recall": 0.671746776084408,
     "f1-score": 0.7650200267022697,
     "support": 853.0
    },
    "20": {
     "precision": 0.7142857142857143,
     "recall": 0.625,
     "f1-score": 0.6666666666666666,
     "support": 8.0
    },
    "21": {
     "precision": 0.6635802469135802,
     "recall": 0.8237547892720306,
     "f1-score": 0.7350427350427351,
     "support": 261.0
    },
    "22": {
     "precision": 0.9545454545454546,
     "recall": 0.9130434782608695,
     "f1-score": 0.9333333333333333,
     "support": 46.0
    },
    "23": {
     "precision": 0.5591397849462365,
     "recall": 0.7647058823529411,
     "f1-score": 0.6459627329192547,
     "support": 68.0
    },
    "24": {
     "precision": 0.9151785714285714,
     "recall": 0.9403669724770642,
     "f1-score": 0.9276018099547512,
     "support": 218.0
    },
    "25": {
     "precision": 0.864406779661017,
     "recall": 0.9026548672566371,
     "f1-score": 0.8831168831168831,
     "support": 113.0
    },
    "26": {
     "precision": 0.88,
     "recall": 0.7457627118644068,
     "f1-score": 0.8073394495412844,
     "support": 118.0
    },
    "27": {
     "precision": 0.9962264150943396,
     "recall": 0.998109640831758,
     "f1-score": 0.9971671388101983,
     "support": 529.0
    },
    "28": {
     "precision": 0.03758169934640523,
     "recall": 0.6764705882352942,
     "f1-score": 0.07120743034055728,
     "support": 34.0
    },
    "29": {
     "precision": 0.5146036161335188,
     "recall": 0.9113300492610837,
     "f1-score": 0.6577777777777778,
     "support": 406.0
    },
    "30": {
     "precision": 0.856701030927835,
     "recall": 0.9003250270855905,
     "f1-score": 0.8779714738510301,
     "support": 923.0
    },
    "31": {
     "precision": 0.48223350253807107,
     "recall": 0.8050847457627118,
     "f1-score": 0.6031746031746031,
     "support": 118.0
    },
    "32": {
     "precision": 0.07142857142857142,
     "recall": 0.14285714285714285,
     "f1-score": 0.09523809523809523,
     "support": 14.0
    },
    "33": {
     "precision": 0.7864077669902912,
     "recall": 0.6090225563909775,
     "f1-score": 0.6864406779661016,
     "support": 133.0
    },
    "34": {
     "precision": 0.7738095238095238,
     "recall": 0.9219858156028369,
     "f1-score": 0.8414239482200647,
     "support": 141.0
    },
    "35": {
     "precision": 0.9833795013850416,
     "recall": 0.9888579387186629,
     "f1-score": 0.9861111111111112,
     "support": 359.0
    },
    "36": {
     "precision": 0.8390804597701149,
     "recall": 0.9240506329113924,
     "f1-score": 0.8795180722891566,
     "support": 79.0
    },
    "37": {
     "precision": 0.4827586206896552,
     "recall": 0.4329896907216495,
     "f1-score": 0.45652173913043476,
     "support": 97.0
    },
    "38": {
     "precision": 0.8857142857142857,
     "recall": 0.8985507246376812,
     "f1-score": 0.8920863309352518,
     "support": 138.0
    },
    "39": {
     "precision": 0.6436170212765957,
     "recall": 0.8705035971223022,
     "f1-score": 0.7400611620795107,
     "support": 139.0
    },
    "40": {
     "precision": 0.4297520661157025,
     "recall": 0.13131313131313133,
     "f1-score": 0.2011605415860735,
     "support": 396.0
    },
    "41": {
     "precision": 0.46153846153846156,
     "recall": 0.8571428571428571,
     "f1-score": 0.6,
     "support": 7.0
    },
    "42": {
     "precision": 0.48148148148148145,
     "recall": 0.8666666666666667,
     "f1-score": 0.6190476190476191,
     "support": 15.0
    },
    "43": {
     "precision": 0.945821854912764,
     "recall": 0.8751062022090059,
     "f1-score": 0.9090909090909091,
     "support": 2354.0
    },
    "44": {
     "precision": 0.30522565320665085,