{
 "dataset": "Segerstolpe",
 "mode": "learned_anchor",
 "K": 4,
 "seed": 1,
 "n_markers": 128,
 "test_macro_f1": 53.84772055470894,
 "test_accuracy": 78.40375586854461,
 "val_macro_f1": 60.7512074167109,
 "n_features": 2000,
 "n_classes": 11,
 "n_samples": 2127,
 "learned_lambda": 0.22510267794132233,
 "bio_anchor_have": true
}