{
 "dataset": "Segerstolpe",
 "mode": "learned_anchor",
 "K": 4,
 "seed": 2,
 "n_markers": 128,
 "test_macro_f1": 54.083539939509194,
 "test_accuracy": 75.43035993740219,
 "val_macro_f1": 57.631214254761396,
 "n_features": 2000,
 "n_classes": 11,
 "n_samples": 2127,
 "learned_lambda": 0.2249886393547058,
 "bio_anchor_have": true
}