{
 "dataset": "Segerstolpe",
 "mode": "learned_anchor",
 "K": 4,
 "seed": 0,
 "n_markers": 128,
 "test_macro_f1": 48.46525001359148,
 "test_accuracy": 61.03286384976526,
 "val_macro_f1": 48.84154944278662,
 "n_features": 2000,
 "n_classes": 11,
 "n_samples": 2127,
 "learned_lambda": 0.23204199969768524,
 "bio_anchor_have": true
}