{
 "task": "pathologic_T",
 "n_samples": 423,
 "n_genes": 20530,
 "n_classes": 4,
 "n_train": 287,
 "n_test": 85,
 "transformer_params": 530432,
 "total_params": 3225737,
 "mean_recursion_depth": 2.75,
 "compute_saving_ratio": 0.6015625,
 "config": {
  "heads": [
   "pathologic_T"
  ],
  "cohorts": null,
  "n_hvg": null,
  "batch_size": 32,
  "val_frac": 0.15,
  "test_frac": 0.15,
  "d_model": 128,
  "n_heads": 4,
  "d_ff": 256,
  "dropout": 0.1,
  "n_markers": 256,
  "marker_mode": "router",
  "compress_mode": "aggregate",
  "recursive_marker_refine": true,
  "peak_init": true,
  "anneal_markers": true,
  "recursion_depth": 4,
  "share_weights": false,
  "adaptive_depth": false,
  "marker_ffn": false,
  "recursion_mode": "expert",
  "router_capacity": null,
  "router_alpha": 1.0,
  "router_temp": 1.0,
  "router_type": "linear",
  "router_z_coeff": 0.001,
  "router_balance_coeff": 0.1,
  "gene_interaction": "none",
  "interaction_knn": 16,
  "router_prior_beta": 1.0,
  "router_prior_anneal": true,
  "lambda_marker": 0.1,
  "gamma_diversity": 0.05,
  "beta_compression": 0.01,
  "lr": 0.0003,
  "weight_decay": 0.01,
  "epochs": 40,
  "patience": 8,
  "seed": 42,
  "device": "cuda"
 },
 "heads": {
  "pathologic_T": {
   "accuracy": 0.2235294117647059,
   "macro_f1": 0.19722011077943283,
   "weighted_f1": 0.24412348934781639,
   "per_class": {
    "0": {
     "precision": 0.06666666666666667,
     "recall": 0.2222222222222222,
     "f1-score": 0.10256410256410256,
     "support": 9.0
    },
    "1": {
     "precision": 0.25,
     "recall": 0.13043478260869565,
     "f1-score": 0.17142857142857143,
     "support": 23.0
    },
    "2": {
     "precision": 0.1111111111111111,
     "recall": 0.10526315789473684,
     "f1-score": 0.10810810810810811,
     "support": 19.0
    },
    "3": {
     "precision": 0.48,
     "recall": 0.35294117647058826,
     "f1-score": 0.4067796610169492,
     "support": 34.0
    },
    "accuracy": 0.2235294117647059,
    "macro avg": {
     "precision": 0.22694444444444445,
     "recall": 0.20271533479906073,
     "f1-score": 0.19722011077943283,
     "support": 85.0
    },
    "weighted avg": {
     "precision": 0.2915424836601307,
     "recall": 0.2235294117647059,
     "f1-score": 0.24412348934781639,
     "support": 85.0
    }
   }
  }
 }
}