{
 "dataset": "baron",
 "config": "depth1",
 "seed": 1,
 "n_classes": 13,
 "n_test": 2571,
 "nll": 0.5244284481339663,
 "ece": 0.03846196159037959,
 "brier": 0.23392217145352528,
 "conf": 0.8757460983181937,
 "auroc": 0.8440863914636132,
 "temperature": 1.434783697128296,
 "nll_ts": 0.4975496315630265,
 "ece_ts": 0.03216159379387493,
 "brier_ts": 0.234705158435647,
 "auroc_ts": 0.8441185038385756
}