{
 "dataset": "blca",
 "config": "depth1",
 "seed": 1,
 "n_classes": 2,
 "n_test": 81,
 "nll": 15.98545449847323,
 "ece": 0.6645672926978816,
 "brier": 1.334110365575422,
 "conf": 0.9855549470188689,
 "auroc": 0.4055944055944056,
 "temperature": 2830027.0,
 "nll_ts": 0.6931541812634822,
 "ece_ts": 0.17901949881085477,
 "brier_ts": 0.5000070007035323,
 "auroc_ts": 0.4104895104895105
}