{
 "dataset": "brca",
 "config": "depth1",
 "seed": 1,
 "n_classes": 5,
 "n_test": 104,
 "nll": 21.40469796780032,
 "ece": 0.7977301654233008,
 "brier": 1.5996274829729855,
 "conf": 0.9705098084700228,
 "auroc": 0.5597523219814241,
 "temperature": 487384.875,
 "nll_ts": 1.6138024609892538,
 "ece_ts": 0.020497538100098744,
 "brier_ts": 0.8016302974847235,
 "auroc_ts": 0.688544891640867
}