{
 "dataset": "lung",
 "config": "depth1",
 "seed": 1,
 "n_classes": 25,
 "n_test": 17106,
 "nll": 0.6632859700951969,
 "ece": 0.04574322917168107,
 "brier": 0.3032156190576305,
 "conf": 0.8351313162147124,
 "auroc": 0.8212786932483532,
 "temperature": 1.3820326328277588,
 "nll_ts": 0.6242195924227387,
 "ece_ts": 0.017990847382098517,
 "brier_ts": 0.29964450674337767,
 "auroc_ts": 0.8258107372220804
}