{
 "dataset": "muraro",
 "config": "depth1",
 "seed": 1,
 "n_classes": 9,
 "n_test": 637,
 "nll": 0.8941212633899572,
 "ece": 0.08431024262516014,
 "brier": 0.4732101450276453,
 "conf": 0.6947283562190814,
 "auroc": 0.729428889459714,
 "temperature": 0.982136607170105,
 "nll_ts": 0.8963861602375016,
 "ece_ts": 0.08874801847679352,
 "brier_ts": 0.47428482609751466,
 "auroc_ts": 0.7293646716328454
}