{
 "dataset": "oesophagus",
 "config": "depth1",
 "seed": 1,
 "n_classes": 18,
 "n_test": 26385,
 "nll": 0.5905099917973221,
 "ece": 0.02569341359038826,
 "brier": 0.2797666841539489,
 "conf": 0.8288944768060733,
 "auroc": 0.8319134432747606,
 "temperature": 1.1947332620620728,
 "nll_ts": 0.5807906621622436,
 "ece_ts": 0.01675310886113905,
 "brier_ts": 0.2794385962567007,
 "auroc_ts": 0.8306787888617211
}