{
 "dataset": "prostate",
 "config": "depth1",
 "seed": 1,
 "n_classes": 2,
 "n_test": 203,
 "nll": 6.822640591813936,
 "ece": 0.3442319755421761,
 "brier": 0.7642714780223878,
 "conf": 0.9262732803223294,
 "auroc": 0.37640056022408963,
 "temperature": 6001.65185546875,
 "nll_ts": 0.6920647964207663,
 "ece_ts": 0.08370278543949064,
 "brier_ts": 0.4989231491328389,
 "auroc_ts": 0.38045218087234894
}