{
 "dataset": "segerstolpe",
 "config": "depth1",
 "seed": 1,
 "n_classes": 11,
 "n_test": 639,
 "nll": 0.5753613113847864,
 "ece": 0.05465258763347184,
 "brier": 0.27229397719167714,
 "conf": 0.8360095073660122,
 "auroc": 0.7856332703213611,
 "temperature": 1.3506966829299927,
 "nll_ts": 0.5566902492505059,
 "ece_ts": 0.049451169163862496,
 "brier_ts": 0.2764279849388742,
 "auroc_ts": 0.7849802371541501
}