{
 "dataset": "spleen",
 "config": "depth1",
 "seed": 1,
 "n_classes": 28,
 "n_test": 28239,
 "nll": 1.434778141104527,
 "ece": 0.009203770617183422,
 "brier": 0.6033549542499287,
 "conf": 0.5260957833991801,
 "auroc": 0.7637723641283327,
 "temperature": 1.02708899974823,
 "nll_ts": 1.4345809787206154,
 "ece_ts": 0.009000265822718616,
 "brier_ts": 0.6033751397655489,
 "auroc_ts": 0.7638926866566287
}