{
 "dataset": "stad",
 "config": "depth1",
 "seed": 1,
 "n_classes": 2,
 "n_test": 83,
 "nll": 9.095659691670228,
 "ece": 0.4581191291361921,
 "brier": 0.9749472514128406,
 "conf": 0.9091365869401098,
 "auroc": 0.5052325581395348,
 "temperature": 18937176.0,
 "nll_ts": 0.6931474264799637,
 "ece_ts": 0.018073881631144983,
 "brier_ts": 0.5000002459200183,
 "auroc_ts": 0.4988372093023256
}