{
 "dataset": "tcell",
 "config": "depth1",
 "seed": 1,
 "n_classes": 7,
 "n_test": 7203,
 "nll": 0.9454652195616196,
 "ece": 0.017285829102862044,
 "brier": 0.4681636907191783,
 "conf": 0.669050652367767,
 "auroc": 0.7317747565981234,
 "temperature": 1.0763399600982666,
 "nll_ts": 0.94255191286274,
 "ece_ts": 0.022294535490483706,
 "brier_ts": 0.46853568405124696,
 "auroc_ts": 0.7321080399375208
}