{
 "dataset": "wang",
 "config": "depth1",
 "seed": 1,
 "n_classes": 7,
 "n_test": 138,
 "nll": 1.8636104533816704,
 "ece": 0.22842195472422655,
 "brier": 0.8302230756160772,
 "conf": 0.18226751695643903,
 "auroc": 0.5701219512195123,
 "temperature": 1.0,
 "nll_ts": 1.8636104533816704,
 "ece_ts": 0.22842195472422655,
 "brier_ts": 0.8302230756160772,
 "auroc_ts": 0.5701219512195123
}