{
 "dataset": "xin",
 "config": "depth1",
 "seed": 1,
 "n_classes": 4,
 "n_test": 448,
 "nll": 0.5165191524872272,
 "ece": 0.07481314218504634,
 "brier": 0.21593475695739617,
 "conf": 0.9311492732368628,
 "auroc": 0.878489052314892,
 "temperature": 1.9269824028015137,
 "nll_ts": 0.3941514268240696,
 "ece_ts": 0.0432473696589694,
 "brier_ts": 0.2025746195787823,
 "auroc_ts": 0.8847568109643991
}