{
 "task": "pathologic_stage",
 "n_samples": 943,
 "n_genes": 20530,
 "n_classes": 4,
 "n_train": 640,
 "n_test": 189,
 "transformer_params": 132992,
 "total_params": 2828297,
 "mean_recursion_depth": 2.484272003173828,
 "compute_saving_ratio": 0.5428501581671946,
 "config": {
  "heads": [
   "pathologic_stage"
  ],
  "cohorts": null,
  "n_hvg": null,
  "batch_size": 32,
  "val_frac": 0.15,
  "test_frac": 0.15,
  "d_model": 128,
  "n_heads": 4,
  "d_ff": 256,
  "dropout": 0.1,
  "n_markers": 256,
  "marker_mode": "router",
  "compress_mode": "aggregate",
  "recursive_marker_refine": true,
  "peak_init": true,
  "anneal_markers": true,
  "recursion_depth": 4,
  "share_weights": true,
  "adaptive_depth": false,
  "marker_ffn": false,
  "recursion_mode": "token",
  "router_capacity": null,
  "router_alpha": 1.0,
  "router_temp": 1.0,
  "router_type": "linear",
  "router_z_coeff": 0.001,
  "router_balance_coeff": 0.1,
  "gene_interaction": "none",
  "interaction_knn": 16,
  "router_prior_beta": 1.0,
  "router_prior_anneal": true,
  "lambda_marker": 0.1,
  "gamma_diversity": 0.05,
  "beta_compression": 0.01,
  "lr": 0.0003,
  "weight_decay": 0.01,
  "epochs": 40,
  "patience": 8,
  "seed": 42,
  "device": "cuda"
 },
 "heads": {
  "pathologic_stage": {
   "accuracy": 0.43915343915343913,
   "macro_f1": 0.26282665505226477,
   "weighted_f1": 0.4270071714322586,
   "per_class": {
    "0": {
     "precision": 0.5849056603773585,
     "recall": 0.6262626262626263,
     "f1-score": 0.6048780487804878,
     "support": 99.0
    },
    "1": {
     "precision": 0.29310344827586204,
     "recall": 0.3148148148148148,
     "f1-score": 0.30357142857142855,
     "support": 54.0
    },
    "2": {
     "precision": 0.16,
     "recall": 0.12903225806451613,
     "f1-score": 0.14285714285714285,
     "support": 31.0
    },
    "3": {
     "precision": 0.0,
     "recall": 0.0,
     "f1-score": 0.0,
     "support": 5.0
    },
    "accuracy": 0.43915343915343913,
    "macro avg": {
     "precision": 0.2595022771633051,
     "recall": 0.2675274247854893,
     "f1-score": 0.26282665505226477,
     "support": 189.0
    },
    "weighted avg": {
     "precision": 0.41636638404367743,
     "recall": 0.43915343915343913,
     "f1-score": 0.4270071714322586,
     "support": 189.0
    }
   }
  }
 }
}