{
 "dataset": "baron",
 "config": "depth1",
 "seed": 0,
 "n_classes": 13,
 "n_test": 2571,
 "nll": 0.535494865669258,
 "ece": 0.03398493348392284,
 "brier": 0.24740544769693545,
 "conf": 0.8611451631708444,
 "auroc": 0.8393579809513189,
 "temperature": 1.224731683731079,
 "nll_ts": 0.5147188750953582,
 "ece_ts": 0.017772026613865195,
 "brier_ts": 0.24644927911320413,
 "auroc_ts": 0.8400196019979453
}