{
 "dataset": "blca",
 "config": "depth1",
 "seed": 0,
 "n_classes": 2,
 "n_test": 81,
 "nll": 7.59539685380345,
 "ece": 0.32157595073591844,
 "brier": 0.6388049397002443,
 "conf": 0.9743711871508536,
 "auroc": 0.47942386831275724,
 "temperature": 267.24688720703125,
 "nll_ts": 0.7409637571687392,
 "ece_ts": 0.15738393606095508,
 "brier_ts": 0.5027962430028148,
 "auroc_ts": 0.44307270233196155
}