{
 "dataset": "brca",
 "config": "depth1",
 "seed": 0,
 "n_classes": 5,
 "n_test": 104,
 "nll": 13.065360156033067,
 "ece": 0.4745159620718749,
 "brier": 0.9641687292943962,
 "conf": 0.9737797094168678,
 "auroc": 0.29781724010358857,
 "temperature": 33084870.0,
 "nll_ts": 1.6094358196791605,
 "ece_ts": 0.3096124282856934,
 "brier_ts": 0.7999991630023946,
 "auroc_ts": 0.2093969663337033
}