{
 "dataset": "lung",
 "config": "depth1",
 "seed": 0,
 "n_classes": 25,
 "n_test": 17106,
 "nll": 0.7116191912646768,
 "ece": 0.02612802600614554,
 "brier": 0.3382448160734853,
 "conf": 0.7795859563688023,
 "auroc": 0.8264674600288825,
 "temperature": 1.1672863960266113,
 "nll_ts": 0.7004367798447811,
 "ece_ts": 0.014918426365139466,
 "brier_ts": 0.33719614594785313,
 "auroc_ts": 0.8280462290023745
}