{
 "dataset": "muraro",
 "config": "depth1",
 "seed": 0,
 "n_classes": 9,
 "n_test": 637,
 "nll": 0.8690977900663889,
 "ece": 0.05617694870996042,
 "brier": 0.4311684480903146,
 "conf": 0.6678257197802452,
 "auroc": 0.810268845779077,
 "temperature": 0.8672561645507812,
 "nll_ts": 0.8770272361159898,
 "ece_ts": 0.056425829549598926,
 "brier_ts": 0.432130679168289,
 "auroc_ts": 0.8100141730888475
}