{
 "dataset": "oesophagus",
 "config": "depth1",
 "seed": 0,
 "n_classes": 18,
 "n_test": 26385,
 "nll": 0.5746588315207931,
 "ece": 0.027569490396447186,
 "brier": 0.28469877175833913,
 "conf": 0.7745730995654653,
 "auroc": 0.8209800235324526,
 "temperature": 0.9094192981719971,
 "nll_ts": 0.5718645320907296,
 "ece_ts": 0.011874018112773447,
 "brier_ts": 0.28313199195037925,
 "auroc_ts": 0.8226124264498282
}