{
 "dataset": "prostate",
 "config": "depth1",
 "seed": 0,
 "n_classes": 2,
 "n_test": 203,
 "nll": 6.337656498753679,
 "ece": 0.3231326787694543,
 "brier": 0.7002507713806442,
 "conf": 0.9137786687849502,
 "auroc": 0.42482051282051286,
 "temperature": 19746234.0,
 "nll_ts": 0.6931474534426312,
 "ece_ts": 0.11576264794434021,
 "brier_ts": 0.5000002728826858,
 "auroc_ts": 0.4032820512820513
}