{
 "dataset": "segerstolpe",
 "config": "depth1",
 "seed": 0,
 "n_classes": 11,
 "n_test": 639,
 "nll": 1.17242005883384,
 "ece": 0.049978800447936324,
 "brier": 0.5636212420418578,
 "conf": 0.5846680439673115,
 "auroc": 0.7180588082227426,
 "temperature": 1.1696715354919434,
 "nll_ts": 1.1624092670959623,
 "ece_ts": 0.05821484034849631,
 "brier_ts": 0.5624202266642079,
 "auroc_ts": 0.7178486358814227
}