{
 "dataset": "spleen",
 "config": "depth1",
 "seed": 0,
 "n_classes": 28,
 "n_test": 28239,
 "nll": 1.3014021112206522,
 "ece": 0.014870421087784049,
 "brier": 0.5732280515440553,
 "conf": 0.567444743005357,
 "auroc": 0.748649057067879,
 "temperature": 1.099409818649292,
 "nll_ts": 1.2991272432530867,
 "ece_ts": 0.020328906798125882,
 "brier_ts": 0.5733054019815911,
 "auroc_ts": 0.750359119252937
}