{
 "dataset": "stad",
 "config": "depth1",
 "seed": 0,
 "n_classes": 2,
 "n_test": 83,
 "nll": 6.302068382492021,
 "ece": 0.47573932198135793,
 "brier": 0.8884973135001941,
 "conf": 0.859210273530914,
 "auroc": 0.5473684210526316,
 "temperature": 718.2440185546875,
 "nll_ts": 0.6967062724880865,
 "ece_ts": 0.07376603704960238,
 "brier_ts": 0.5041052869035979,
 "auroc_ts": 0.5374269005847954
}