{
 "dataset": "tcell",
 "config": "depth1",
 "seed": 0,
 "n_classes": 7,
 "n_test": 7203,
 "nll": 1.1043195721945265,
 "ece": 0.15346551501434888,
 "brier": 0.5638693704378458,
 "conf": 0.47287048084784705,
 "auroc": 0.7023899291925022,
 "temperature": 0.7510655522346497,
 "nll_ts": 1.0810798427032768,
 "ece_ts": 0.10176997450377792,
 "brier_ts": 0.5474948705730904,
 "auroc_ts": 0.6872191761922692
}