{
 "dataset": "wang",
 "config": "depth1",
 "seed": 0,
 "n_classes": 7,
 "n_test": 138,
 "nll": 1.916937557134173,
 "ece": 0.05149602180339394,
 "brier": 0.8489613610173334,
 "conf": 0.16589528254443212,
 "auroc": 0.5317901234567901,
 "temperature": 2.9467084459611215e-05,
 "nll_ts": 21.625028881157327,
 "ece_ts": 0.7833225280574101,
 "brier_ts": 1.565358028945718,
 "auroc_ts": 0.4189814814814815
}