{
 "dataset": "xin",
 "config": "depth1",
 "seed": 0,
 "n_classes": 4,
 "n_test": 448,
 "nll": 0.6350371816318164,
 "ece": 0.06499350695988655,
 "brier": 0.20459457655939323,
 "conf": 0.9302552098431136,
 "auroc": 0.8392662629079342,
 "temperature": 1.8131418228149414,
 "nll_ts": 0.48248648820390677,
 "ece_ts": 0.035350820237956035,
 "brier_ts": 0.1988115806546004,
 "auroc_ts": 0.8462812077905102
}