{
 "dataset": "common_class",
 "n_samples": 27499,
 "n_features": 1089,
 "n_classes": 19,
 "n_train": 16361,
 "n_test": 8250,
 "transformer_params": 75168,
 "total_params": 214791,
 "config": {
  "heads": [
   "cell_type"
  ],
  "cohorts": null,
  "n_hvg": null,
  "n_channels": 1,
  "batch_size": 128,
  "val_frac": 0.15,
  "test_frac": 0.15,
  "d_model": 96,
  "n_heads": 4,
  "d_ff": 192,
  "dropout": 0.1,
  "n_markers": 128,
  "marker_mode": "router",
  "pathway_pool": "mean",
  "compress_mode": "aggregate",
  "recursive_marker_refine": true,
  "peak_init": true,
  "anneal_markers": true,
  "recursion_depth": 4,
  "share_weights": true,
  "adaptive_depth": false,
  "marker_ffn": false,
  "recursion_mode": "token",
  "router_capacity": null,
  "router_alpha": 1.0,
  "router_temp": 1.0,
  "router_type": "linear",
  "router_z_coeff": 0.001,
  "router_balance_coeff": 0.1,
  "gene_interaction": "none",
  "interaction_knn": 16,
  "router_prior_beta": 1.0,
  "router_prior_anneal": true,
  "pathway_attn_bias": false,
  "pathway_attn_lambda": 2.0,
  "lambda_marker": 0.1,
  "gamma_diversity": 0.05,
  "beta_compression": 0.01,
  "lr": 0.001,
  "weight_decay": 1e-05,
  "epochs": 150,
  "patience": 15,
  "seed": 0,
  "device": "cuda"
 },
 "heads": {
  "cell_type": {
   "accuracy": 0.8344242424242424,
   "macro_f1": 0.6881287957283879,
   "weighted_f1": 0.8392685457496901,
   "per_class": {
    "0": {
     "precision": 0.6190476190476191,
     "recall": 0.5131578947368421,
     "f1-score": 0.5611510791366906,
     "support": 76.0
    },
    "1": {
     "precision": 0.6870503597122302,
     "recall": 0.5840978593272171,
     "f1-score": 0.631404958677686,
     "support": 327.0
    },
    "2": {
     "precision": 0.4750733137829912,
     "recall": 0.680672268907563,
     "f1-score": 0.5595854922279793,
     "support": 238.0
    },
    "3": {
     "precision": 0.7361963190184049,
     "recall": 0.718562874251497,
     "f1-score": 0.7272727272727273,
     "support": 167.0
    },
    "4": {
     "precision": 0.7698412698412699,
     "recall": 0.60625,
     "f1-score": 0.6783216783216783,
     "support": 160.0
    },
    "5": {
     "precision": 0.7268041237113402,
     "recall": 0.5755102040816327,
     "f1-score": 0.642369020501139,
     "support": 245.0
    },
    "6": {
     "precision": 0.423963133640553,
     "recall": 0.773109243697479,
     "f1-score": 0.5476190476190477,
     "support": 119.0
    },
    "7": {
     "precision": 0.8854337152209493,
     "recall": 0.8062593144560357,
     "f1-score": 0.84399375975039,
     "support": 671.0
    },
    "8": {
     "precision": 0.5642857142857143,
     "recall": 0.5486111111111112,
     "f1-score": 0.5563380281690141,
     "support": 144.0
    },
    "9": {
     "precision": 0.7109004739336493,
     "recall": 0.7281553398058253,
     "f1-score": 0.7194244604316546,
     "support": 412.0
    },
    "10": {
     "precision": 0.5161290322580645,
     "recall": 0.7710843373493976,
     "f1-score": 0.6183574879227053,
     "support": 166.0
    },
    "11": {
     "precision": 0.8632286995515696,
     "recall": 0.7534246575342466,
     "f1-score": 0.8045977011494253,
     "support": 511.0
    },
    "12": {
     "precision": 0.8397085610200364,
     "recall": 0.8731060606060606,
     "f1-score": 0.8560817084493965,
     "support": 528.0
    },
    "13": {
     "precision": 0.36904761904761907,
     "recall": 0.6595744680851063,
     "f1-score": 0.4732824427480916,
     "support": 94.0
    },
    "14": {
     "precision": 0.7,
     "recall": 1.0,
     "f1-score": 0.8235294117647058,
     "support": 14.0
    },
    "15": {
     "precision": 0.44086021505376344,
     "recall": 0.4079601990049751,
     "f1-score": 0.42377260981912146,
     "support": 201.0
    },
    "16": {
     "precision": 0.9782608695652174,
     "recall": 0.9671945701357466,
     "f1-score": 0.9726962457337884,
     "support": 884.0
    },
    "17": {
     "precision": 0.9829545454545454,
     "recall": 0.9534598897734231,
     "f1-score": 0.9679825924774634,
     "support": 3266.0
    },
    "18": {
     "precision": 0.5833333333333334,
     "recall": 0.7777777777777778,
     "f1-score": 0.6666666666666666,
     "support": 27.0
    },
    "accuracy": 0.8344242424242424,
    "macro avg": {
     "precision": 0.6774799430252036,
     "recall": 0.7209456879285231,
     "f1-score": 0.6881287957283879,
     "support": 8250.0
    },
    "weighted avg": {
     "precision": 0.8511286844434989,
     "recall": 0.8344242424242424,
     "f1-score": 0.8392685457496901,
     "support": 8250.0
    }
   }
  }
 }
}