{
 "dataset": "pancreas",
 "n_samples": 14767,
 "n_features": 1936,
 "n_classes": 15,
 "n_train": 10744,
 "n_test": 2127,
 "transformer_params": 75168,
 "total_params": 295327,
 "config": {
  "heads": [
   "cell_type"
  ],
  "cohorts": null,
  "n_hvg": null,
  "n_channels": 1,
  "batch_size": 128,
  "val_frac": 0.15,
  "test_frac": 0.15,
  "d_model": 96,
  "n_heads": 4,
  "d_ff": 192,
  "dropout": 0.1,
  "n_markers": 128,
  "marker_mode": "router",
  "compress_mode": "aggregate",
  "recursive_marker_refine": true,
  "peak_init": true,
  "anneal_markers": true,
  "recursion_depth": 4,
  "share_weights": true,
  "adaptive_depth": false,
  "marker_ffn": false,
  "recursion_mode": "token",
  "router_capacity": null,
  "router_alpha": 1.0,
  "router_temp": 1.0,
  "router_type": "linear",
  "router_z_coeff": 0.001,
  "router_balance_coeff": 0.1,
  "gene_interaction": "none",
  "interaction_knn": 16,
  "router_prior_beta": 1.0,
  "router_prior_anneal": true,
  "lambda_marker": 0.1,
  "gamma_diversity": 0.05,
  "beta_compression": 0.01,
  "lr": 0.001,
  "weight_decay": 1e-05,
  "epochs": 150,
  "patience": 15,
  "seed": 0,
  "device": "cuda"
 },
 "heads": {
  "cell_type": {
   "accuracy": 0.8730606488011283,
   "macro_f1": 0.6042575853404971,
   "weighted_f1": 0.8625838972975051,
   "per_class": {
    "0": {
     "precision": 0.0,
     "recall": 0.0,
     "f1-score": 0.0,
     "support": 5.0
    },
    "1": {
     "precision": 0.9784172661870504,
     "recall": 0.7351351351351352,
     "f1-score": 0.8395061728395061,
     "support": 185.0
    },
    "2": {
     "precision": 0.9061522419186653,
     "recall": 0.9808126410835214,
     "f1-score": 0.9420054200542005,
     "support": 886.0
    },
    "3": {
     "precision": 0.8888888888888888,
     "recall": 0.9777777777777777,
     "f1-score": 0.9312169312169312,
     "support": 270.0
    },
    "4": {
     "precision": 0.8359375,
     "recall": 0.9385964912280702,
     "f1-score": 0.8842975206611571,
     "support": 114.0
    },
    "5": {
     "precision": 0.8577878103837472,
     "recall": 0.9844559585492227,
     "f1-score": 0.916767189384801,
     "support": 386.0
    },
    "6": {
     "precision": 1.0,
     "recall": 0.5,
     "f1-score": 0.6666666666666666,
     "support": 16.0
    },
    "7": {
     "precision": 0.8,
     "recall": 0.5714285714285714,
     "f1-score": 0.6666666666666666,
     "support": 7.0
    },
    "8": {
     "precision": 0.9111111111111111,
     "recall": 0.41624365482233505,
     "f1-score": 0.5714285714285714,
     "support": 197.0
    },
    "10": {
     "precision": 1.0,
     "recall": 0.5714285714285714,
     "f1-score": 0.7272727272727273,
     "support": 7.0
    },
    "11": {
     "precision": 0.0,
     "recall": 0.0,
     "f1-score": 0.0,
     "support": 0.0
    },
    "13": {
     "precision": 1.0,
     "recall": 0.05555555555555555,
     "f1-score": 0.10526315789473684,
     "support": 54.0
    },
    "accuracy": 0.8730606488011283,
    "macro avg": {
     "precision": 0.7648579015407887,
     "recall": 0.5609528630840633,
     "f1-score": 0.6042575853404971,
     "support": 2127.0
    },
    "weighted avg": {
     "precision": 0.8990831872503794,
     "recall": 0.8730606488011283,
     "f1-score": 0.8625838972975051,
     "support": 2127.0
    }
   }
  }
 }
}