{
 "dataset": "tabula_muris",
 "n_samples": 54865,
 "n_features": 1089,
 "n_classes": 55,
 "n_train": 32645,
 "n_test": 16458,
 "transformer_params": 75168,
 "total_params": 221775,
 "config": {
  "heads": [
   "cell_type"
  ],
  "cohorts": null,
  "n_hvg": null,
  "n_channels": 1,
  "batch_size": 128,
  "val_frac": 0.15,
  "test_frac": 0.15,
  "d_model": 96,
  "n_heads": 4,
  "d_ff": 192,
  "dropout": 0.1,
  "n_markers": 128,
  "marker_mode": "router",
  "compress_mode": "aggregate",
  "recursive_marker_refine": true,
  "peak_init": true,
  "anneal_markers": true,
  "recursion_depth": 4,
  "share_weights": true,
  "adaptive_depth": false,
  "marker_ffn": false,
  "recursion_mode": "token",
  "router_capacity": null,
  "router_alpha": 1.0,
  "router_temp": 1.0,
  "router_type": "linear",
  "router_z_coeff": 0.001,
  "router_balance_coeff": 0.1,
  "gene_interaction": "none",
  "interaction_knn": 16,
  "router_prior_beta": 1.0,
  "router_prior_anneal": true,
  "lambda_marker": 0.1,
  "gamma_diversity": 0.05,
  "beta_compression": 0.01,
  "lr": 0.001,
  "weight_decay": 1e-05,
  "epochs": 150,
  "patience": 15,
  "seed": 0,
  "device": "cuda"
 },
 "heads": {
  "cell_type": {
   "accuracy": 0.865171952849678,
   "macro_f1": 0.7738855701369406,
   "weighted_f1": 0.8624235697656096,
   "per_class": {
    "0": {
     "precision": 0.9355333844973139,
     "recall": 0.979903536977492,
     "f1-score": 0.9572045543776992,
     "support": 2488.0
    },
    "1": {
     "precision": 0.36363636363636365,
     "recall": 0.3076923076923077,
     "f1-score": 0.3333333333333333,
     "support": 13.0
    },
    "2": {
     "precision": 0.6666666666666666,
     "recall": 0.8,
     "f1-score": 0.7272727272727273,
     "support": 20.0
    },
    "3": {
     "precision": 1.0,
     "recall": 0.7272727272727273,
     "f1-score": 0.8421052631578947,
     "support": 11.0
    },
    "4": {
     "precision": 0.9258064516129032,
     "recall": 0.8677248677248677,
     "f1-score": 0.8958252048380804,
     "support": 1323.0
    },
    "5": {
     "precision": 0.9433962264150944,
     "recall": 0.9615384615384616,
     "f1-score": 0.9523809523809523,
     "support": 104.0
    },
    "6": {
     "precision": 0.9421487603305785,
     "recall": 0.9661016949152542,
     "f1-score": 0.9539748953974896,
     "support": 118.0
    },
    "7": {
     "precision": 0.9714285714285714,
     "recall": 0.9223813112283346,
     "f1-score": 0.9462698105914187,
     "support": 1327.0
    },
    "8": {
     "precision": 0.7391304347826086,
     "recall": 0.9444444444444444,
     "f1-score": 0.8292682926829268,
     "support": 18.0
    },
    "9": {
     "precision": 0.9090909090909091,
     "recall": 0.9695290858725761,
     "f1-score": 0.938337801608579,
     "support": 361.0
    },
    "10": {
     "precision": 0.9830508474576272,
     "recall": 0.9942857142857143,
     "f1-score": 0.9886363636363636,
     "support": 350.0
    },
    "11": {
     "precision": 0.6335403726708074,
     "recall": 0.8947368421052632,
     "f1-score": 0.7418181818181818,
     "support": 342.0
    },
    "12": {
     "precision": 0.782608695652174,
     "recall": 1.0,
     "f1-score": 0.8780487804878049,
     "support": 18.0
    },
    "13": {
     "precision": 0.75,
     "recall": 1.0,
     "f1-score": 0.8571428571428571,
     "support": 15.0
    },
    "14": {
     "precision": 0.5882352941176471,
     "recall": 0.625,
     "f1-score": 0.6060606060606061,
     "support": 48.0
    },
    "15": {
     "precision": 0.625,
     "recall": 0.7692307692307693,
     "f1-score": 0.6896551724137931,
     "support": 13.0
    },
    "16": {
     "precision": 0.8,
     "recall": 0.5,
     "f1-score": 0.6153846153846154,
     "support": 8.0
    },
    "17": {
     "precision": 0.9,
     "recall": 0.9473684210526315,
     "f1-score": 0.9230769230769231,
     "support": 19.0
    },
    "18": {
     "precision": 0.8421052631578947,
     "recall": 0.8421052631578947,
     "f1-score": 0.8421052631578947,
     "support": 19.0
    },
    "19": {
     "precision": 0.9028290282902829,
     "recall": 0.8604923798358733,
     "f1-score": 0.8811524609843937,
     "support": 853.0
    },
    "20": {
     "precision": 0.75,
     "recall": 0.375,
     "f1-score": 0.5,
     "support": 8.0
    },
    "21": {
     "precision": 0.862453531598513,
     "recall": 0.8888888888888888,
     "f1-score": 0.8754716981132076,
     "support": 261.0
    },
    "22": {
     "precision": 0.8775510204081632,
     "recall": 0.9347826086956522,
     "f1-score": 0.9052631578947369,
     "support": 46.0
    },
    "23": {
     "precision": 0.6818181818181818,
     "recall": 0.8823529411764706,
     "f1-score": 0.7692307692307693,
     "support": 68.0
    },
    "24": {
     "precision": 0.963302752293578,
     "recall": 0.963302752293578,
     "f1-score": 0.963302752293578,
     "support": 218.0
    },
    "25": {
     "precision": 0.905982905982906,
     "recall": 0.9380530973451328,
     "f1-score": 0.9217391304347826,
     "support": 113.0
    },
    "26": {
     "precision": 0.9090909090909091,
     "recall": 0.847457627118644,
     "f1-score": 0.8771929824561403,
     "support": 118.0
    },
    "27": {
     "precision": 0.9943502824858758,
     "recall": 0.998109640831758,
     "f1-score": 0.9962264150943396,
     "support": 529.0
    },
    "28": {
     "precision": 0.5384615384615384,
     "recall": 0.6176470588235294,
     "f1-score": 0.5753424657534246,
     "support": 34.0
    },
    "29": {
     "precision": 0.9535452322738386,
     "recall": 0.9605911330049262,
     "f1-score": 0.9570552147239264,
     "support": 406.0
    },
    "30": {
     "precision": 0.9090909090909091,
     "recall": 0.9642470205850487,
     "f1-score": 0.935856992639327,
     "support": 923.0
    },
    "31": {
     "precision": 0.8660714285714286,
     "recall": 0.8220338983050848,
     "f1-score": 0.8434782608695652,
     "support": 118.0
    },
    "32": {
     "precision": 0.2,
     "recall": 0.2857142857142857,
     "f1-score": 0.23529411764705882,
     "support": 14.0
    },
    "33": {
     "precision": 0.865979381443299,
     "recall": 0.631578947368421,
     "f1-score": 0.7304347826086957,
     "support": 133.0
    },
    "34": {
     "precision": 0.7727272727272727,
     "recall": 0.9645390070921985,
     "f1-score": 0.8580441640378549,
     "support": 141.0
    },
    "35": {
     "precision": 0.994413407821229,
     "recall": 0.9916434540389972,
     "f1-score": 0.99302649930265,
     "support": 359.0
    },
    "36": {
     "precision": 0.8823529411764706,
     "recall": 0.9493670886075949,
     "f1-score": 0.9146341463414634,
     "support": 79.0
    },
    "37": {
     "precision": 0.6309523809523809,
     "recall": 0.5463917525773195,
     "f1-score": 0.585635359116022,
     "support": 97.0
    },
    "38": {
     "precision": 0.896551724137931,
     "recall": 0.9420289855072463,
     "f1-score": 0.9187279151943463,
     "support": 138.0
    },
    "39": {
     "precision": 0.905511811023622,
     "recall": 0.8273381294964028,
     "f1-score": 0.8646616541353384,
     "support": 139.0
    },
    "40": {
     "precision": 0.5475113122171946,
     "recall": 0.3055555555555556,
     "f1-score": 0.39222042139384117,
     "support": 396.0
    },
    "41": {
     "precision": 0.18181818181818182,
     "recall": 0.5714285714285714,
     "f1-score": 0.27586206896551724,
     "support": 7.0
    },
    "42": {
     "precision": 0.5263157894736842,
     "recall": 0.6666666666666666,
     "f1-score": 0.5882352941176471,
     "support": 15.0
    },
    "43": {
     "precision": 0.9757847533632287,
     "recall": 0.9243840271877655,
     "f1-score": 0.9493891797556719,
     "support": 2354.0
    },
    "44": {
     "precision": 0.3563348416289593,
     "recall": 0.9237536656891495,
     "f1-score": 0.5142857142857142,
     "support": 341.0
    },
    "45": {
     "precision": 0.7734806629834254,
     "recall": 0.89171974522293,
     "f1-score": 0.8284023668639053,