{
 "dataset": "Oesophagus",
 "mode": "learned_anchor",
 "K": 4,
 "seed": 0,
 "n_markers": 128,
 "test_macro_f1": 60.109297592960196,
 "test_accuracy": 82.14515823384498,
 "val_macro_f1": 64.88459257679395,
 "n_features": 1089,
 "n_classes": 18,
 "n_samples": 87947,
 "learned_lambda": 0.2805938124656677,
 "bio_anchor_have": true
}