{
 "dataset": "Oesophagus",
 "mode": "learned_anchor",
 "K": 4,
 "seed": 2,
 "n_markers": 128,
 "test_macro_f1": 52.87408058177749,
 "test_accuracy": 79.5944665529657,
 "val_macro_f1": 54.841248453009904,
 "n_features": 1089,
 "n_classes": 18,
 "n_samples": 87947,
 "learned_lambda": 0.2908560335636139,
 "bio_anchor_have": true
}