{
 "dataset": "Oesophagus",
 "mode": "learned_anchor",
 "K": 4,
 "seed": 1,
 "n_markers": 128,
 "test_macro_f1": 50.572765056661325,
 "test_accuracy": 78.24521508432821,
 "val_macro_f1": 51.31134304555106,
 "n_features": 1089,
 "n_classes": 18,
 "n_samples": 87947,
 "learned_lambda": 0.2597762942314148,
 "bio_anchor_have": true
}