{
 "dataset": "baron",
 "config": "fixed",
 "seed": 0,
 "n_classes": 13,
 "n_test": 2571,
 "nll": 0.47331740009999745,
 "ece": 0.019342062432076812,
 "brier": 0.22787199429196772,
 "conf": 0.8593975857644038,
 "auroc": 0.8489005080626325,
 "temperature": 1.1196742057800293,
 "nll_ts": 0.46750969704332773,
 "ece_ts": 0.016360290296615426,
 "brier_ts": 0.22738617997493807,
 "auroc_ts": 0.8494751715318424
}