{
 "dataset": "blca",
 "config": "fixed",
 "seed": 0,
 "n_classes": 2,
 "n_test": 81,
 "nll": 7.884889751475091,
 "ece": 0.3105995197050093,
 "brier": 0.6426028740780069,
 "conf": 0.9772661863716756,
 "auroc": 0.5212620027434842,
 "temperature": 467.32574462890625,
 "nll_ts": 0.7410618490528789,
 "ece_ts": 0.15739862563629667,
 "brier_ts": 0.5028292625229461,
 "auroc_ts": 0.4423868312757201
}