{
 "dataset": "brca",
 "config": "fixed",
 "seed": 0,
 "n_classes": 5,
 "n_test": 104,
 "nll": 1.5215531385236143,
 "ece": 0.18664130993674496,
 "brier": 0.7664096963825524,
 "conf": 0.2444327697072148,
 "auroc": 0.42500000000000004,
 "temperature": 0.1335178017616272,
 "nll_ts": 1.510774023223989,
 "ece_ts": 0.16250550844186476,
 "brier_ts": 0.7484136692341744,
 "auroc_ts": 0.45719696969696966
}