{
 "dataset": "lung",
 "config": "fixed",
 "seed": 0,
 "n_classes": 25,
 "n_test": 17106,
 "nll": 0.6220450646017115,
 "ece": 0.061780957240212535,
 "brier": 0.2781845115377006,
 "conf": 0.8691506814415015,
 "auroc": 0.8424307951096859,
 "temperature": 1.598019003868103,
 "nll_ts": 0.5528739128477979,
 "ece_ts": 0.01387558523133279,
 "brier_ts": 0.27030220682741524,
 "auroc_ts": 0.8450356814832577
}