{
 "dataset": "muraro",
 "config": "fixed",
 "seed": 0,
 "n_classes": 9,
 "n_test": 637,
 "nll": 0.5981877404859446,
 "ece": 0.03428791507995116,
 "brier": 0.27277546043982204,
 "conf": 0.8195456618742242,
 "auroc": 0.8173323383407418,
 "temperature": 0.9445695281028748,
 "nll_ts": 0.6050316188689236,
 "ece_ts": 0.030173046706629632,
 "brier_ts": 0.27304785128861114,
 "auroc_ts": 0.81656987119172
}