{
 "dataset": "oesophagus",
 "config": "fixed",
 "seed": 0,
 "n_classes": 18,
 "n_test": 26385,
 "nll": 0.5856980796417884,
 "ece": 0.04587504983678428,
 "brier": 0.2402211576016147,
 "conf": 0.8870269023663867,
 "auroc": 0.7901357352092149,
 "temperature": 1.530476689338684,
 "nll_ts": 0.526887292127526,
 "ece_ts": 0.04012251328200049,
 "brier_ts": 0.24085259841215803,
 "auroc_ts": 0.7833927989938212
}