{
 "dataset": "prostate",
 "config": "fixed",
 "seed": 0,
 "n_classes": 2,
 "n_test": 203,
 "nll": 6.812246240687932,
 "ece": 0.34223236774974775,
 "brier": 0.7547886452904409,
 "conf": 0.9162527871703324,
 "auroc": 0.40271108443377357,
 "temperature": 486.7171325683594,
 "nll_ts": 0.6935759870897,
 "ece_ts": 0.07597676201315856,
 "brier_ts": 0.49972847039843915,
 "auroc_ts": 0.42136854741896757
}