{
 "dataset": "segerstolpe",
 "config": "fixed",
 "seed": 0,
 "n_classes": 11,
 "n_test": 639,
 "nll": 0.5547738811343723,
 "ece": 0.06910166964290287,
 "brier": 0.21117052484809062,
 "conf": 0.9283136058069376,
 "auroc": 0.8413074565883555,
 "temperature": 1.8535196781158447,
 "nll_ts": 0.46731901035335216,
 "ece_ts": 0.03988054087635928,
 "brier_ts": 0.2033951436742811,
 "auroc_ts": 0.8413278855975486
}