{
 "dataset": "spleen",
 "config": "fixed",
 "seed": 0,
 "n_classes": 28,
 "n_test": 28239,
 "nll": 1.2588326440271593,
 "ece": 0.018121370647866668,
 "brier": 0.5538787967538263,
 "conf": 0.5794572339557895,
 "auroc": 0.7516756794255791,
 "temperature": 1.0568578243255615,
 "nll_ts": 1.2572669324622034,
 "ece_ts": 0.023779843772751722,
 "brier_ts": 0.554036188176173,
 "auroc_ts": 0.7519064022668862
}