{
 "dataset": "stad",
 "config": "fixed",
 "seed": 0,
 "n_classes": 2,
 "n_test": 83,
 "nll": 0.6909339575647635,
 "ece": 0.1154986715106083,
 "brier": 0.49774019057008007,
 "conf": 0.5146351534712111,
 "auroc": 0.5236363636363637,
 "temperature": 1.0001227855682373,
 "nll_ts": 0.6909341435404737,
 "ece_ts": 0.11550002706891116,
 "brier_ts": 0.49774039430546824,
 "auroc_ts": 0.5236363636363637
}