{
 "dataset": "tcell",
 "config": "fixed",
 "seed": 0,
 "n_classes": 7,
 "n_test": 7203,
 "nll": 0.9805394707225953,
 "ece": 0.1073833829808879,
 "brier": 0.4995100989656341,
 "conf": 0.5656430469190701,
 "auroc": 0.7140387119799182,
 "temperature": 0.8544188141822815,
 "nll_ts": 0.9761661316842073,
 "ece_ts": 0.07608793845817022,
 "brier_ts": 0.4918030097090289,
 "auroc_ts": 0.7072110113466148
}