{
 "dataset": "wang",
 "config": "fixed",
 "seed": 0,
 "n_classes": 7,
 "n_test": 138,
 "nll": 1.5228278424163357,
 "ece": 0.1401012667329063,
 "brier": 0.7535494472855392,
 "conf": 0.4324872778722379,
 "auroc": 0.549820788530466,
 "temperature": 0.9274719953536987,
 "nll_ts": 1.536560296622815,
 "ece_ts": 0.14971293873580044,
 "brier_ts": 0.7584965301281847,
 "auroc_ts": 0.5493428912783752
}