{
 "dataset": "xin",
 "config": "fixed",
 "seed": 0,
 "n_classes": 4,
 "n_test": 448,
 "nll": 0.5786177467936656,
 "ece": 0.08056316908250594,
 "brier": 0.22712829832112863,
 "conf": 0.9354738833682202,
 "auroc": 0.8558345049206667,
 "temperature": 1.8595119714736938,
 "nll_ts": 0.44809770991612613,
 "ece_ts": 0.05081315724699703,
 "brier_ts": 0.21295147369463968,
 "auroc_ts": 0.8610564370355493
}