{
 "dataset": "baron",
 "n_samples": 8569,
 "n_features": 1936,
 "n_classes": 14,
 "n_train": 5098,
 "n_test": 2571,
 "transformer_params": 75168,
 "total_params": 295133,
 "config": {
  "heads": [
   "cell_type"
  ],
  "cohorts": null,
  "n_hvg": null,
  "n_channels": 1,
  "batch_size": 128,
  "val_frac": 0.15,
  "test_frac": 0.15,
  "d_model": 96,
  "n_heads": 4,
  "d_ff": 192,
  "dropout": 0.1,
  "n_markers": 128,
  "marker_mode": "router",
  "pathway_pool": "mean",
  "compress_mode": "aggregate",
  "recursive_marker_refine": true,
  "peak_init": true,
  "anneal_markers": true,
  "recursion_depth": 4,
  "share_weights": true,
  "share_strategy": "cycle",
  "n_unique_blocks": null,
  "step_cache": false,
  "adaptive_depth": false,
  "marker_ffn": false,
  "recursion_mode": "expert",
  "router_capacity": null,
  "router_alpha": 1.0,
  "router_temp": 2.0,
  "router_type": "linear",
  "router_z_coeff": 0.001,
  "router_balance_coeff": 0.1,
  "gene_interaction": "none",
  "interaction_knn": 16,
  "router_prior_beta": 1.0,
  "router_prior_anneal": true,
  "pathway_attn_bias": false,
  "pathway_attn_lambda": 2.0,
  "lambda_marker": 0.1,
  "gamma_diversity": 0.05,
  "beta_compression": 0.01,
  "lr": 0.001,
  "weight_decay": 1e-05,
  "epochs": 80,
  "patience": 12,
  "seed": 0,
  "device": "cuda"
 },
 "heads": {
  "cell_type": {
   "accuracy": 0.8891481913652275,
   "macro_f1": 0.6621708881545787,
   "weighted_f1": 0.8925660164001131,
   "per_class": {
    "0": {
     "precision": 0.9063545150501672,
     "recall": 0.9442508710801394,
     "f1-score": 0.9249146757679181,
     "support": 287.0
    },
    "1": {
     "precision": 0.7619047619047619,
     "recall": 0.7529411764705882,
     "f1-score": 0.757396449704142,
     "support": 85.0
    },
    "2": {
     "precision": 0.9556868537666174,
     "recall": 0.9269340974212035,
     "f1-score": 0.9410909090909091,
     "support": 698.0
    },
    "3": {
     "precision": 0.960328317373461,
     "recall": 0.9261213720316622,
     "f1-score": 0.9429147078576225,
     "support": 758.0
    },
    "4": {
     "precision": 0.7425742574257426,
     "recall": 0.8333333333333334,
     "f1-score": 0.7853403141361257,
     "support": 180.0
    },
    "5": {
     "precision": 0.9348534201954397,
     "recall": 0.8885448916408669,
     "f1-score": 0.9111111111111111,
     "support": 323.0
    },
    "6": {
     "precision": 0.821917808219178,
     "recall": 0.7894736842105263,
     "f1-score": 0.8053691275167785,
     "support": 76.0
    },
    "7": {
     "precision": 0.2,
     "recall": 0.4,
     "f1-score": 0.26666666666666666,
     "support": 5.0
    },
    "8": {
     "precision": 0.5046728971962616,
     "recall": 0.7012987012987013,
     "f1-score": 0.5869565217391305,
     "support": 77.0
    },
    "9": {
     "precision": 0.75,
     "recall": 0.7058823529411765,
     "f1-score": 0.7272727272727273,
     "support": 17.0
    },
    "10": {
     "precision": 0.42857142857142855,
     "recall": 0.42857142857142855,
     "f1-score": 0.42857142857142855,
     "support": 7.0
    },
    "11": {
     "precision": 0.6274509803921569,
     "recall": 0.6153846153846154,
     "f1-score": 0.6213592233009708,
     "support": 52.0
    },
    "12": {
     "precision": 0.6666666666666666,
     "recall": 0.5,
     "f1-score": 0.5714285714285714,
     "support": 4.0
    },
    "13": {
     "precision": 0.0,
     "recall": 0.0,
     "f1-score": 0.0,
     "support": 2.0
    },
    "accuracy": 0.8891481913652275,
    "macro avg": {
     "precision": 0.6614987076258486,
     "recall": 0.672338323170303,
     "f1-score": 0.6621708881545787,
     "support": 2571.0
    },
    "weighted avg": {
     "precision": 0.8980453692318453,
     "recall": 0.8891481913652275,
     "f1-score": 0.8925660164001131,
     "support": 2571.0
    }
   }
  }
 }
}