{
 "dataset": "common_class",
 "n_samples": 27499,
 "n_features": 1089,
 "n_classes": 19,
 "n_train": 16361,
 "n_test": 8250,
 "transformer_params": 75168,
 "total_params": 214791,
 "config": {
  "heads": [
   "cell_type"
  ],
  "cohorts": null,
  "n_hvg": null,
  "n_channels": 1,
  "batch_size": 128,
  "val_frac": 0.15,
  "test_frac": 0.15,
  "d_model": 96,
  "n_heads": 4,
  "d_ff": 192,
  "dropout": 0.1,
  "n_markers": 128,
  "marker_mode": "router",
  "pathway_pool": "mean",
  "compress_mode": "aggregate",
  "recursive_marker_refine": true,
  "peak_init": true,
  "anneal_markers": true,
  "recursion_depth": 4,
  "share_weights": true,
  "share_strategy": "cycle",
  "n_unique_blocks": null,
  "step_cache": false,
  "adaptive_depth": false,
  "marker_ffn": false,
  "recursion_mode": "expert",
  "router_capacity": null,
  "router_alpha": 1.0,
  "router_temp": 2.0,
  "router_type": "linear",
  "router_z_coeff": 0.001,
  "router_balance_coeff": 0.1,
  "gene_interaction": "none",
  "interaction_knn": 16,
  "router_prior_beta": 1.0,
  "router_prior_anneal": true,
  "pathway_attn_bias": false,
  "pathway_attn_lambda": 2.0,
  "lambda_marker": 0.1,
  "gamma_diversity": 0.05,
  "beta_compression": 0.01,
  "lr": 0.001,
  "weight_decay": 1e-05,
  "epochs": 80,
  "patience": 12,
  "seed": 0,
  "device": "cuda"
 },
 "heads": {
  "cell_type": {
   "accuracy": 0.8193939393939393,
   "macro_f1": 0.6667934307806075,
   "weighted_f1": 0.8263003118057866,
   "per_class": {
    "0": {
     "precision": 0.4358974358974359,
     "recall": 0.6710526315789473,
     "f1-score": 0.5284974093264249,
     "support": 76.0
    },
    "1": {
     "precision": 0.6,
     "recall": 0.4954128440366973,
     "f1-score": 0.542713567839196,
     "support": 327.0
    },
    "2": {
     "precision": 0.45357142857142857,
     "recall": 0.5336134453781513,
     "f1-score": 0.49034749034749037,
     "support": 238.0
    },
    "3": {
     "precision": 0.5315315315315315,
     "recall": 0.7065868263473054,
     "f1-score": 0.6066838046272494,
     "support": 167.0
    },
    "4": {
     "precision": 0.7361963190184049,
     "recall": 0.75,
     "f1-score": 0.7430340557275542,
     "support": 160.0
    },
    "5": {
     "precision": 0.7794117647058824,
     "recall": 0.6489795918367347,
     "f1-score": 0.7082405345211581,
     "support": 245.0
    },
    "6": {
     "precision": 0.535483870967742,
     "recall": 0.6974789915966386,
     "f1-score": 0.6058394160583942,
     "support": 119.0
    },
    "7": {
     "precision": 0.910472972972973,
     "recall": 0.8032786885245902,
     "f1-score": 0.8535233570863024,
     "support": 671.0
    },
    "8": {
     "precision": 0.401673640167364,
     "recall": 0.6666666666666666,
     "f1-score": 0.5013054830287206,
     "support": 144.0
    },
    "9": {
     "precision": 0.7017543859649122,
     "recall": 0.5825242718446602,
     "f1-score": 0.636604774535809,
     "support": 412.0
    },
    "10": {
     "precision": 0.5285714285714286,
     "recall": 0.6686746987951807,
     "f1-score": 0.5904255319148937,
     "support": 166.0
    },
    "11": {
     "precision": 0.7972665148063781,
     "recall": 0.684931506849315,
     "f1-score": 0.7368421052631579,
     "support": 511.0
    },
    "12": {
     "precision": 0.8526522593320236,
     "recall": 0.821969696969697,
     "f1-score": 0.837029893924783,
     "support": 528.0
    },
    "13": {
     "precision": 0.27411167512690354,
     "recall": 0.574468085106383,
     "f1-score": 0.3711340206185567,
     "support": 94.0
    },
    "14": {
     "precision": 0.6363636363636364,
     "recall": 1.0,
     "f1-score": 0.7777777777777778,
     "support": 14.0
    },
    "15": {
     "precision": 0.47738693467336685,
     "recall": 0.472636815920398,
     "f1-score": 0.475,
     "support": 201.0
    },
    "16": {
     "precision": 0.9793577981651376,
     "recall": 0.9660633484162896,
     "f1-score": 0.9726651480637813,
     "support": 884.0
    },
    "17": {
     "precision": 0.9861198738170347,
     "recall": 0.9571341090018372,
     "f1-score": 0.9714108141702921,
     "support": 3266.0
    },
    "18": {
     "precision": 0.5625,
     "recall": 1.0,
     "f1-score": 0.72,
     "support": 27.0
    },
    "accuracy": 0.8193939393939393,
    "macro avg": {
     "precision": 0.6410696563501886,
     "recall": 0.7211301167826049,
     "f1-score": 0.6667934307806075,
     "support": 8250.0
    },
    "weighted avg": {
     "precision": 0.8404835301627316,
     "recall": 0.8193939393939393,
     "f1-score": 0.8263003118057866,
     "support": 8250.0
    }
   }
  }
 }
}