{
 "dataset": "prototype",
 "n_samples": 90579,
 "n_features": 752,
 "n_classes": 10,
 "n_train": 53894,
 "n_test": 27174,
 "transformer_params": 75168,
 "total_params": 180693,
 "config": {
  "heads": [
   "cell_type"
  ],
  "cohorts": null,
  "n_hvg": null,
  "n_channels": 1,
  "batch_size": 128,
  "val_frac": 0.15,
  "test_frac": 0.15,
  "d_model": 96,
  "n_heads": 4,
  "d_ff": 192,
  "dropout": 0.1,
  "n_markers": 128,
  "marker_mode": "router",
  "pathway_pool": "mean",
  "compress_mode": "aggregate",
  "recursive_marker_refine": true,
  "peak_init": true,
  "anneal_markers": true,
  "recursion_depth": 4,
  "share_weights": true,
  "share_strategy": "cycle",
  "n_unique_blocks": null,
  "step_cache": false,
  "adaptive_depth": false,
  "marker_ffn": false,
  "recursion_mode": "expert",
  "router_capacity": null,
  "router_alpha": 1.0,
  "router_temp": 2.0,
  "router_type": "linear",
  "router_z_coeff": 0.001,
  "router_balance_coeff": 0.1,
  "gene_interaction": "none",
  "interaction_knn": 16,
  "router_prior_beta": 1.0,
  "router_prior_anneal": true,
  "pathway_attn_bias": false,
  "pathway_attn_lambda": 2.0,
  "lambda_marker": 0.1,
  "gamma_diversity": 0.05,
  "beta_compression": 0.01,
  "lr": 0.001,
  "weight_decay": 1e-05,
  "epochs": 80,
  "patience": 12,
  "seed": 0,
  "device": "cuda"
 },
 "heads": {
  "cell_type": {
   "accuracy": 0.9462353720468094,
   "macro_f1": 0.9405849785806477,
   "weighted_f1": 0.9463416878789183,
   "per_class": {
    "0": {
     "precision": 0.960919540229885,
     "recall": 0.9732246798603027,
     "f1-score": 0.967032967032967,
     "support": 859.0
    },
    "1": {
     "precision": 0.950592885375494,
     "recall": 0.9477832512315271,
     "f1-score": 0.949185989146522,
     "support": 1015.0
    },
    "2": {
     "precision": 0.949623352165725,
     "recall": 0.9398881640260951,
     "f1-score": 0.9447306791569087,
     "support": 2146.0
    },
    "3": {
     "precision": 0.9504293520686963,
     "recall": 0.960552268244576,
     "f1-score": 0.9554639984304493,
     "support": 2535.0
    },
    "4": {
     "precision": 0.8956876456876457,
     "recall": 0.9041176470588236,
     "f1-score": 0.8998829039812647,
     "support": 1700.0
    },
    "5": {
     "precision": 0.862533692722372,
     "recall": 0.90014064697609,
     "f1-score": 0.88093599449415,
     "support": 2133.0
    },
    "6": {
     "precision": 0.9221804511278195,
     "recall": 0.9095291064145347,
     "f1-score": 0.9158110882956879,
     "support": 2697.0
    },
    "7": {
     "precision": 0.9577033837293016,
     "recall": 0.9568422945513397,
     "f1-score": 0.9572726454978862,
     "support": 5561.0
    },
    "8": {
     "precision": 0.9591178052716515,
     "recall": 0.9406489053020312,
     "f1-score": 0.94979358103609,
     "support": 3791.0
    },
    "9": {
     "precision": 0.9864693446088795,
     "recall": 0.9850116107240869,
     "f1-score": 0.9857399387345516,
     "support": 4737.0
    },
    "accuracy": 0.9462353720468094,
    "macro avg": {
     "precision": 0.9395257452987471,
     "recall": 0.9417738574389407,
     "f1-score": 0.9405849785806477,
     "support": 27174.0
    },
    "weighted avg": {
     "precision": 0.946559035401806,
     "recall": 0.9462353720468094,
     "f1-score": 0.9463416878789183,
     "support": 27174.0
    }
   }
  }
 }
}