{
 "dataset": "Spleen",
 "mode": "learned",
 "K": 4,
 "seed": 2,
 "n_markers": 1089,
 "test_macro_f1": 58.69439436346661,
 "test_accuracy": 69.9564432168278,
 "n_features": 1089,
 "n_classes": 28,
 "n_samples": 94129,
 "learned_lambda": 0.5591022372245789
}