{
 "dataset": "Spleen",
 "mode": "learned",
 "K": 4,
 "seed": 1,
 "n_markers": 1089,
 "test_macro_f1": 67.30602165957794,
 "test_accuracy": 73.14706611423917,
 "n_features": 1089,
 "n_classes": 28,
 "n_samples": 94129,
 "learned_lambda": 0.4267067611217499
}