{
 "dataset": "Spleen",
 "mode": "learned",
 "K": 4,
 "seed": 0,
 "n_markers": 1089,
 "test_macro_f1": 58.86083761367373,
 "test_accuracy": 70.11933850348808,
 "n_features": 1089,
 "n_classes": 28,
 "n_samples": 94129,
 "learned_lambda": 0.5683846473693848
}