{
 "dataset": "Tcell",
 "mode": "learned_anchor",
 "K": 4,
 "seed": 0,
 "n_markers": 128,
 "test_macro_f1": 55.249716968800676,
 "test_accuracy": 74.8021657642649,
 "val_macro_f1": 54.84129937379068,
 "n_features": 1089,
 "n_classes": 7,
 "n_samples": 24007,
 "learned_lambda": 0.31022322177886963,
 "bio_anchor_have": true
}