{
 "dataset": "Tcell",
 "mode": "learned_anchor",
 "K": 4,
 "seed": 1,
 "n_markers": 128,
 "test_macro_f1": 52.49028185926491,
 "test_accuracy": 71.35915590726086,
 "val_macro_f1": 52.53237905134062,
 "n_features": 1089,
 "n_classes": 7,
 "n_samples": 24007,
 "learned_lambda": 0.2897908687591553,
 "bio_anchor_have": true
}