{
 "dataset": "Tcell",
 "mode": "learned_anchor",
 "K": 4,
 "seed": 2,
 "n_markers": 128,
 "test_macro_f1": 56.85506386487885,
 "test_accuracy": 74.31625711509093,
 "val_macro_f1": 56.192951783138476,
 "n_features": 1089,
 "n_classes": 7,
 "n_samples": 24007,
 "learned_lambda": 0.30177533626556396,
 "bio_anchor_have": true
}