{
 "dataset": "Oesophagus",
 "mode": "coexpr",
 "K": 4,
 "seed": 7,
 "test_macro_f1": 58.05062145250878,
 "test_accuracy": 83.6194807655865,
 "n_features": 1089,
 "n_classes": 18,
 "n_samples": 87947
}