{
 "dataset": "Oesophagus",
 "mode": "coexpr",
 "K": 4,
 "seed": 1,
 "test_macro_f1": 56.53252522657309,
 "test_accuracy": 82.30812961910176,
 "n_features": 1089,
 "n_classes": 18,
 "n_samples": 87947
}