{
 "dataset": "Oesophagus",
 "mode": "coexpr",
 "K": 4,
 "seed": 0,
 "test_macro_f1": 63.580041113531315,
 "test_accuracy": 83.86962289179458,
 "n_features": 1089,
 "n_classes": 18,
 "n_samples": 87947
}