{
 "dataset": "Oesophagus",
 "mode": "coexpr",
 "K": 4,
 "seed": 5,
 "test_macro_f1": 54.339577234156934,
 "test_accuracy": 81.47432253174152,
 "n_features": 1089,
 "n_classes": 18,
 "n_samples": 87947
}