{
 "dataset": "Oesophagus",
 "mode": "coexpr",
 "K": 4,
 "seed": 9,
 "test_macro_f1": 61.38413006287779,
 "test_accuracy": 83.22531741519803,
 "n_features": 1089,
 "n_classes": 18,
 "n_samples": 87947
}