{
 "dataset": "Oesophagus",
 "mode": "coexpr",
 "K": 4,
 "seed": 8,
 "test_macro_f1": 55.99131540728543,
 "test_accuracy": 80.04927041879856,
 "n_features": 1089,
 "n_classes": 18,
 "n_samples": 87947
}