{
 "dataset": "Oesophagus",
 "mode": "coexpr",
 "K": 4,
 "seed": 3,
 "test_macro_f1": 55.924350997196534,
 "test_accuracy": 84.54045859389805,
 "n_features": 1089,
 "n_classes": 18,
 "n_samples": 87947
}