{
 "dataset": "Oesophagus",
 "mode": "coexpr",
 "K": 4,
 "seed": 2,
 "test_macro_f1": 58.092673714135636,
 "test_accuracy": 82.95622512791358,
 "n_features": 1089,
 "n_classes": 18,
 "n_samples": 87947
}