{
 "dataset": "Oesophagus",
 "mode": "coexpr",
 "K": 4,
 "seed": 4,
 "test_macro_f1": 60.74423270898782,
 "test_accuracy": 84.68447981807844,
 "n_features": 1089,
 "n_classes": 18,
 "n_samples": 87947
}