{
 "dataset": "Oesophagus",
 "mode": "learned",
 "K": 4,
 "seed": 7,
 "test_macro_f1": 71.50385539402612,
 "test_accuracy": 87.61038468826985,
 "n_features": 1089,
 "n_classes": 18,
 "n_samples": 87947,
 "learned_lambda": 0.7081400752067566
}