{
 "dataset": "Oesophagus",
 "mode": "learned_bio",
 "K": 4,
 "seed": 0,
 "test_macro_f1": 70.88123433467459,
 "test_accuracy": 86.42789463710442,
 "n_features": 1089,
 "n_classes": 18,
 "n_samples": 87947,
 "learned_lambda": 0.5704048275947571
}