{
 "dataset": "Oesophagus",
 "mode": "learned_bio",
 "K": 4,
 "seed": 9,
 "test_macro_f1": 69.40940990384445,
 "test_accuracy": 87.3564525298465,
 "n_features": 1089,
 "n_classes": 18,
 "n_samples": 87947,
 "learned_lambda": 0.5225983262062073
}