{
 "dataset": "Oesophagus",
 "mode": "learned_bio",
 "K": 4,
 "seed": 4,
 "test_macro_f1": 68.47445489891439,
 "test_accuracy": 88.01591813530415,
 "n_features": 1089,
 "n_classes": 18,
 "n_samples": 87947,
 "learned_lambda": 0.5753259062767029
}