{
 "dataset": "Oesophagus",
 "mode": "learned_bio",
 "K": 4,
 "seed": 7,
 "test_macro_f1": 70.33444260279882,
 "test_accuracy": 88.79287473943529,
 "n_features": 1089,
 "n_classes": 18,
 "n_samples": 87947,
 "learned_lambda": 0.7581070065498352
}