{
 "dataset": "Oesophagus",
 "mode": "learned",
 "K": 4,
 "seed": 0,
 "test_macro_f1": 70.76961854390034,
 "test_accuracy": 87.07599014591624,
 "n_features": 1089,
 "n_classes": 18,
 "n_samples": 87947,
 "learned_lambda": 0.5722656846046448
}