{
 "dataset": "Oesophagus",
 "mode": "learned_bio",
 "K": 4,
 "seed": 8,
 "test_macro_f1": 70.14278329486133,
 "test_accuracy": 88.5162023877203,
 "n_features": 1089,
 "n_classes": 18,
 "n_samples": 87947,
 "learned_lambda": 0.8233029842376709
}