{
 "dataset": "Oesophagus",
 "mode": "learned",
 "K": 4,
 "seed": 9,
 "test_macro_f1": 66.37998043011405,
 "test_accuracy": 86.17775251089634,
 "n_features": 1089,
 "n_classes": 18,
 "n_samples": 87947,
 "learned_lambda": 0.5677753686904907
}