{
 "dataset": "Oesophagus",
 "mode": "learned",
 "K": 4,
 "seed": 1,
 "test_macro_f1": 70.38934785870565,
 "test_accuracy": 87.14800075800643,
 "n_features": 1089,
 "n_classes": 18,
 "n_samples": 87947,
 "learned_lambda": 0.5765761733055115
}