{
 "dataset": "Oesophagus",
 "mode": "learned",
 "K": 4,
 "seed": 2,
 "test_macro_f1": 69.5883457220166,
 "test_accuracy": 88.53894258101194,
 "n_features": 1089,
 "n_classes": 18,
 "n_samples": 87947,
 "learned_lambda": 0.7909823060035706
}