{
 "dataset": "Oesophagus",
 "mode": "learned",
 "K": 4,
 "seed": 5,
 "test_macro_f1": 69.07421875188206,
 "test_accuracy": 86.81068789084708,
 "n_features": 1089,
 "n_classes": 18,
 "n_samples": 87947,
 "learned_lambda": 0.6053199768066406
}