{
 "dataset": "Oesophagus",
 "mode": "learned_bio",
 "K": 4,
 "seed": 3,
 "test_macro_f1": 69.03601108276149,
 "test_accuracy": 87.84536668561684,
 "n_features": 1089,
 "n_classes": 18,
 "n_samples": 87947,
 "learned_lambda": 0.6644952893257141
}