{
 "dataset": "Oesophagus",
 "mode": "learned",
 "K": 4,
 "seed": 3,
 "test_macro_f1": 69.26879630179282,
 "test_accuracy": 87.79988629903355,
 "n_features": 1089,
 "n_classes": 18,
 "n_samples": 87947,
 "learned_lambda": 0.7662464380264282
}