{
 "dataset": "Oesophagus",
 "mode": "learned",
 "K": 4,
 "seed": 4,
 "test_macro_f1": 71.02843819706278,
 "test_accuracy": 87.95906765207503,
 "n_features": 1089,
 "n_classes": 18,
 "n_samples": 87947,
 "learned_lambda": 0.6226522922515869
}