{
 "dataset": "Oesophagus",
 "mode": "learned_bio",
 "K": 4,
 "seed": 5,
 "test_macro_f1": 70.45058451499696,
 "test_accuracy": 88.44798180784537,
 "n_features": 1089,
 "n_classes": 18,
 "n_samples": 87947,
 "learned_lambda": 0.7002437114715576
}