{
 "dataset": "Oesophagus",
 "mode": "learned",
 "K": 4,
 "seed": 8,
 "test_macro_f1": 68.14804044017055,
 "test_accuracy": 86.93575895395111,
 "n_features": 1089,
 "n_classes": 18,
 "n_samples": 87947,
 "learned_lambda": 0.5452658534049988
}