{
 "dataset": "Oesophagus",
 "mode": "learned_bio",
 "K": 4,
 "seed": 2,
 "test_macro_f1": 69.40244422710208,
 "test_accuracy": 88.6450634830396,
 "n_features": 1089,
 "n_classes": 18,
 "n_samples": 87947,
 "learned_lambda": 0.7417681217193604
}