{
 "dataset": "Oesophagus",
 "mode": "learned_bio",
 "K": 4,
 "seed": 6,
 "test_macro_f1": 69.85680195457236,
 "test_accuracy": 88.47072200113702,
 "n_features": 1089,
 "n_classes": 18,
 "n_samples": 87947,
 "learned_lambda": 0.74993896484375
}