{
 "dataset": "Oesophagus",
 "mode": "learned_bio",
 "K": 4,
 "seed": 1,
 "test_macro_f1": 72.46814700629555,
 "test_accuracy": 88.9785863179837,
 "n_features": 1089,
 "n_classes": 18,
 "n_samples": 87947,
 "learned_lambda": 0.8048311471939087
}