{
 "dataset": "Oesophagus",
 "mode": "learned",
 "K": 4,
 "seed": 6,
 "test_macro_f1": 69.95677220511834,
 "test_accuracy": 87.23517149895774,
 "n_features": 1089,
 "n_classes": 18,
 "n_samples": 87947,
 "learned_lambda": 0.6373553276062012
}