{
 "dataset": "Oesophagus",
 "mode": "none",
 "K": 4,
 "seed": 1,
 "test_macro_f1": 54.944535837718355,
 "test_accuracy": 80.35626302823574,
 "n_features": 1089,
 "n_classes": 18,
 "n_samples": 87947
}