{
 "dataset": "Oesophagus",
 "mode": "none",
 "K": 4,
 "seed": 4,
 "test_macro_f1": 58.067781041674806,
 "test_accuracy": 82.69850293727497,
 "n_features": 1089,
 "n_classes": 18,
 "n_samples": 87947
}