{
 "dataset": "Oesophagus",
 "mode": "none",
 "K": 4,
 "seed": 3,
 "test_macro_f1": 53.723009206435904,
 "test_accuracy": 83.09645631987873,
 "n_features": 1089,
 "n_classes": 18,
 "n_samples": 87947
}