{
 "dataset": "Oesophagus",
 "mode": "none",
 "K": 4,
 "seed": 0,
 "test_macro_f1": 61.961212876091324,
 "test_accuracy": 83.39965889710062,
 "n_features": 1089,
 "n_classes": 18,
 "n_samples": 87947
}