{
 "dataset": "Oesophagus",
 "mode": "none",
 "K": 4,
 "seed": 6,
 "test_macro_f1": 62.57156140219804,
 "test_accuracy": 81.25450066325564,
 "n_features": 1089,
 "n_classes": 18,
 "n_samples": 87947
}