{
 "dataset": "Oesophagus",
 "mode": "none",
 "K": 4,
 "seed": 2,
 "test_macro_f1": 53.35080791142784,
 "test_accuracy": 78.87057039984839,
 "n_features": 1089,
 "n_classes": 18,
 "n_samples": 87947
}