{
 "dataset": "Oesophagus",
 "mode": "none",
 "K": 4,
 "seed": 7,
 "test_macro_f1": 54.49487603274959,
 "test_accuracy": 82.26643926473375,
 "n_features": 1089,
 "n_classes": 18,
 "n_samples": 87947
}