{
 "dataset": "Oesophagus",
 "mode": "none",
 "K": 4,
 "seed": 5,
 "test_macro_f1": 53.762683597663866,
 "test_accuracy": 81.54254311161645,
 "n_features": 1089,
 "n_classes": 18,
 "n_samples": 87947
}