{
 "dataset": "Oesophagus",
 "mode": "none",
 "K": 4,
 "seed": 8,
 "test_macro_f1": 54.77486117915284,
 "test_accuracy": 77.35076748152359,
 "n_features": 1089,
 "n_classes": 18,
 "n_samples": 87947
}