{
 "dataset": "Oesophagus",
 "mode": "none",
 "K": 4,
 "seed": 9,
 "test_macro_f1": 59.68672742534218,
 "test_accuracy": 81.77752510896342,
 "n_features": 1089,
 "n_classes": 18,
 "n_samples": 87947
}