{
 "dataset": "Oesophagus",
 "mode": "random",
 "K": 4,
 "seed": 1,
 "test_macro_f1": 54.30010862546648,
 "test_accuracy": 77.29770703050976,
 "n_features": 1089,
 "n_classes": 18,
 "n_samples": 87947
}