{
 "dataset": "Oesophagus",
 "mode": "random",
 "K": 4,
 "seed": 4,
 "test_macro_f1": 59.99632580404588,
 "test_accuracy": 82.77051354936516,
 "n_features": 1089,
 "n_classes": 18,
 "n_samples": 87947
}