{
 "dataset": "Oesophagus",
 "mode": "random",
 "K": 4,
 "seed": 0,
 "test_macro_f1": 56.3279888082548,
 "test_accuracy": 80.72768618533257,
 "n_features": 1089,
 "n_classes": 18,
 "n_samples": 87947
}