{
 "dataset": "Oesophagus",
 "mode": "random",
 "K": 4,
 "seed": 7,
 "test_macro_f1": 49.42631497402709,
 "test_accuracy": 78.09361379571726,
 "n_features": 1089,
 "n_classes": 18,
 "n_samples": 87947
}