{
 "dataset": "Oesophagus",
 "mode": "random",
 "K": 4,
 "seed": 9,
 "test_macro_f1": 59.58634473096036,
 "test_accuracy": 82.45594087549745,
 "n_features": 1089,
 "n_classes": 18,
 "n_samples": 87947
}