{
 "dataset": "Oesophagus",
 "mode": "random",
 "K": 4,
 "seed": 3,
 "test_macro_f1": 52.9332721001726,
 "test_accuracy": 81.86469584991472,
 "n_features": 1089,
 "n_classes": 18,
 "n_samples": 87947
}