{
 "dataset": "Oesophagus",
 "mode": "random",
 "K": 4,
 "seed": 2,
 "test_macro_f1": 53.52937965631005,
 "test_accuracy": 78.10877392457836,
 "n_features": 1089,
 "n_classes": 18,
 "n_samples": 87947
}