{
 "dataset": "Oesophagus",
 "mode": "random",
 "K": 4,
 "seed": 6,
 "test_macro_f1": 59.17071268185453,
 "test_accuracy": 79.35948455561872,
 "n_features": 1089,
 "n_classes": 18,
 "n_samples": 87947
}