{
 "dataset": "Oesophagus",
 "mode": "random",
 "K": 4,
 "seed": 8,
 "test_macro_f1": 54.54340476077402,
 "test_accuracy": 79.61720674625734,
 "n_features": 1089,
 "n_classes": 18,
 "n_samples": 87947
}