{
 "dataset": "Oesophagus",
 "mode": "random",
 "K": 4,
 "seed": 5,
 "test_macro_f1": 53.96341163160714,
 "test_accuracy": 79.46560545764639,
 "n_features": 1089,
 "n_classes": 18,
 "n_samples": 87947
}