{
 "dataset": "common_class",
 "n_samples": 27499,
 "n_features": 1089,
 "n_classes": 19,
 "n_train": 16361,
 "n_test": 8250,
 "transformer_params": 75168,
 "total_params": 214791,
 "config": {
  "heads": [
   "cell_type"
  ],
  "cohorts": null,
  "n_hvg": null,
  "n_channels": 1,
  "batch_size": 128,
  "val_frac": 0.15,
  "test_frac": 0.15,
  "d_model": 96,
  "n_heads": 4,
  "d_ff": 192,
  "dropout": 0.1,
  "n_markers": 128,
  "marker_mode": "router",
  "pathway_pool": "mean",
  "compress_mode": "aggregate",
  "recursive_marker_refine": true,
  "peak_init": true,
  "anneal_markers": true,
  "recursion_depth": 4,
  "share_weights": true,
  "adaptive_depth": false,
  "marker_ffn": false,
  "recursion_mode": "token",
  "router_capacity": null,
  "router_alpha": 1.0,
  "router_temp": 1.0,
  "router_type": "linear",
  "router_z_coeff": 0.001,
  "router_balance_coeff": 0.1,
  "gene_interaction": "none",
  "interaction_knn": 16,
  "router_prior_beta": 1.0,
  "router_prior_anneal": true,
  "pathway_attn_bias": false,
  "pathway_attn_lambda": 2.0,
  "lambda_marker": 0.1,
  "gamma_diversity": 0.05,
  "beta_compression": 0.01,
  "lr": 0.001,
  "weight_decay": 1e-05,
  "epochs": 150,
  "patience": 15,
  "seed": 2,
  "device": "cuda"
 },
 "heads": {
  "cell_type": {
   "accuracy": 0.8164848484848485,
   "macro_f1": 0.6261157568591516,
   "weighted_f1": 0.8199240830996746,
   "per_class": {
    "0": {
     "precision": 0.6666666666666666,
     "recall": 0.6052631578947368,
     "f1-score": 0.6344827586206897,
     "support": 76.0
    },
    "1": {
     "precision": 0.5622895622895623,
     "recall": 0.5107033639143731,
     "f1-score": 0.5352564102564102,
     "support": 327.0
    },
    "2": {
     "precision": 0.6620689655172414,
     "recall": 0.40336134453781514,
     "f1-score": 0.5013054830287206,
     "support": 238.0
    },
    "3": {
     "precision": 0.4580152671755725,
     "recall": 0.718562874251497,
     "f1-score": 0.5594405594405595,
     "support": 167.0
    },
    "4": {
     "precision": 0.625,
     "recall": 0.625,
     "f1-score": 0.625,
     "support": 160.0
    },
    "5": {
     "precision": 0.5721649484536082,
     "recall": 0.4530612244897959,
     "f1-score": 0.5056947608200456,
     "support": 245.0
    },
    "6": {
     "precision": 0.32673267326732675,
     "recall": 0.5546218487394958,
     "f1-score": 0.411214953271028,
     "support": 119.0
    },
    "7": {
     "precision": 0.7693498452012384,
     "recall": 0.7406855439642325,
     "f1-score": 0.7547456340167046,
     "support": 671.0
    },
    "8": {
     "precision": 0.5474452554744526,
     "recall": 0.5208333333333334,
     "f1-score": 0.5338078291814946,
     "support": 144.0
    },
    "9": {
     "precision": 0.7783783783783784,
     "recall": 0.6990291262135923,
     "f1-score": 0.7365728900255755,
     "support": 412.0
    },
    "10": {
     "precision": 0.63125,
     "recall": 0.608433734939759,
     "f1-score": 0.6196319018404908,
     "support": 166.0
    },
    "11": {
     "precision": 0.806,
     "recall": 0.7886497064579256,
     "f1-score": 0.7972304648862513,
     "support": 511.0
    },
    "12": {
     "precision": 0.8742857142857143,
     "recall": 0.8693181818181818,
     "f1-score": 0.8717948717948718,
     "support": 528.0
    },
    "13": {
     "precision": 0.3855421686746988,
     "recall": 0.6808510638297872,
     "f1-score": 0.49230769230769234,
     "support": 94.0
    },
    "14": {
     "precision": 0.23076923076923078,
     "recall": 0.6428571428571429,
     "f1-score": 0.33962264150943394,
     "support": 14.0
    },
    "15": {
     "precision": 0.4177215189873418,
     "recall": 0.4925373134328358,
     "f1-score": 0.4520547945205479,
     "support": 201.0
    },
    "16": {
     "precision": 0.9907192575406032,
     "recall": 0.9660633484162896,
     "f1-score": 0.9782359679266895,
     "support": 884.0
    },
    "17": {
     "precision": 0.9774203526136716,
     "recall": 0.9675443968156767,
     "f1-score": 0.9724573011232497,
     "support": 3266.0
    },
    "18": {
     "precision": 0.45652173913043476,
     "recall": 0.7777777777777778,
     "f1-score": 0.5753424657534246,
     "support": 27.0
    },
    "accuracy": 0.8164848484848485,
    "macro avg": {
     "precision": 0.617807449706618,
     "recall": 0.66448181493075,
     "f1-score": 0.6261157568591516,
     "support": 8250.0
    },
    "weighted avg": {
     "precision": 0.8297578872789257,
     "recall": 0.8164848484848485,
     "f1-score": 0.8199240830996746,
     "support": 8250.0
    }
   }
  }
 }
}