{
 "dataset": "pancreas",
 "n_samples": 14767,
 "n_features": 1936,
 "n_classes": 15,
 "n_train": 10744,
 "n_test": 2127,
 "transformer_params": 75168,
 "total_params": 295327,
 "config": {
  "heads": [
   "cell_type"
  ],
  "cohorts": null,
  "n_hvg": null,
  "n_channels": 1,
  "batch_size": 128,
  "val_frac": 0.15,
  "test_frac": 0.15,
  "d_model": 96,
  "n_heads": 4,
  "d_ff": 192,
  "dropout": 0.1,
  "n_markers": 128,
  "marker_mode": "router",
  "compress_mode": "aggregate",
  "recursive_marker_refine": true,
  "peak_init": true,
  "anneal_markers": true,
  "recursion_depth": 4,
  "share_weights": true,
  "adaptive_depth": false,
  "marker_ffn": false,
  "recursion_mode": "token",
  "router_capacity": null,
  "router_alpha": 1.0,
  "router_temp": 1.0,
  "router_type": "linear",
  "router_z_coeff": 0.001,
  "router_balance_coeff": 0.1,
  "gene_interaction": "none",
  "interaction_knn": 16,
  "router_prior_beta": 1.0,
  "router_prior_anneal": true,
  "lambda_marker": 0.1,
  "gamma_diversity": 0.05,
  "beta_compression": 0.01,
  "lr": 0.001,
  "weight_decay": 1e-05,
  "epochs": 150,
  "patience": 15,
  "seed": 2,
  "device": "cuda"
 },
 "heads": {
  "cell_type": {
   "accuracy": 0.921955806299953,
   "macro_f1": 0.6417413623796547,
   "weighted_f1": 0.9252578063759539,
   "per_class": {
    "0": {
     "precision": 0.0,
     "recall": 0.0,
     "f1-score": 0.0,
     "support": 5.0
    },
    "1": {
     "precision": 0.9659090909090909,
     "recall": 0.918918918918919,
     "f1-score": 0.9418282548476454,
     "support": 185.0
    },
    "2": {
     "precision": 0.9869358669833729,
     "recall": 0.9379232505643341,
     "f1-score": 0.9618055555555556,
     "support": 886.0
    },
    "3": {
     "precision": 0.9595588235294118,
     "recall": 0.9666666666666667,
     "f1-score": 0.9630996309963099,
     "support": 270.0
    },
    "4": {
     "precision": 0.6625,
     "recall": 0.9298245614035088,
     "f1-score": 0.7737226277372263,
     "support": 114.0
    },
    "5": {
     "precision": 0.9541984732824428,
     "recall": 0.9715025906735751,
     "f1-score": 0.962772785622593,
     "support": 386.0
    },
    "6": {
     "precision": 1.0,
     "recall": 0.5625,
     "f1-score": 0.72,
     "support": 16.0
    },
    "7": {
     "precision": 0.6666666666666666,
     "recall": 0.2857142857142857,
     "f1-score": 0.4,
     "support": 7.0
    },
    "8": {
     "precision": 0.9563106796116505,
     "recall": 1.0,
     "f1-score": 0.9776674937965261,
     "support": 197.0
    },
    "10": {
     "precision": 1.0,
     "recall": 0.7142857142857143,
     "f1-score": 0.8333333333333334,
     "support": 7.0
    },
    "11": {
     "precision": 0.0,
     "recall": 0.0,
     "f1-score": 0.0,
     "support": 0.0
    },
    "13": {
     "precision": 0.8333333333333334,
     "recall": 0.09259259259259259,
     "f1-score": 0.16666666666666666,
     "support": 54.0
    },
    "accuracy": 0.921955806299953,
    "macro avg": {
     "precision": 0.7487844111929974,
     "recall": 0.6149940484016331,
     "f1-score": 0.6417413623796547,
     "support": 2127.0
    },
    "weighted avg": {
     "precision": 0.9483332033641636,
     "recall": 0.921955806299953,
     "f1-score": 0.9252578063759539,
     "support": 2127.0
    }
   }
  }
 }
}