{
 "dataset": "tabula_muris",
 "n_samples": 54865,
 "n_features": 1089,
 "n_classes": 55,
 "n_train": 32645,
 "n_test": 16458,
 "transformer_params": 75168,
 "total_params": 221775,
 "config": {
  "heads": [
   "cell_type"
  ],
  "cohorts": null,
  "n_hvg": null,
  "n_channels": 1,
  "batch_size": 128,
  "val_frac": 0.15,
  "test_frac": 0.15,
  "d_model": 96,
  "n_heads": 4,
  "d_ff": 192,
  "dropout": 0.1,
  "n_markers": 128,
  "marker_mode": "router",
  "compress_mode": "aggregate",
  "recursive_marker_refine": true,
  "peak_init": true,
  "anneal_markers": true,
  "recursion_depth": 4,
  "share_weights": true,
  "adaptive_depth": false,
  "marker_ffn": false,
  "recursion_mode": "token",
  "router_capacity": null,
  "router_alpha": 1.0,
  "router_temp": 1.0,
  "router_type": "linear",
  "router_z_coeff": 0.001,
  "router_balance_coeff": 0.1,
  "gene_interaction": "none",
  "interaction_knn": 16,
  "router_prior_beta": 1.0,
  "router_prior_anneal": true,
  "lambda_marker": 0.1,
  "gamma_diversity": 0.05,
  "beta_compression": 0.01,
  "lr": 0.001,
  "weight_decay": 1e-05,
  "epochs": 150,
  "patience": 15,
  "seed": 2,
  "device": "cuda"
 },
 "heads": {
  "cell_type": {
   "accuracy": 0.830173775671406,
   "macro_f1": 0.7221791811867447,
   "weighted_f1": 0.8345734099693426,
   "per_class": {
    "0": {
     "precision": 0.9641116526362428,
     "recall": 0.8745980707395499,
     "f1-score": 0.9171759747102213,
     "support": 2488.0
    },
    "1": {
     "precision": 0.15789473684210525,
     "recall": 0.46153846153846156,
     "f1-score": 0.23529411764705882,
     "support": 13.0
    },
    "2": {
     "precision": 0.6153846153846154,
     "recall": 0.8,
     "f1-score": 0.6956521739130435,
     "support": 20.0
    },
    "3": {
     "precision": 0.30303030303030304,
     "recall": 0.9090909090909091,
     "f1-score": 0.45454545454545453,
     "support": 11.0
    },
    "4": {
     "precision": 0.9353312302839116,
     "recall": 0.8964474678760394,
     "f1-score": 0.9154766499421073,
     "support": 1323.0
    },
    "5": {
     "precision": 0.91,
     "recall": 0.875,
     "f1-score": 0.8921568627450981,
     "support": 104.0
    },
    "6": {
     "precision": 0.9016393442622951,
     "recall": 0.9322033898305084,
     "f1-score": 0.9166666666666666,
     "support": 118.0
    },
    "7": {
     "precision": 0.9393468118195957,
     "recall": 0.9103240391861341,
     "f1-score": 0.9246077305778798,
     "support": 1327.0
    },
    "8": {
     "precision": 0.5161290322580645,
     "recall": 0.8888888888888888,
     "f1-score": 0.6530612244897959,
     "support": 18.0
    },
    "9": {
     "precision": 0.8807106598984772,
     "recall": 0.961218836565097,
     "f1-score": 0.919205298013245,
     "support": 361.0
    },
    "10": {
     "precision": 0.9855907780979827,
     "recall": 0.9771428571428571,
     "f1-score": 0.9813486370157819,
     "support": 350.0
    },
    "11": {
     "precision": 0.6476683937823834,
     "recall": 0.7309941520467836,
     "f1-score": 0.6868131868131868,
     "support": 342.0
    },
    "12": {
     "precision": 1.0,
     "recall": 1.0,
     "f1-score": 1.0,
     "support": 18.0
    },
    "13": {
     "precision": 0.5384615384615384,
     "recall": 0.9333333333333333,
     "f1-score": 0.6829268292682927,
     "support": 15.0
    },
    "14": {
     "precision": 0.5217391304347826,
     "recall": 0.5,
     "f1-score": 0.5106382978723404,
     "support": 48.0
    },
    "15": {
     "precision": 0.2222222222222222,
     "recall": 0.15384615384615385,
     "f1-score": 0.18181818181818182,
     "support": 13.0
    },
    "16": {
     "precision": 0.875,
     "recall": 0.875,
     "f1-score": 0.875,
     "support": 8.0
    },
    "17": {
     "precision": 0.7916666666666666,
     "recall": 1.0,
     "f1-score": 0.8837209302325582,
     "support": 19.0
    },
    "18": {
     "precision": 0.68,
     "recall": 0.8947368421052632,
     "f1-score": 0.7727272727272727,
     "support": 19.0
    },
    "19": {
     "precision": 0.9354375896700143,
     "recall": 0.7643610785463072,
     "f1-score": 0.8412903225806452,
     "support": 853.0
    },
    "20": {
     "precision": 0.4166666666666667,
     "recall": 0.625,
     "f1-score": 0.5,
     "support": 8.0
    },
    "21": {
     "precision": 0.7859531772575251,
     "recall": 0.9003831417624522,
     "f1-score": 0.8392857142857143,
     "support": 261.0
    },
    "22": {
     "precision": 0.8723404255319149,
     "recall": 0.8913043478260869,
     "f1-score": 0.8817204301075269,
     "support": 46.0
    },
    "23": {
     "precision": 0.5,
     "recall": 0.8088235294117647,
     "f1-score": 0.6179775280898876,
     "support": 68.0
    },
    "24": {
     "precision": 0.8582995951417004,
     "recall": 0.9724770642201835,
     "f1-score": 0.9118279569892473,
     "support": 218.0
    },
    "25": {
     "precision": 0.9504950495049505,
     "recall": 0.8495575221238938,
     "f1-score": 0.897196261682243,
     "support": 113.0
    },
    "26": {
     "precision": 0.7899159663865546,
     "recall": 0.7966101694915254,
     "f1-score": 0.7932489451476793,
     "support": 118.0
    },
    "27": {
     "precision": 0.9980732177263969,
     "recall": 0.9792060491493384,
     "f1-score": 0.9885496183206107,
     "support": 529.0
    },
    "28": {
     "precision": 0.08304498269896193,
     "recall": 0.7058823529411765,
     "f1-score": 0.14860681114551083,
     "support": 34.0
    },
    "29": {
     "precision": 0.9285714285714286,
     "recall": 0.9285714285714286,
     "f1-score": 0.9285714285714286,
     "support": 406.0
    },
    "30": {
     "precision": 0.8885383806519453,
     "recall": 0.9154929577464789,
     "f1-score": 0.9018143009605123,
     "support": 923.0
    },
    "31": {
     "precision": 0.7536231884057971,
     "recall": 0.8813559322033898,
     "f1-score": 0.8125,
     "support": 118.0
    },
    "32": {
     "precision": 0.2,
     "recall": 0.2857142857142857,
     "f1-score": 0.23529411764705882,
     "support": 14.0
    },
    "33": {
     "precision": 0.782608695652174,
     "recall": 0.8120300751879699,
     "f1-score": 0.7970479704797048,
     "support": 133.0
    },
    "34": {
     "precision": 0.8571428571428571,
     "recall": 0.851063829787234,
     "f1-score": 0.8540925266903915,
     "support": 141.0
    },
    "35": {
     "precision": 0.9834710743801653,
     "recall": 0.9944289693593314,
     "f1-score": 0.9889196675900277,
     "support": 359.0
    },
    "36": {
     "precision": 0.8850574712643678,
     "recall": 0.9746835443037974,
     "f1-score": 0.927710843373494,
     "support": 79.0
    },
    "37": {
     "precision": 0.4094488188976378,
     "recall": 0.5360824742268041,
     "f1-score": 0.4642857142857143,
     "support": 97.0
    },
    "38": {
     "precision": 0.9041095890410958,
     "recall": 0.9565217391304348,
     "f1-score": 0.9295774647887324,
     "support": 138.0
    },
    "39": {
     "precision": 0.7005649717514124,
     "recall": 0.8920863309352518,
     "f1-score": 0.7848101265822784,
     "support": 139.0
    },
    "40": {
     "precision": 0.40425531914893614,
     "recall": 0.2398989898989899,
     "f1-score": 0.3011093502377179,
     "support": 396.0
    },
    "41": {
     "precision": 0.23529411764705882,
     "recall": 0.5714285714285714,
     "f1-score": 0.3333333333333333,
     "support": 7.0
    },
    "42": {
     "precision": 0.7647058823529411,
     "recall": 0.8666666666666667,
     "f1-score": 0.8125,
     "support": 15.0
    },
    "43": {
     "precision": 0.942652329749104,
     "recall": 0.8937977909940527,
     "f1-score": 0.9175752289576974,
     "support": 2354.0
    },
    "44": {
     "precision": 0.3786764705882353,
     "recall": 0.906158357771261,
     "f1-score": 0.5341400172860847,
     "support": 341.0
    },
    "45": {
     "precision": 0.616580310880829,
     "recall": 0.7579617834394905,
     "f1-score": 0.68,
     "support": 157.0
    },