{
 "dataset": "baron",
 "n_samples": 8569,
 "n_features": 1936,
 "n_classes": 14,
 "n_train": 5098,
 "n_test": 2571,
 "transformer_params": 112420,
 "total_params": 332385,
 "config": {
  "heads": [
   "cell_type"
  ],
  "cohorts": null,
  "n_hvg": null,
  "n_channels": 1,
  "batch_size": 128,
  "val_frac": 0.15,
  "test_frac": 0.15,
  "d_model": 96,
  "n_heads": 4,
  "d_ff": 192,
  "dropout": 0.1,
  "n_markers": 128,
  "marker_mode": "router",
  "pathway_pool": "mean",
  "compress_mode": "aggregate",
  "recursive_marker_refine": true,
  "peak_init": true,
  "anneal_markers": true,
  "recursion_depth": 4,
  "share_weights": true,
  "share_strategy": "cycle",
  "n_unique_blocks": null,
  "step_cache": false,
  "adaptive_depth": false,
  "marker_ffn": false,
  "recursion_mode": "expert",
  "router_capacity": null,
  "router_alpha": 1.0,
  "router_temp": 1.0,
  "router_type": "mlp",
  "router_z_coeff": 0.001,
  "router_balance_coeff": 0.1,
  "gene_interaction": "none",
  "interaction_knn": 16,
  "router_prior_beta": 1.0,
  "router_prior_anneal": true,
  "pathway_attn_bias": false,
  "pathway_attn_lambda": 2.0,
  "lambda_marker": 0.1,
  "gamma_diversity": 0.05,
  "beta_compression": 0.01,
  "lr": 0.001,
  "weight_decay": 1e-05,
  "epochs": 80,
  "patience": 12,
  "seed": 0,
  "device": "cuda"
 },
 "heads": {
  "cell_type": {
   "accuracy": 0.675223648385842,
   "macro_f1": 0.4939567936635462,
   "weighted_f1": 0.7192310096108583,
   "per_class": {
    "0": {
     "precision": 0.9440298507462687,
     "recall": 0.8815331010452961,
     "f1-score": 0.9117117117117117,
     "support": 287.0
    },
    "1": {
     "precision": 0.6888888888888889,
     "recall": 0.7294117647058823,
     "f1-score": 0.7085714285714285,
     "support": 85.0
    },
    "2": {
     "precision": 0.9376623376623376,
     "recall": 0.5171919770773639,
     "f1-score": 0.6666666666666666,
     "support": 698.0
    },
    "3": {
     "precision": 0.825563909774436,
     "recall": 0.7242744063324539,
     "f1-score": 0.7716092761770906,
     "support": 758.0
    },
    "4": {
     "precision": 0.42424242424242425,
     "recall": 0.6222222222222222,
     "f1-score": 0.5045045045045045,
     "support": 180.0
    },
    "5": {
     "precision": 0.8788819875776398,
     "recall": 0.8761609907120743,
     "f1-score": 0.8775193798449612,
     "support": 323.0
    },
    "6": {
     "precision": 0.6170212765957447,
     "recall": 0.7631578947368421,
     "f1-score": 0.6823529411764706,
     "support": 76.0
    },
    "7": {
     "precision": 0.007194244604316547,
     "recall": 0.4,
     "f1-score": 0.014134275618374558,
     "support": 5.0
    },
    "8": {
     "precision": 0.19626168224299065,
     "recall": 0.2727272727272727,
     "f1-score": 0.22826086956521738,
     "support": 77.0
    },
    "9": {
     "precision": 0.40625,
     "recall": 0.7647058823529411,
     "f1-score": 0.5306122448979592,
     "support": 17.0
    },
    "10": {
     "precision": 0.18181818181818182,
     "recall": 0.5714285714285714,
     "f1-score": 0.27586206896551724,
     "support": 7.0
    },
    "11": {
     "precision": 0.6153846153846154,
     "recall": 0.3076923076923077,
     "f1-score": 0.41025641025641024,
     "support": 52.0
    },
    "12": {
     "precision": 0.125,
     "recall": 0.25,
     "f1-score": 0.16666666666666666,
     "support": 4.0
    },
    "13": {
     "precision": 0.1,
     "recall": 0.5,
     "f1-score": 0.16666666666666666,
     "support": 2.0
    },
    "accuracy": 0.675223648385842,
    "macro avg": {
     "precision": 0.496299957109846,
     "recall": 0.5843218850738019,
     "f1-score": 0.4939567936635462,
     "support": 2571.0
    },
    "weighted avg": {
     "precision": 0.806270366168035,
     "recall": 0.675223648385842,
     "f1-score": 0.7192310096108583,
     "support": 2571.0
    }
   }
  }
 }
}