{
 "dataset": "common_class",
 "n_samples": 27499,
 "n_features": 1089,
 "n_classes": 19,
 "n_train": 16361,
 "n_test": 8250,
 "transformer_params": 112420,
 "total_params": 252043,
 "config": {
  "heads": [
   "cell_type"
  ],
  "cohorts": null,
  "n_hvg": null,
  "n_channels": 1,
  "batch_size": 128,
  "val_frac": 0.15,
  "test_frac": 0.15,
  "d_model": 96,
  "n_heads": 4,
  "d_ff": 192,
  "dropout": 0.1,
  "n_markers": 128,
  "marker_mode": "router",
  "pathway_pool": "mean",
  "compress_mode": "aggregate",
  "recursive_marker_refine": true,
  "peak_init": true,
  "anneal_markers": true,
  "recursion_depth": 4,
  "share_weights": true,
  "share_strategy": "cycle",
  "n_unique_blocks": null,
  "step_cache": false,
  "adaptive_depth": false,
  "marker_ffn": false,
  "recursion_mode": "expert",
  "router_capacity": null,
  "router_alpha": 1.0,
  "router_temp": 1.0,
  "router_type": "mlp",
  "router_z_coeff": 0.001,
  "router_balance_coeff": 0.1,
  "gene_interaction": "none",
  "interaction_knn": 16,
  "router_prior_beta": 1.0,
  "router_prior_anneal": true,
  "pathway_attn_bias": false,
  "pathway_attn_lambda": 2.0,
  "lambda_marker": 0.1,
  "gamma_diversity": 0.05,
  "beta_compression": 0.01,
  "lr": 0.001,
  "weight_decay": 1e-05,
  "epochs": 80,
  "patience": 12,
  "seed": 0,
  "device": "cuda"
 },
 "heads": {
  "cell_type": {
   "accuracy": 0.8328484848484848,
   "macro_f1": 0.7015158457161144,
   "weighted_f1": 0.8381528247695926,
   "per_class": {
    "0": {
     "precision": 0.5089285714285714,
     "recall": 0.75,
     "f1-score": 0.6063829787234043,
     "support": 76.0
    },
    "1": {
     "precision": 0.6277602523659306,
     "recall": 0.6085626911314985,
     "f1-score": 0.6180124223602484,
     "support": 327.0
    },
    "2": {
     "precision": 0.5390946502057613,
     "recall": 0.5504201680672269,
     "f1-score": 0.5446985446985447,
     "support": 238.0
    },
    "3": {
     "precision": 0.6262135922330098,
     "recall": 0.7724550898203593,
     "f1-score": 0.6916890080428955,
     "support": 167.0
    },
    "4": {
     "precision": 0.6923076923076923,
     "recall": 0.73125,
     "f1-score": 0.7112462006079028,
     "support": 160.0
    },
    "5": {
     "precision": 0.7217391304347827,
     "recall": 0.6775510204081633,
     "f1-score": 0.6989473684210527,
     "support": 245.0
    },
    "6": {
     "precision": 0.525974025974026,
     "recall": 0.680672268907563,
     "f1-score": 0.5934065934065934,
     "support": 119.0
    },
    "7": {
     "precision": 0.8928,
     "recall": 0.8315946348733234,
     "f1-score": 0.8611111111111112,
     "support": 671.0
    },
    "8": {
     "precision": 0.47953216374269003,
     "recall": 0.5694444444444444,
     "f1-score": 0.5206349206349207,
     "support": 144.0
    },
    "9": {
     "precision": 0.6978609625668449,
     "recall": 0.633495145631068,
     "f1-score": 0.6641221374045801,
     "support": 412.0
    },
    "10": {
     "precision": 0.5824742268041238,
     "recall": 0.6807228915662651,
     "f1-score": 0.6277777777777778,
     "support": 166.0
    },
    "11": {
     "precision": 0.7806841046277666,
     "recall": 0.7592954990215264,
     "f1-score": 0.7698412698412699,
     "support": 511.0
    },
    "12": {
     "precision": 0.8704761904761905,
     "recall": 0.865530303030303,
     "f1-score": 0.8679962013295347,
     "support": 528.0
    },
    "13": {
     "precision": 0.3684210526315789,
     "recall": 0.5957446808510638,
     "f1-score": 0.45528455284552843,
     "support": 94.0
    },
    "14": {
     "precision": 0.8666666666666667,
     "recall": 0.9285714285714286,
     "f1-score": 0.896551724137931,
     "support": 14.0
    },
    "15": {
     "precision": 0.48360655737704916,
     "recall": 0.5870646766169154,
     "f1-score": 0.5303370786516854,
     "support": 201.0
    },
    "16": {
     "precision": 0.9873125720876585,
     "recall": 0.9683257918552036,
     "f1-score": 0.9777270131353513,
     "support": 884.0
    },
    "17": {
     "precision": 0.9845708775313404,
     "recall": 0.9378444580526638,
     "f1-score": 0.9606397992786577,
     "support": 3266.0
    },
    "18": {
     "precision": 0.5909090909090909,
     "recall": 0.9629629629629629,
     "f1-score": 0.7323943661971831,
     "support": 27.0
    },
    "accuracy": 0.8328484848484848,
    "macro avg": {
     "precision": 0.6751227568616197,
     "recall": 0.7416583239901042,
     "f1-score": 0.7015158457161144,
     "support": 8250.0
    },
    "weighted avg": {
     "precision": 0.8468137756089512,
     "recall": 0.8328484848484848,
     "f1-score": 0.8381528247695926,
     "support": 8250.0
    }
   }
  }
 }
}