{
 "dataset": "prototype",
 "n_samples": 90579,
 "n_features": 752,
 "n_classes": 10,
 "n_train": 53894,
 "n_test": 27174,
 "transformer_params": 112420,
 "total_params": 217945,
 "config": {
  "heads": [
   "cell_type"
  ],
  "cohorts": null,
  "n_hvg": null,
  "n_channels": 1,
  "batch_size": 128,
  "val_frac": 0.15,
  "test_frac": 0.15,
  "d_model": 96,
  "n_heads": 4,
  "d_ff": 192,
  "dropout": 0.1,
  "n_markers": 128,
  "marker_mode": "router",
  "pathway_pool": "mean",
  "compress_mode": "aggregate",
  "recursive_marker_refine": true,
  "peak_init": true,
  "anneal_markers": true,
  "recursion_depth": 4,
  "share_weights": true,
  "share_strategy": "cycle",
  "n_unique_blocks": null,
  "step_cache": false,
  "adaptive_depth": false,
  "marker_ffn": false,
  "recursion_mode": "expert",
  "router_capacity": null,
  "router_alpha": 1.0,
  "router_temp": 1.0,
  "router_type": "mlp",
  "router_z_coeff": 0.001,
  "router_balance_coeff": 0.1,
  "gene_interaction": "none",
  "interaction_knn": 16,
  "router_prior_beta": 1.0,
  "router_prior_anneal": true,
  "pathway_attn_bias": false,
  "pathway_attn_lambda": 2.0,
  "lambda_marker": 0.1,
  "gamma_diversity": 0.05,
  "beta_compression": 0.01,
  "lr": 0.001,
  "weight_decay": 1e-05,
  "epochs": 80,
  "patience": 12,
  "seed": 0,
  "device": "cuda"
 },
 "heads": {
  "cell_type": {
   "accuracy": 0.9381025980716862,
   "macro_f1": 0.9318285539603209,
   "weighted_f1": 0.9380087056669845,
   "per_class": {
    "0": {
     "precision": 0.9411764705882353,
     "recall": 0.9871944121071012,
     "f1-score": 0.9636363636363636,
     "support": 859.0
    },
    "1": {
     "precision": 0.9510978043912176,
     "recall": 0.9389162561576355,
     "f1-score": 0.9449677739216659,
     "support": 1015.0
    },
    "2": {
     "precision": 0.9276887871853547,
     "recall": 0.9445479962721341,
     "f1-score": 0.9360424844146848,
     "support": 2146.0
    },
    "3": {
     "precision": 0.9465981012658228,
     "recall": 0.9439842209072978,
     "f1-score": 0.945289354137863,
     "support": 2535.0
    },
    "4": {
     "precision": 0.8860227954409118,
     "recall": 0.8688235294117647,
     "f1-score": 0.8773388773388774,
     "support": 1700.0
    },
    "5": {
     "precision": 0.8675990675990676,
     "recall": 0.8724800750117205,
     "f1-score": 0.8700327255726975,
     "support": 2133.0
    },
    "6": {
     "precision": 0.9171374764595104,
     "recall": 0.9028550241008528,
     "f1-score": 0.9099402092675636,
     "support": 2697.0
    },
    "7": {
     "precision": 0.9553990610328639,
     "recall": 0.9514475813702572,
     "f1-score": 0.9534192269573836,
     "support": 5561.0
    },
    "8": {
     "precision": 0.9446366782006921,
     "recall": 0.9361646003692957,
     "f1-score": 0.9403815580286169,
     "support": 3791.0
    },
    "9": {
     "precision": 0.9712260216847373,
     "recall": 0.9833227781296179,
     "f1-score": 0.977236966327494,
     "support": 4737.0
    },
    "accuracy": 0.9381025980716862,
    "macro avg": {
     "precision": 0.9308582263848413,
     "recall": 0.9329736473837678,
     "f1-score": 0.9318285539603209,
     "support": 27174.0
    },
    "weighted avg": {
     "precision": 0.938007581192826,
     "recall": 0.9381025980716862,
     "f1-score": 0.9380087056669845,
     "support": 27174.0
    }
   }
  }
 }
}