{
 "dataset": "segerstolpe",
 "n_samples": 2122,
 "n_features": 1936,
 "n_classes": 10,
 "n_train": 1262,
 "n_test": 637,
 "transformer_params": 112420,
 "total_params": 331609,
 "config": {
  "heads": [
   "cell_type"
  ],
  "cohorts": null,
  "n_hvg": null,
  "n_channels": 1,
  "batch_size": 128,
  "val_frac": 0.15,
  "test_frac": 0.15,
  "d_model": 96,
  "n_heads": 4,
  "d_ff": 192,
  "dropout": 0.1,
  "n_markers": 128,
  "marker_mode": "router",
  "pathway_pool": "mean",
  "compress_mode": "aggregate",
  "recursive_marker_refine": true,
  "peak_init": true,
  "anneal_markers": true,
  "recursion_depth": 4,
  "share_weights": true,
  "share_strategy": "cycle",
  "n_unique_blocks": null,
  "step_cache": false,
  "adaptive_depth": false,
  "marker_ffn": false,
  "recursion_mode": "expert",
  "router_capacity": null,
  "router_alpha": 1.0,
  "router_temp": 1.0,
  "router_type": "mlp",
  "router_z_coeff": 0.001,
  "router_balance_coeff": 0.1,
  "gene_interaction": "none",
  "interaction_knn": 16,
  "router_prior_beta": 1.0,
  "router_prior_anneal": true,
  "pathway_attn_bias": false,
  "pathway_attn_lambda": 2.0,
  "lambda_marker": 0.1,
  "gamma_diversity": 0.05,
  "beta_compression": 0.01,
  "lr": 0.001,
  "weight_decay": 1e-05,
  "epochs": 80,
  "patience": 12,
  "seed": 0,
  "device": "cuda"
 },
 "heads": {
  "cell_type": {
   "accuracy": 0.15070643642072212,
   "macro_f1": 0.07099395593235873,
   "weighted_f1": 0.13672309325383966,
   "per_class": {
    "0": {
     "precision": 0.021505376344086023,
     "recall": 0.125,
     "f1-score": 0.03669724770642202,
     "support": 16.0
    },
    "1": {
     "precision": 0.3333333333333333,
     "recall": 0.05357142857142857,
     "f1-score": 0.09230769230769231,
     "support": 56.0
    },
    "2": {
     "precision": 0.4883720930232558,
     "recall": 0.07894736842105263,
     "f1-score": 0.13592233009708737,
     "support": 266.0
    },
    "3": {
     "precision": 0.13793103448275862,
     "recall": 0.09876543209876543,
     "f1-score": 0.11510791366906475,
     "support": 81.0
    },
    "4": {
     "precision": 0.029411764705882353,
     "recall": 0.029411764705882353,
     "f1-score": 0.029411764705882353,
     "support": 34.0
    },
    "5": {
     "precision": 0.2103448275862069,
     "recall": 0.5258620689655172,
     "f1-score": 0.30049261083743845,
     "support": 116.0
    },
    "6": {
     "precision": 0.0,
     "recall": 0.0,
     "f1-score": 0.0,
     "support": 5.0
    },
    "7": {
     "precision": 0.0,
     "recall": 0.0,
     "f1-score": 0.0,
     "support": 2.0
    },
    "8": {
     "precision": 0.0,
     "recall": 0.0,
     "f1-score": 0.0,
     "support": 59.0
    },
    "9": {
     "precision": 0.0,
     "recall": 0.0,
     "f1-score": 0.0,
     "support": 2.0
    },
    "accuracy": 0.15070643642072212,
    "macro avg": {
     "precision": 0.12208984294755229,
     "recall": 0.09115580627626463,
     "f1-score": 0.07099395593235873,
     "support": 637.0
    },
    "weighted avg": {
     "precision": 0.2911933174654027,
     "recall": 0.15070643642072212,
     "f1-score": 0.13672309325383966,
     "support": 637.0
    }
   }
  }
 }
}