{
 "dataset": "tabula_muris",
 "n_samples": 54865,
 "n_features": 1089,
 "n_classes": 55,
 "n_train": 32645,
 "n_test": 16458,
 "transformer_params": 112420,
 "total_params": 259027,
 "config": {
  "heads": [
   "cell_type"
  ],
  "cohorts": null,
  "n_hvg": null,
  "n_channels": 1,
  "batch_size": 128,
  "val_frac": 0.15,
  "test_frac": 0.15,
  "d_model": 96,
  "n_heads": 4,
  "d_ff": 192,
  "dropout": 0.1,
  "n_markers": 128,
  "marker_mode": "router",
  "pathway_pool": "mean",
  "compress_mode": "aggregate",
  "recursive_marker_refine": true,
  "peak_init": true,
  "anneal_markers": true,
  "recursion_depth": 4,
  "share_weights": true,
  "share_strategy": "cycle",
  "n_unique_blocks": null,
  "step_cache": false,
  "adaptive_depth": false,
  "marker_ffn": false,
  "recursion_mode": "expert",
  "router_capacity": null,
  "router_alpha": 1.0,
  "router_temp": 1.0,
  "router_type": "mlp",
  "router_z_coeff": 0.001,
  "router_balance_coeff": 0.1,
  "gene_interaction": "none",
  "interaction_knn": 16,
  "router_prior_beta": 1.0,
  "router_prior_anneal": true,
  "pathway_attn_bias": false,
  "pathway_attn_lambda": 2.0,
  "lambda_marker": 0.1,
  "gamma_diversity": 0.05,
  "beta_compression": 0.01,
  "lr": 0.001,
  "weight_decay": 1e-05,
  "epochs": 80,
  "patience": 12,
  "seed": 0,
  "device": "cuda"
 },
 "heads": {
  "cell_type": {
   "accuracy": 0.7821728034998178,
   "macro_f1": 0.6719132403916359,
   "weighted_f1": 0.7843062213783741,
   "per_class": {
    "0": {
     "precision": 0.9423972892842016,
     "recall": 0.8942926045016077,
     "f1-score": 0.917714992782017,
     "support": 2488.0
    },
    "1": {
     "precision": 0.21951219512195122,
     "recall": 0.6923076923076923,
     "f1-score": 0.3333333333333333,
     "support": 13.0
    },
    "2": {
     "precision": 0.4230769230769231,
     "recall": 0.55,
     "f1-score": 0.4782608695652174,
     "support": 20.0
    },
    "3": {
     "precision": 0.75,
     "recall": 0.5454545454545454,
     "f1-score": 0.631578947368421,
     "support": 11.0
    },
    "4": {
     "precision": 0.9478098788443616,
     "recall": 0.7687074829931972,
     "f1-score": 0.8489148580968281,
     "support": 1323.0
    },
    "5": {
     "precision": 0.8016528925619835,
     "recall": 0.9326923076923077,
     "f1-score": 0.8622222222222222,
     "support": 104.0
    },
    "6": {
     "precision": 0.8412698412698413,
     "recall": 0.8983050847457628,
     "f1-score": 0.8688524590163934,
     "support": 118.0
    },
    "7": {
     "precision": 0.9415584415584416,
     "recall": 0.8741522230595328,
     "f1-score": 0.9066041422430637,
     "support": 1327.0
    },
    "8": {
     "precision": 0.8461538461538461,
     "recall": 0.6111111111111112,
     "f1-score": 0.7096774193548387,
     "support": 18.0
    },
    "9": {
     "precision": 0.6872509960159362,
     "recall": 0.9556786703601108,
     "f1-score": 0.7995365005793743,
     "support": 361.0
    },
    "10": {
     "precision": 0.9684813753581661,
     "recall": 0.9657142857142857,
     "f1-score": 0.9670958512160229,
     "support": 350.0
    },
    "11": {
     "precision": 0.5480349344978166,
     "recall": 0.7339181286549707,
     "f1-score": 0.6275,
     "support": 342.0
    },
    "12": {
     "precision": 0.7619047619047619,
     "recall": 0.8888888888888888,
     "f1-score": 0.8205128205128205,
     "support": 18.0
    },
    "13": {
     "precision": 0.7777777777777778,
     "recall": 0.9333333333333333,
     "f1-score": 0.8484848484848485,
     "support": 15.0
    },
    "14": {
     "precision": 0.6511627906976745,
     "recall": 0.5833333333333334,
     "f1-score": 0.6153846153846154,
     "support": 48.0
    },
    "15": {
     "precision": 0.2222222222222222,
     "recall": 0.7692307692307693,
     "f1-score": 0.3448275862068966,
     "support": 13.0
    },
    "16": {
     "precision": 0.5555555555555556,
     "recall": 0.625,
     "f1-score": 0.5882352941176471,
     "support": 8.0
    },
    "17": {
     "precision": 0.6956521739130435,
     "recall": 0.8421052631578947,
     "f1-score": 0.7619047619047619,
     "support": 19.0
    },
    "18": {
     "precision": 0.5555555555555556,
     "recall": 0.7894736842105263,
     "f1-score": 0.6521739130434783,
     "support": 19.0
    },
    "19": {
     "precision": 0.9116883116883117,
     "recall": 0.4114888628370457,
     "f1-score": 0.567043618739903,
     "support": 853.0
    },
    "20": {
     "precision": 0.5714285714285714,
     "recall": 0.5,
     "f1-score": 0.5333333333333333,
     "support": 8.0
    },
    "21": {
     "precision": 0.4762886597938144,
     "recall": 0.8850574712643678,
     "f1-score": 0.6193029490616622,
     "support": 261.0
    },
    "22": {
     "precision": 0.4788732394366197,
     "recall": 0.7391304347826086,
     "f1-score": 0.5811965811965812,
     "support": 46.0
    },
    "23": {
     "precision": 0.5196078431372549,
     "recall": 0.7794117647058824,
     "f1-score": 0.6235294117647059,
     "support": 68.0
    },
    "24": {
     "precision": 0.8709677419354839,
     "recall": 0.8669724770642202,
     "f1-score": 0.8689655172413793,
     "support": 218.0
    },
    "25": {
     "precision": 0.8392857142857143,
     "recall": 0.831858407079646,
     "f1-score": 0.8355555555555556,
     "support": 113.0
    },
    "26": {
     "precision": 0.7647058823529411,
     "recall": 0.7711864406779662,
     "f1-score": 0.7679324894514767,
     "support": 118.0
    },
    "27": {
     "precision": 0.9943502824858758,
     "recall": 0.998109640831758,
     "f1-score": 0.9962264150943396,
     "support": 529.0
    },
    "28": {
     "precision": 0.08646616541353383,
     "recall": 0.6764705882352942,
     "f1-score": 0.15333333333333332,
     "support": 34.0
    },
    "29": {
     "precision": 0.7942386831275721,
     "recall": 0.9507389162561576,
     "f1-score": 0.8654708520179372,
     "support": 406.0
    },
    "30": {
     "precision": 0.846,
     "recall": 0.9165763813651138,
     "f1-score": 0.8798751950078003,
     "support": 923.0
    },
    "31": {
     "precision": 0.6825396825396826,
     "recall": 0.7288135593220338,
     "f1-score": 0.7049180327868853,
     "support": 118.0
    },
    "32": {
     "precision": 0.3125,
     "recall": 0.35714285714285715,
     "f1-score": 0.3333333333333333,
     "support": 14.0
    },
    "33": {
     "precision": 0.7395833333333334,
     "recall": 0.5338345864661654,
     "f1-score": 0.6200873362445415,
     "support": 133.0
    },
    "34": {
     "precision": 0.6994818652849741,
     "recall": 0.9574468085106383,
     "f1-score": 0.8083832335329342,
     "support": 141.0
    },
    "35": {
     "precision": 0.9856733524355301,
     "recall": 0.958217270194986,
     "f1-score": 0.9717514124293786,
     "support": 359.0
    },
    "36": {
     "precision": 0.74,
     "recall": 0.9367088607594937,
     "f1-score": 0.8268156424581006,
     "support": 79.0
    },
    "37": {
     "precision": 0.3644067796610169,
     "recall": 0.44329896907216493,
     "f1-score": 0.4,
     "support": 97.0
    },
    "38": {
     "precision": 0.8066666666666666,
     "recall": 0.8768115942028986,
     "f1-score": 0.8402777777777778,
     "support": 138.0
    },
    "39": {
     "precision": 0.875,
     "recall": 0.8057553956834532,
     "f1-score": 0.8389513108614233,
     "support": 139.0
    },
    "40": {
     "precision": 0.1984126984126984,
     "recall": 0.06313131313131314,
     "f1-score": 0.09578544061302682,
     "support": 396.0
    },
    "41": {
     "precision": 0.42857142857142855,
     "recall": 0.8571428571428571,
     "f1-score": 0.5714285714285714,
     "support": 7.0
    },
    "42": {
     "precision": 0.4482758620689655,
     "recall": 0.8666666666666667,
     "f1-score": 0.5909090909090909,
     "support": 15.0
    },
    "43": {
     "precision": 0.9539748953974896,
     "recall": 0.8717077315208156,
     "f1-score": 0.9109877913429523,
     "support": 2354.0
    },