{
 "dataset": "baron",
 "config": "learned",
 "seed": 0,
 "n_classes": 13,
 "n_test": 2571,
 "nll": 0.2694006620986772,
 "ece": 0.015138849007804746,
 "brier": 0.07999815495531087,
 "conf": 0.9658322914028048,
 "auroc": 0.8818288051416885,
 "temperature": 1.140170931816101,
 "nll_ts": 0.2520789353811219,
 "ece_ts": 0.010419915839480555,
 "brier_ts": 0.07982459673095696,
 "auroc_ts": 0.8839159931184472
}