{
 "dataset": "blca",
 "config": "learned",
 "seed": 0,
 "n_classes": 2,
 "n_test": 81,
 "nll": 8.12126890794029,
 "ece": 0.3317368079415804,
 "brier": 0.6394172029451001,
 "conf": 0.9775056090244099,
 "auroc": 0.5633423180592992,
 "temperature": 741.31640625,
 "nll_ts": 0.741183294384189,
 "ece_ts": 0.1448775754062999,
 "brier_ts": 0.5028259788030092,
 "auroc_ts": 0.4703504043126685
}