{
 "dataset": "brca",
 "config": "learned",
 "seed": 0,
 "n_classes": 5,
 "n_test": 104,
 "nll": 1.3395606209016626,
 "ece": 0.18961754398082895,
 "brier": 0.7019833506747403,
 "conf": 0.46714658864275765,
 "auroc": 0.5837957824639289,
 "temperature": 1.1521484851837158,
 "nll_ts": 1.3284638959286639,
 "ece_ts": 0.17187905282321794,
 "brier_ts": 0.7003868097624597,
 "auroc_ts": 0.585275619681835
}