{
 "dataset": "lung",
 "config": "learned",
 "seed": 0,
 "n_classes": 25,
 "n_test": 17106,
 "nll": 0.5650452699856758,
 "ece": 0.0685796261089993,
 "brier": 0.20706532350652748,
 "conf": 0.9410805029943026,
 "auroc": 0.8328027421226567,
 "temperature": 1.8223179578781128,
 "nll_ts": 0.4362452624740473,
 "ece_ts": 0.014949116926129522,
 "brier_ts": 0.1964367905378641,
 "auroc_ts": 0.8305445306925888
}