{
 "dataset": "muraro",
 "config": "learned",
 "seed": 0,
 "n_classes": 9,
 "n_test": 637,
 "nll": 0.973410762358026,
 "ece": 0.06489993897789012,
 "brier": 0.15278979707690715,
 "conf": 0.9694045366593136,
 "auroc": 0.7460852735909916,
 "temperature": 75.9000015258789,
 "nll_ts": 2.0859428676233005,
 "ece_ts": 0.7746622603732617,
 "brier_ts": 0.8411531732277988,
 "auroc_ts": 0.5198522080816375
}