{
 "dataset": "oesophagus",
 "config": "learned",
 "seed": 0,
 "n_classes": 18,
 "n_test": 26385,
 "nll": 0.41489818705053316,
 "ece": 0.03973939325577009,
 "brier": 0.21049283636598187,
 "conf": 0.8984073364800891,
 "auroc": 0.8305163340317833,
 "temperature": 1.2087199687957764,
 "nll_ts": 0.40203738629727626,
 "ece_ts": 0.010259002472944794,
 "brier_ts": 0.20731588841737617,
 "auroc_ts": 0.8280786481509257
}