{
 "dataset": "prostate",
 "config": "learned",
 "seed": 0,
 "n_classes": 2,
 "n_test": 203,
 "nll": 0.6855712561507071,
 "ece": 0.08721668231089802,
 "brier": 0.49238222369941625,
 "conf": 0.5286640145191825,
 "auroc": 0.5211495648654119,
 "temperature": 0.6446462273597717,
 "nll_ts": 0.6841717599103484,
 "ece_ts": 0.06782786567255836,
 "brier_ts": 0.4907824772035128,
 "auroc_ts": 0.5211495648654119
}