{
 "dataset": "segerstolpe",
 "config": "learned",
 "seed": 0,
 "n_classes": 11,
 "n_test": 639,
 "nll": 0.6855283934024107,
 "ece": 0.05892721658289994,
 "brier": 0.16395424317423918,
 "conf": 0.9556408316063741,
 "auroc": 0.8394679782114338,
 "temperature": 2.217149496078491,
 "nll_ts": 0.5144742308502098,
 "ece_ts": 0.051994402854054114,
 "brier_ts": 0.16079480780349645,
 "auroc_ts": 0.8490401396160558
}