{
 "dataset": "spleen",
 "config": "learned",
 "seed": 0,
 "n_classes": 28,
 "n_test": 28239,
 "nll": 0.9883311093888387,
 "ece": 0.08743717307163146,
 "brier": 0.4445387960211287,
 "conf": 0.7681624112174582,
 "auroc": 0.7587191631807892,
 "temperature": 1.459363579750061,
 "nll_ts": 0.9218510455837048,
 "ece_ts": 0.017705487898869072,
 "brier_ts": 0.43366307956289785,
 "auroc_ts": 0.7662082681935889
}