{
 "dataset": "stad",
 "config": "learned",
 "seed": 0,
 "n_classes": 2,
 "n_test": 83,
 "nll": 0.6907730609213775,
 "ece": 0.07083529287813417,
 "brier": 0.4976260665637563,
 "conf": 0.507477960133914,
 "auroc": 0.5202380952380953,
 "temperature": 0.9999474287033081,
 "nll_ts": 0.690772944056594,
 "ece_ts": 0.07083489985156899,
 "brier_ts": 0.49762594972615803,
 "auroc_ts": 0.5202380952380953
}