{
 "dataset": "tcell",
 "config": "learned",
 "seed": 0,
 "n_classes": 7,
 "n_test": 7203,
 "nll": 0.7936717479405765,
 "ece": 0.09907934305848416,
 "brier": 0.3223821777904722,
 "conf": 0.8969084646423361,
 "auroc": 0.7040174750890211,
 "temperature": 1.9556360244750977,
 "nll_ts": 0.6165996689116859,
 "ece_ts": 0.048973305199091065,
 "brier_ts": 0.3116421596924026,
 "auroc_ts": 0.7028405398126814
}