{
 "dataset": "wang",
 "config": "learned",
 "seed": 0,
 "n_classes": 7,
 "n_test": 138,
 "nll": 3.9202853368605513,
 "ece": 0.24864225425399533,
 "brier": 0.7796415271468494,
 "conf": 0.7341495006308072,
 "auroc": 0.5705276434727771,
 "temperature": 5.154307842254639,
 "nll_ts": 1.673871169275269,
 "ece_ts": 0.19147168714164514,
 "brier_ts": 0.732177857439799,
 "auroc_ts": 0.5837712844229556
}