{
 "dataset": "xin",
 "config": "learned",
 "seed": 0,
 "n_classes": 4,
 "n_test": 448,
 "nll": 1.9906554991223193,
 "ece": 0.17885619649892093,
 "brier": 0.3857249479830894,
 "conf": 0.9623383393560638,
 "auroc": 0.6583252562634005,
 "temperature": 4.379302024841309,
 "nll_ts": 1.0115106162473828,
 "ece_ts": 0.05967702900075221,
 "brier_ts": 0.3405520990300207,
 "auroc_ts": 0.6789731841278233
}