{
 "dataset": "Tcell",
 "mode": "coexpr",
 "K": 4,
 "seed": 2,
 "test_macro_f1": 63.135511134148004,
 "test_accuracy": 76.99569623767874,
 "n_features": 1089,
 "n_classes": 7,
 "n_samples": 24007
}