{
 "dataset": "Tcell",
 "mode": "coexpr",
 "K": 4,
 "seed": 9,
 "test_macro_f1": 67.85571217341278,
 "test_accuracy": 80.43870609468277,
 "n_features": 1089,
 "n_classes": 7,
 "n_samples": 24007
}