{
 "dataset": "Tcell",
 "mode": "coexpr",
 "K": 4,
 "seed": 5,
 "test_macro_f1": 61.26588902153004,
 "test_accuracy": 73.67763431903373,
 "n_features": 1089,
 "n_classes": 7,
 "n_samples": 24007
}