{
 "dataset": "Tcell",
 "mode": "coexpr",
 "K": 4,
 "seed": 1,
 "test_macro_f1": 60.239338261972485,
 "test_accuracy": 73.08066083576288,
 "n_features": 1089,
 "n_classes": 7,
 "n_samples": 24007
}