{
 "dataset": "Tcell",
 "mode": "coexpr",
 "K": 4,
 "seed": 7,
 "test_macro_f1": 61.18393419682746,
 "test_accuracy": 73.33055671248091,
 "n_features": 1089,
 "n_classes": 7,
 "n_samples": 24007
}