{
 "dataset": "Tcell",
 "mode": "coexpr",
 "K": 4,
 "seed": 8,
 "test_macro_f1": 52.91037658533527,
 "test_accuracy": 67.11092600305429,
 "n_features": 1089,
 "n_classes": 7,
 "n_samples": 24007
}