{
 "dataset": "Tcell",
 "mode": "coexpr",
 "K": 4,
 "seed": 4,
 "test_macro_f1": 63.4756558487984,
 "test_accuracy": 79.20310981535471,
 "n_features": 1089,
 "n_classes": 7,
 "n_samples": 24007
}