{
 "dataset": "Tcell",
 "mode": "coexpr",
 "K": 4,
 "seed": 6,
 "test_macro_f1": 60.324189072350734,
 "test_accuracy": 74.55226988754686,
 "n_features": 1089,
 "n_classes": 7,
 "n_samples": 24007
}