{
 "dataset": "Tcell",
 "mode": "coexpr",
 "K": 4,
 "seed": 3,
 "test_macro_f1": 58.91816884331601,
 "test_accuracy": 74.95487991114813,
 "n_features": 1089,
 "n_classes": 7,
 "n_samples": 24007
}