{
 "dataset": "Tcell",
 "mode": "coexpr",
 "K": 4,
 "seed": 0,
 "test_macro_f1": 61.17560751956324,
 "test_accuracy": 69.55435235318618,
 "n_features": 1089,
 "n_classes": 7,
 "n_samples": 24007
}