{
 "dataset": "Tcell",
 "mode": "learned",
 "K": 4,
 "seed": 4,
 "test_macro_f1": 68.63820113294852,
 "test_accuracy": 81.85478272941829,
 "n_features": 1089,
 "n_classes": 7,
 "n_samples": 24007,
 "learned_lambda": 0.3417186439037323
}