{
 "dataset": "Tcell",
 "mode": "learned",
 "K": 4,
 "seed": 8,
 "test_macro_f1": 67.34053125380265,
 "test_accuracy": 82.95154796612523,
 "n_features": 1089,
 "n_classes": 7,
 "n_samples": 24007,
 "learned_lambda": 0.45545724034309387
}