{
 "dataset": "Tcell",
 "mode": "learned_bio",
 "K": 4,
 "seed": 5,
 "test_macro_f1": 67.78171779096411,
 "test_accuracy": 81.29945855893378,
 "n_features": 1089,
 "n_classes": 7,
 "n_samples": 24007,
 "learned_lambda": 0.3295063078403473
}