{
 "dataset": "Tcell",
 "mode": "learned_bio",
 "K": 4,
 "seed": 9,
 "test_macro_f1": 69.79439848062883,
 "test_accuracy": 84.11772872414272,
 "n_features": 1089,
 "n_classes": 7,
 "n_samples": 24007,
 "learned_lambda": 0.4082357585430145
}