{
 "dataset": "Tcell",
 "mode": "learned_bio",
 "K": 4,
 "seed": 4,
 "test_macro_f1": 69.99852421461483,
 "test_accuracy": 83.49298903234764,
 "n_features": 1089,
 "n_classes": 7,
 "n_samples": 24007,
 "learned_lambda": 0.3760494887828827
}