{
 "dataset": "Tcell",
 "mode": "learned_bio",
 "K": 4,
 "seed": 7,
 "test_macro_f1": 68.54858247449422,
 "test_accuracy": 82.93766486186311,
 "n_features": 1089,
 "n_classes": 7,
 "n_samples": 24007,
 "learned_lambda": 0.32207852602005005
}