{
 "dataset": "Tcell",
 "mode": "learned",
 "K": 4,
 "seed": 3,
 "test_macro_f1": 68.71102249418428,
 "test_accuracy": 83.53463834513397,
 "n_features": 1089,
 "n_classes": 7,
 "n_samples": 24007,
 "learned_lambda": 0.34817448258399963
}