{
 "dataset": "Tcell",
 "mode": "learned",
 "K": 4,
 "seed": 9,
 "test_macro_f1": 70.0484905331542,
 "test_accuracy": 83.43745661529918,
 "n_features": 1089,
 "n_classes": 7,
 "n_samples": 24007,
 "learned_lambda": 0.41190868616104126
}