{
 "dataset": "Tcell",
 "mode": "learned_bio",
 "K": 4,
 "seed": 3,
 "test_macro_f1": 68.11960643258146,
 "test_accuracy": 77.96751353602666,
 "n_features": 1089,
 "n_classes": 7,
 "n_samples": 24007,
 "learned_lambda": 0.2673548758029938
}