{
 "dataset": "Tcell",
 "mode": "learned",
 "K": 4,
 "seed": 6,
 "test_macro_f1": 68.59870313132525,
 "test_accuracy": 82.95154796612523,
 "n_features": 1089,
 "n_classes": 7,
 "n_samples": 24007,
 "learned_lambda": 0.4046217203140259
}