{
 "dataset": "Tcell",
 "mode": "learned",
 "K": 4,
 "seed": 1,
 "test_macro_f1": 69.33759968244786,
 "test_accuracy": 81.79925031236984,
 "n_features": 1089,
 "n_classes": 7,
 "n_samples": 24007,
 "learned_lambda": 0.26626649498939514
}