{
 "dataset": "Tcell",
 "mode": "learned",
 "K": 4,
 "seed": 0,
 "test_macro_f1": 68.56055266846245,
 "test_accuracy": 80.31375815632376,
 "n_features": 1089,
 "n_classes": 7,
 "n_samples": 24007,
 "learned_lambda": 0.3221830427646637
}