{
 "dataset": "Tcell",
 "mode": "learned_bio",
 "K": 4,
 "seed": 2,
 "test_macro_f1": 67.30477206855568,
 "test_accuracy": 79.91114813272247,
 "n_features": 1089,
 "n_classes": 7,
 "n_samples": 24007,
 "learned_lambda": 0.34154626727104187
}