{
 "dataset": "Tcell",
 "mode": "learned",
 "K": 4,
 "seed": 5,
 "test_macro_f1": 67.34280961694049,
 "test_accuracy": 82.36845758711648,
 "n_features": 1089,
 "n_classes": 7,
 "n_samples": 24007,
 "learned_lambda": 0.3504776954650879
}