{
 "dataset": "Tcell",
 "mode": "learned",
 "K": 4,
 "seed": 2,
 "test_macro_f1": 70.0218850366097,
 "test_accuracy": 83.84006663890045,
 "n_features": 1089,
 "n_classes": 7,
 "n_samples": 24007,
 "learned_lambda": 0.33780932426452637
}