{
 "dataset": "Tcell",
 "mode": "learned_bio",
 "K": 4,
 "seed": 0,
 "test_macro_f1": 69.42795349311528,
 "test_accuracy": 83.60405386644454,
 "n_features": 1089,
 "n_classes": 7,
 "n_samples": 24007,
 "learned_lambda": 0.3695451319217682
}