{
 "dataset": "Tcell",
 "mode": "learned_bio",
 "K": 4,
 "seed": 1,
 "test_macro_f1": 70.43255391357793,
 "test_accuracy": 83.54852144939609,
 "n_features": 1089,
 "n_classes": 7,
 "n_samples": 24007,
 "learned_lambda": 0.26715147495269775
}