{
 "dataset": "Tcell",
 "mode": "learned_bio",
 "K": 4,
 "seed": 6,
 "test_macro_f1": 68.97124359946314,
 "test_accuracy": 83.13202832153269,
 "n_features": 1089,
 "n_classes": 7,
 "n_samples": 24007,
 "learned_lambda": 0.3572176396846771
}