{
 "dataset": "Tcell",
 "mode": "learned",
 "K": 4,
 "seed": 7,
 "test_macro_f1": 70.42160972091203,
 "test_accuracy": 83.8817159516868,
 "n_features": 1089,
 "n_classes": 7,
 "n_samples": 24007,
 "learned_lambda": 0.3377075493335724
}