{
 "dataset": "Tcell",
 "mode": "learned_bio",
 "K": 4,
 "seed": 8,
 "test_macro_f1": 67.50831811529238,
 "test_accuracy": 81.02179647369152,
 "n_features": 1089,
 "n_classes": 7,
 "n_samples": 24007,
 "learned_lambda": 0.34688639640808105
}