{
 "dataset": "Tcell",
 "mode": "none",
 "K": 4,
 "seed": 2,
 "test_macro_f1": 51.394800826848716,
 "test_accuracy": 68.47147022074137,
 "n_features": 1089,
 "n_classes": 7,
 "n_samples": 24007
}