{
 "dataset": "Tcell",
 "mode": "none",
 "K": 4,
 "seed": 8,
 "test_macro_f1": 47.43176973943889,
 "test_accuracy": 69.44328751908927,
 "n_features": 1089,
 "n_classes": 7,
 "n_samples": 24007
}