{
 "dataset": "Tcell",
 "mode": "none",
 "K": 4,
 "seed": 7,
 "test_macro_f1": 55.44844407066546,
 "test_accuracy": 69.40163820630293,
 "n_features": 1089,
 "n_classes": 7,
 "n_samples": 24007
}