{
 "dataset": "Tcell",
 "mode": "none",
 "K": 4,
 "seed": 6,
 "test_macro_f1": 43.11838222139124,
 "test_accuracy": 47.09148965708733,
 "n_features": 1089,
 "n_classes": 7,
 "n_samples": 24007
}