{
 "dataset": "Tcell",
 "mode": "none",
 "K": 4,
 "seed": 3,
 "test_macro_f1": 50.44609228953865,
 "test_accuracy": 66.13910870470637,
 "n_features": 1089,
 "n_classes": 7,
 "n_samples": 24007
}