{
 "dataset": "Tcell",
 "mode": "none",
 "K": 4,
 "seed": 4,
 "test_macro_f1": 53.050350553464334,
 "test_accuracy": 63.20977370540053,
 "n_features": 1089,
 "n_classes": 7,
 "n_samples": 24007
}