{
 "dataset": "Tcell",
 "mode": "none",
 "K": 4,
 "seed": 1,
 "test_macro_f1": 47.084221855186655,
 "test_accuracy": 64.5564348188255,
 "n_features": 1089,
 "n_classes": 7,
 "n_samples": 24007
}