{
 "dataset": "Tcell",
 "mode": "none",
 "K": 4,
 "seed": 5,
 "test_macro_f1": 45.23614422141463,
 "test_accuracy": 59.7667638483965,
 "n_features": 1089,
 "n_classes": 7,
 "n_samples": 24007
}