{
 "dataset": "Tcell",
 "mode": "none",
 "K": 4,
 "seed": 9,
 "test_macro_f1": 55.70395460669102,
 "test_accuracy": 73.08066083576288,
 "n_features": 1089,
 "n_classes": 7,
 "n_samples": 24007
}