{
 "dataset": "Tcell",
 "mode": "none",
 "K": 4,
 "seed": 0,
 "test_macro_f1": 49.90962046627408,
 "test_accuracy": 66.76384839650146,
 "n_features": 1089,
 "n_classes": 7,
 "n_samples": 24007
}