{
 "dataset": "Tcell",
 "mode": "random",
 "K": 4,
 "seed": 4,
 "test_macro_f1": 51.65552708593852,
 "test_accuracy": 69.23504095515757,
 "n_features": 1089,
 "n_classes": 7,
 "n_samples": 24007
}