{
 "dataset": "Tcell",
 "mode": "random",
 "K": 4,
 "seed": 0,
 "test_macro_f1": 46.92079382476701,
 "test_accuracy": 66.54171872830766,
 "n_features": 1089,
 "n_classes": 7,
 "n_samples": 24007
}