{
 "dataset": "Tcell",
 "mode": "random",
 "K": 4,
 "seed": 6,
 "test_macro_f1": 44.69787815008513,
 "test_accuracy": 58.54505067333056,
 "n_features": 1089,
 "n_classes": 7,
 "n_samples": 24007
}