{
 "dataset": "Tcell",
 "mode": "random",
 "K": 4,
 "seed": 1,
 "test_macro_f1": 48.319639690547085,
 "test_accuracy": 62.91822851589616,
 "n_features": 1089,
 "n_classes": 7,
 "n_samples": 24007
}