{
 "dataset": "Tcell",
 "mode": "random",
 "K": 4,
 "seed": 2,
 "test_macro_f1": 53.37460487669797,
 "test_accuracy": 67.7773150076357,
 "n_features": 1089,
 "n_classes": 7,
 "n_samples": 24007
}