{
 "dataset": "Tcell",
 "mode": "random",
 "K": 4,
 "seed": 7,
 "test_macro_f1": 52.45882966168093,
 "test_accuracy": 59.391920033319444,
 "n_features": 1089,
 "n_classes": 7,
 "n_samples": 24007
}