{
 "dataset": "Tcell",
 "mode": "random",
 "K": 4,
 "seed": 3,
 "test_macro_f1": 51.063219190265855,
 "test_accuracy": 64.72303206997084,
 "n_features": 1089,
 "n_classes": 7,
 "n_samples": 24007
}