{
 "dataset": "Tcell",
 "mode": "random",
 "K": 4,
 "seed": 5,
 "test_macro_f1": 48.808213250461236,
 "test_accuracy": 62.86269609884771,
 "n_features": 1089,
 "n_classes": 7,
 "n_samples": 24007
}