{
 "dataset": "Tcell",
 "mode": "random",
 "K": 4,
 "seed": 9,
 "test_macro_f1": 52.97741249370317,
 "test_accuracy": 66.12522560044425,
 "n_features": 1089,
 "n_classes": 7,
 "n_samples": 24007
}