{
 "task": "pathologic_T",
 "n_samples": 423,
 "n_genes": 20530,
 "n_classes": 4,
 "n_train": 287,
 "n_test": 85,
 "transformer_params": 132992,
 "total_params": 2828297,
 "mean_recursion_depth": 2.715487241744995,
 "compute_saving_ratio": 0.5982330228064564,
 "config": {
  "heads": [
   "pathologic_T"
  ],
  "cohorts": null,
  "n_hvg": null,
  "batch_size": 32,
  "val_frac": 0.15,
  "test_frac": 0.15,
  "d_model": 128,
  "n_heads": 4,
  "d_ff": 256,
  "dropout": 0.1,
  "n_markers": 256,
  "marker_mode": "router",
  "compress_mode": "aggregate",
  "recursive_marker_refine": true,
  "peak_init": true,
  "anneal_markers": true,
  "recursion_depth": 4,
  "share_weights": true,
  "adaptive_depth": false,
  "marker_ffn": false,
  "recursion_mode": "token",
  "router_capacity": null,
  "router_alpha": 1.0,
  "router_temp": 1.0,
  "router_type": "linear",
  "router_z_coeff": 0.001,
  "router_balance_coeff": 0.1,
  "gene_interaction": "none",
  "interaction_knn": 16,
  "router_prior_beta": 1.0,
  "router_prior_anneal": true,
  "lambda_marker": 0.1,
  "gamma_diversity": 0.05,
  "beta_compression": 0.01,
  "lr": 0.0003,
  "weight_decay": 0.01,
  "epochs": 40,
  "patience": 8,
  "seed": 42,
  "device": "cuda"
 },
 "heads": {
  "pathologic_T": {
   "accuracy": 0.3176470588235294,
   "macro_f1": 0.31039838657261376,
   "weighted_f1": 0.3265319295120698,
   "per_class": {
    "0": {
     "precision": 0.21052631578947367,
     "recall": 0.4444444444444444,
     "f1-score": 0.2857142857142857,
     "support": 9.0
    },
    "1": {
     "precision": 0.3333333333333333,
     "recall": 0.34782608695652173,
     "f1-score": 0.3404255319148936,
     "support": 23.0
    },
    "2": {
     "precision": 0.21739130434782608,
     "recall": 0.2631578947368421,
     "f1-score": 0.23809523809523808,
     "support": 19.0
    },
    "3": {
     "precision": 0.5263157894736842,
     "recall": 0.29411764705882354,
     "f1-score": 0.37735849056603776,
     "support": 34.0
    },
    "accuracy": 0.3176470588235294,
    "macro avg": {
     "precision": 0.3218916857360793,
     "recall": 0.33738651829915794,
     "f1-score": 0.31039838657261376,
     "support": 85.0
    },
    "weighted avg": {
     "precision": 0.37160676627630457,
     "recall": 0.3176470588235294,
     "f1-score": 0.3265319295120698,
     "support": 85.0
    }
   }
  }
 }
}