{
 "dataset": "blca",
 "arch": "recursive",
 "K": 4,
 "seed": 0,
 "test_macro_f1": 43.297899922219344,
 "test_accuracy": 66.66666666666666,
 "transformer_params": 132480,
 "total_params": 1474159,
 "n_markers": 256,
 "d_model": 128,
 "d_ff": 256,
 "flops_nominal": 268435456.0,
 "flops_effective": 268435456.0,
 "compute_saving": 0.0
}