{
 "dataset": "blca",
 "arch": "vanilla",
 "K": 4,
 "seed": 2,
 "test_macro_f1": 46.75324675324675,
 "test_accuracy": 49.382716049382715,
 "transformer_params": 529920,
 "total_params": 1871599,
 "n_markers": 256,
 "d_model": 128,
 "d_ff": 256,
 "flops_nominal": 268435456.0,
 "flops_effective": 268435456.0,
 "compute_saving": 0.0
}