{
 "dataset": "blca",
 "config": "none",
 "seed": 0,
 "n_classes": 2,
 "n_test": 81,
 "nll": 8.116707519057469,
 "ece": 0.33175314827455193,
 "brier": 0.6394532328644871,
 "conf": 0.9775116645064899,
 "auroc": 0.5633423180592992,
 "temperature": 727.2789916992188,
 "nll_ts": 0.741184091543583,
 "ece_ts": 0.14487935986864506,
 "brier_ts": 0.5028507388703429,
 "auroc_ts": 0.4696765498652291
}