{
 "dataset": "brca",
 "config": "none",
 "seed": 0,
 "n_classes": 5,
 "n_test": 104,
 "nll": 1.5120519260652516,
 "ece": 0.2399317101198386,
 "brier": 0.7648232994151477,
 "conf": 0.276255227476643,
 "auroc": 0.49604519774011296,
 "temperature": 0.6087374687194824,
 "nll_ts": 1.5040274289884126,
 "ece_ts": 0.216457127097686,
 "brier_ts": 0.7513709361511489,
 "auroc_ts": 0.5016949152542373
}