{
 "dataset": "prostate",
 "config": "none",
 "seed": 0,
 "n_classes": 2,
 "n_test": 203,
 "nll": 0.6679640421917318,
 "ece": 0.20075277007265607,
 "brier": 0.4748251853038469,
 "conf": 0.531810194324578,
 "auroc": 0.5408163265306122,
 "temperature": 0.5914950370788574,
 "nll_ts": 0.6539590803835632,
 "ece_ts": 0.18135491098458953,
 "brier_ts": 0.4607766302281559,
 "auroc_ts": 0.5408163265306122
}