{
 "dataset": "segerstolpe",
 "config": "none",
 "seed": 0,
 "n_classes": 11,
 "n_test": 639,
 "nll": 0.7256734871419926,
 "ece": 0.04843566465693917,
 "brier": 0.3316162426050943,
 "conf": 0.771075290841108,
 "auroc": 0.7283943398432933,
 "temperature": 1.1788063049316406,
 "nll_ts": 0.7096335171187367,
 "ece_ts": 0.07216382727057102,
 "brier_ts": 0.3355525792951037,
 "auroc_ts": 0.7286574669629284
}