{
 "dataset": "stad",
 "config": "none",
 "seed": 0,
 "n_classes": 2,
 "n_test": 83,
 "nll": 1.9216423013659463,
 "ece": 0.30332873043708,
 "brier": 0.6870836708104339,
 "conf": 0.7047662476136055,
 "auroc": 0.556422569027611,
 "temperature": 87.44222259521484,
 "nll_ts": 0.6936092306799875,
 "ece_ts": 0.10794699748673892,
 "brier_ts": 0.5005341408139037,
 "auroc_ts": 0.556422569027611
}