{
 "dataset": "wang",
 "config": "none",
 "seed": 0,
 "n_classes": 7,
 "n_test": 138,
 "nll": 1.839947981435786,
 "ece": 0.2084753701627137,
 "brier": 0.8675227468052299,
 "conf": 0.40466139333011486,
 "auroc": 0.4756172839506173,
 "temperature": 1.3763604164123535,
 "nll_ts": 1.7330273854776765,
 "ece_ts": 0.1407943627844441,
 "brier_ts": 0.8343116357163303,
 "auroc_ts": 0.49135802469135803
}