{
 "dataset": "xin",
 "config": "none",
 "seed": 0,
 "n_classes": 4,
 "n_test": 448,
 "nll": 0.4406138945263019,
 "ece": 0.05299793071796241,
 "brier": 0.1888533133306192,
 "conf": 0.9206443892153998,
 "auroc": 0.8628370991253644,
 "temperature": 1.5538179874420166,
 "nll_ts": 0.3950985167603202,
 "ece_ts": 0.0517635259363083,
 "brier_ts": 0.18389709102187093,
 "auroc_ts": 0.8663447521865889
}