{
 "dataset": "pancreas",
 "n_samples": 14767,
 "n_features": 1936,
 "n_classes": 15,
 "n_train": 10744,
 "n_test": 2127,
 "transformer_params": 75168,
 "total_params": 273727,
 "config": {
  "heads": [
   "cell_type"
  ],
  "cohorts": null,
  "n_hvg": null,
  "n_channels": 1,
  "batch_size": 128,
  "val_frac": 0.15,
  "test_frac": 0.15,
  "d_model": 96,
  "n_heads": 4,
  "d_ff": 192,
  "dropout": 0.1,
  "n_markers": 128,
  "marker_mode": "variance",
  "compress_mode": "aggregate",
  "recursive_marker_refine": true,
  "peak_init": true,
  "anneal_markers": true,
  "recursion_depth": 4,
  "share_weights": true,
  "adaptive_depth": false,
  "marker_ffn": false,
  "recursion_mode": "expert",
  "router_capacity": null,
  "router_alpha": 1.0,
  "router_temp": 1.0,
  "router_type": "linear",
  "router_z_coeff": 0.001,
  "router_balance_coeff": 0.1,
  "gene_interaction": "none",
  "interaction_knn": 16,
  "router_prior_beta": 1.0,
  "router_prior_anneal": true,
  "lambda_marker": 0.1,
  "gamma_diversity": 0.05,
  "beta_compression": 0.01,
  "lr": 0.001,
  "weight_decay": 1e-05,
  "epochs": 150,
  "patience": 15,
  "seed": 1,
  "device": "cuda"
 },
 "heads": {
  "cell_type": {
   "accuracy": 0.918194640338505,
   "macro_f1": 0.6245344410330438,
   "weighted_f1": 0.9197943398247147,
   "per_class": {
    "0": {
     "precision": 0.0,
     "recall": 0.0,
     "f1-score": 0.0,
     "support": 5.0
    },
    "1": {
     "precision": 0.9707602339181286,
     "recall": 0.8972972972972973,
     "f1-score": 0.9325842696629213,
     "support": 185.0
    },
    "2": {
     "precision": 0.9608938547486033,
     "recall": 0.9706546275395034,
     "f1-score": 0.9657495788882651,
     "support": 886.0
    },
    "3": {
     "precision": 0.9420849420849421,
     "recall": 0.9037037037037037,
     "f1-score": 0.9224952741020794,
     "support": 270.0
    },
    "4": {
     "precision": 0.9035087719298246,
     "recall": 0.9035087719298246,
     "f1-score": 0.9035087719298246,
     "support": 114.0
    },
    "5": {
     "precision": 0.945,
     "recall": 0.9792746113989638,
     "f1-score": 0.9618320610687023,
     "support": 386.0
    },
    "6": {
     "precision": 1.0,
     "recall": 1.0,
     "f1-score": 1.0,
     "support": 16.0
    },
    "7": {
     "precision": 0.875,
     "recall": 1.0,
     "f1-score": 0.9333333333333333,
     "support": 7.0
    },
    "8": {
     "precision": 0.8423645320197044,
     "recall": 0.868020304568528,
     "f1-score": 0.855,
     "support": 197.0
    },
    "9": {
     "precision": 0.0,
     "recall": 0.0,
     "f1-score": 0.0,
     "support": 0.0
    },
    "10": {
     "precision": 1.0,
     "recall": 0.2857142857142857,
     "f1-score": 0.4444444444444444,
     "support": 7.0
    },
    "11": {
     "precision": 0.0,
     "recall": 0.0,
     "f1-score": 0.0,
     "support": 0.0
    },
    "13": {
     "precision": 1.0,
     "recall": 0.1111111111111111,
     "f1-score": 0.2,
     "support": 54.0
    },
    "accuracy": 0.918194640338505,
    "macro avg": {
     "precision": 0.7261240257462465,
     "recall": 0.6091757471740936,
     "f1-score": 0.6245344410330438,
     "support": 2127.0
    },
    "weighted avg": {
     "precision": 0.9413005856854408,
     "recall": 0.918194640338505,
     "f1-score": 0.9197943398247147,
     "support": 2127.0
    }
   }
  }
 }
}