{
 "dataset": "tabula_muris",
 "n_samples": 54865,
 "n_features": 1089,
 "n_classes": 55,
 "n_train": 32645,
 "n_test": 16458,
 "transformer_params": 75168,
 "total_params": 200175,
 "config": {
  "heads": [
   "cell_type"
  ],
  "cohorts": null,
  "n_hvg": null,
  "n_channels": 1,
  "batch_size": 128,
  "val_frac": 0.15,
  "test_frac": 0.15,
  "d_model": 96,
  "n_heads": 4,
  "d_ff": 192,
  "dropout": 0.1,
  "n_markers": 128,
  "marker_mode": "variance",
  "compress_mode": "aggregate",
  "recursive_marker_refine": true,
  "peak_init": true,
  "anneal_markers": true,
  "recursion_depth": 4,
  "share_weights": true,
  "adaptive_depth": false,
  "marker_ffn": false,
  "recursion_mode": "expert",
  "router_capacity": null,
  "router_alpha": 1.0,
  "router_temp": 1.0,
  "router_type": "linear",
  "router_z_coeff": 0.001,
  "router_balance_coeff": 0.1,
  "gene_interaction": "none",
  "interaction_knn": 16,
  "router_prior_beta": 1.0,
  "router_prior_anneal": true,
  "lambda_marker": 0.1,
  "gamma_diversity": 0.05,
  "beta_compression": 0.01,
  "lr": 0.001,
  "weight_decay": 1e-05,
  "epochs": 150,
  "patience": 15,
  "seed": 1,
  "device": "cuda"
 },
 "heads": {
  "cell_type": {
   "accuracy": 0.8448778709442216,
   "macro_f1": 0.7651504322508353,
   "weighted_f1": 0.8525598708386967,
   "per_class": {
    "0": {
     "precision": 0.978448275862069,
     "recall": 0.8211414790996785,
     "f1-score": 0.8929195804195804,
     "support": 2488.0
    },
    "1": {
     "precision": 0.07352941176470588,
     "recall": 0.7692307692307693,
     "f1-score": 0.1342281879194631,
     "support": 13.0
    },
    "2": {
     "precision": 0.6956521739130435,
     "recall": 0.8,
     "f1-score": 0.7441860465116279,
     "support": 20.0
    },
    "3": {
     "precision": 0.6428571428571429,
     "recall": 0.8181818181818182,
     "f1-score": 0.72,
     "support": 11.0
    },
    "4": {
     "precision": 0.9416590701914311,
     "recall": 0.780801209372638,
     "f1-score": 0.8537190082644628,
     "support": 1323.0
    },
    "5": {
     "precision": 1.0,
     "recall": 0.9423076923076923,
     "f1-score": 0.9702970297029703,
     "support": 104.0
    },
    "6": {
     "precision": 0.921875,
     "recall": 1.0,
     "f1-score": 0.959349593495935,
     "support": 118.0
    },
    "7": {
     "precision": 0.9732415902140673,
     "recall": 0.9593067068575735,
     "f1-score": 0.966223908918406,
     "support": 1327.0
    },
    "8": {
     "precision": 0.85,
     "recall": 0.9444444444444444,
     "f1-score": 0.8947368421052632,
     "support": 18.0
    },
    "9": {
     "precision": 0.9497354497354498,
     "recall": 0.9944598337950139,
     "f1-score": 0.9715832205683356,
     "support": 361.0
    },
    "10": {
     "precision": 0.9858757062146892,
     "recall": 0.9971428571428571,
     "f1-score": 0.9914772727272727,
     "support": 350.0
    },
    "11": {
     "precision": 0.7215496368038741,
     "recall": 0.8713450292397661,
     "f1-score": 0.7894039735099337,
     "support": 342.0
    },
    "12": {
     "precision": 1.0,
     "recall": 1.0,
     "f1-score": 1.0,
     "support": 18.0
    },
    "13": {
     "precision": 0.9285714285714286,
     "recall": 0.8666666666666667,
     "f1-score": 0.896551724137931,
     "support": 15.0
    },
    "14": {
     "precision": 0.5,
     "recall": 0.5416666666666666,
     "f1-score": 0.52,
     "support": 48.0
    },
    "15": {
     "precision": 0.42857142857142855,
     "recall": 0.23076923076923078,
     "f1-score": 0.3,
     "support": 13.0
    },
    "16": {
     "precision": 0.875,
     "recall": 0.875,
     "f1-score": 0.875,
     "support": 8.0
    },
    "17": {
     "precision": 0.9047619047619048,
     "recall": 1.0,
     "f1-score": 0.95,
     "support": 19.0
    },
    "18": {
     "precision": 0.782608695652174,
     "recall": 0.9473684210526315,
     "f1-score": 0.8571428571428571,
     "support": 19.0
    },
    "19": {
     "precision": 0.9491778774289985,
     "recall": 0.7444314185228605,
     "f1-score": 0.8344283837056504,
     "support": 853.0
    },
    "20": {
     "precision": 1.0,
     "recall": 0.75,
     "f1-score": 0.8571428571428571,
     "support": 8.0
    },
    "21": {
     "precision": 0.8796992481203008,
     "recall": 0.896551724137931,
     "f1-score": 0.888045540796964,
     "support": 261.0
    },
    "22": {
     "precision": 0.75,
     "recall": 0.9130434782608695,
     "f1-score": 0.8235294117647058,
     "support": 46.0
    },
    "23": {
     "precision": 0.8382352941176471,
     "recall": 0.8382352941176471,
     "f1-score": 0.8382352941176471,
     "support": 68.0
    },
    "24": {
     "precision": 0.9547511312217195,
     "recall": 0.9678899082568807,
     "f1-score": 0.9612756264236902,
     "support": 218.0
    },
    "25": {
     "precision": 0.9105691056910569,
     "recall": 0.9911504424778761,
     "f1-score": 0.9491525423728814,
     "support": 113.0
    },
    "26": {
     "precision": 0.868421052631579,
     "recall": 0.8389830508474576,
     "f1-score": 0.853448275862069,
     "support": 118.0
    },
    "27": {
     "precision": 1.0,
     "recall": 1.0,
     "f1-score": 1.0,
     "support": 529.0
    },
    "28": {
     "precision": 0.06060606060606061,
     "recall": 0.6470588235294118,
     "f1-score": 0.11083123425692695,
     "support": 34.0
    },
    "29": {
     "precision": 0.7864476386036962,
     "recall": 0.9433497536945813,
     "f1-score": 0.8577827547592385,
     "support": 406.0
    },
    "30": {
     "precision": 0.9495708154506438,
     "recall": 0.9588299024918743,
     "f1-score": 0.954177897574124,
     "support": 923.0
    },
    "31": {
     "precision": 0.49065420560747663,
     "recall": 0.8898305084745762,
     "f1-score": 0.6325301204819277,
     "support": 118.0
    },
    "32": {
     "precision": 0.13333333333333333,
     "recall": 0.14285714285714285,
     "f1-score": 0.13793103448275862,
     "support": 14.0
    },
    "33": {
     "precision": 0.8706896551724138,
     "recall": 0.7593984962406015,
     "f1-score": 0.8112449799196787,
     "support": 133.0
    },
    "34": {
     "precision": 0.8633540372670807,
     "recall": 0.9858156028368794,
     "f1-score": 0.9205298013245033,
     "support": 141.0
    },
    "35": {
     "precision": 0.9916897506925207,
     "recall": 0.9972144846796658,
     "f1-score": 0.9944444444444445,
     "support": 359.0
    },
    "36": {
     "precision": 0.7596153846153846,
     "recall": 1.0,
     "f1-score": 0.8633879781420765,
     "support": 79.0
    },
    "37": {
     "precision": 0.26851851851851855,
     "recall": 0.5979381443298969,
     "f1-score": 0.3706070287539936,
     "support": 97.0
    },
    "38": {
     "precision": 0.9712230215827338,
     "recall": 0.9782608695652174,
     "f1-score": 0.9747292418772563,
     "support": 138.0
    },
    "39": {
     "precision": 0.6902173913043478,
     "recall": 0.9136690647482014,
     "f1-score": 0.7863777089783281,
     "support": 139.0
    },
    "40": {
     "precision": 0.6009389671361502,
     "recall": 0.32323232323232326,
     "f1-score": 0.42036124794745483,
     "support": 396.0
    },
    "41": {
     "precision": 0.5454545454545454,
     "recall": 0.8571428571428571,
     "f1-score": 0.6666666666666666,
     "support": 7.0
    },
    "42": {
     "precision": 0.75,
     "recall": 1.0,
     "f1-score": 0.8571428571428571,
     "support": 15.0
    },
    "43": {
     "precision": 0.9750211685012701,
     "recall": 0.9783347493627867,
     "f1-score": 0.9766751484308737,
     "support": 2354.0
    },
    "44": {
     "precision": 0.3676300578034682,
     "recall": 0.9325513196480938,
     "f1-score": 0.527363184079602,
     "support": 341.0
    },
    "45": {
     "precision": 0.6325581395348837,
     "recall": 0.8662420382165605,
     "f1-score": 0.7311827956989247,
     "support": 157.0
    },
    "46": {
     "precision": 0.1875,
     "recall": 0.11538461538461539,
     "f1-score": 0.14285714285714285,