{
 "dataset": "baron",
 "n_samples": 8569,
 "n_features": 1936,
 "n_classes": 14,
 "n_train": 5098,
 "n_test": 2571,
 "transformer_params": 1183872,
 "total_params": 2284829,
 "config": {
  "heads": [
   "cell_type"
  ],
  "cohorts": null,
  "n_hvg": null,
  "n_channels": 1,
  "batch_size": 128,
  "val_frac": 0.15,
  "test_frac": 0.15,
  "d_model": 384,
  "n_heads": 4,
  "d_ff": 768,
  "dropout": 0.1,
  "n_markers": 128,
  "marker_mode": "router",
  "pathway_pool": "mean",
  "compress_mode": "aggregate",
  "recursive_marker_refine": true,
  "peak_init": true,
  "anneal_markers": true,
  "recursion_depth": 4,
  "share_weights": true,
  "share_strategy": "cycle",
  "n_unique_blocks": null,
  "step_cache": false,
  "adaptive_depth": false,
  "marker_ffn": false,
  "recursion_mode": "fixed",
  "router_capacity": null,
  "router_alpha": 1.0,
  "router_temp": 1.0,
  "router_type": "linear",
  "router_z_coeff": 0.001,
  "router_balance_coeff": 0.1,
  "gene_interaction": "none",
  "interaction_knn": 16,
  "router_prior_beta": 1.0,
  "router_prior_anneal": true,
  "pathway_attn_bias": false,
  "pathway_attn_lambda": 2.0,
  "lambda_marker": 0.1,
  "gamma_diversity": 0.05,
  "beta_compression": 0.01,
  "lr": 0.001,
  "weight_decay": 1e-05,
  "epochs": 80,
  "patience": 12,
  "seed": 0,
  "device": "cuda"
 },
 "heads": {
  "cell_type": {
   "accuracy": 0.40801244651886426,
   "macro_f1": 0.16413622693541283,
   "weighted_f1": 0.3740471525671502,
   "per_class": {
    "0": {
     "precision": 0.5454545454545454,
     "recall": 0.9616724738675958,
     "f1-score": 0.6960907944514502,
     "support": 287.0
    },
    "1": {
     "precision": 0.8571428571428571,
     "recall": 0.1411764705882353,
     "f1-score": 0.24242424242424243,
     "support": 85.0
    },
    "2": {
     "precision": 0.40963855421686746,
     "recall": 0.24355300859598855,
     "f1-score": 0.3054806828391734,
     "support": 698.0
    },
    "3": {
     "precision": 0.4897959183673469,
     "recall": 0.6015831134564644,
     "f1-score": 0.5399644760213144,
     "support": 758.0
    },
    "4": {
     "precision": 0.0,
     "recall": 0.0,
     "f1-score": 0.0,
     "support": 180.0
    },
    "5": {
     "precision": 0.3032581453634085,
     "recall": 0.3746130030959752,
     "f1-score": 0.33518005540166207,
     "support": 323.0
    },
    "6": {
     "precision": 0.03214285714285714,
     "recall": 0.11842105263157894,
     "f1-score": 0.05056179775280899,
     "support": 76.0
    },
    "7": {
     "precision": 0.0,
     "recall": 0.0,
     "f1-score": 0.0,
     "support": 5.0
    },
    "8": {
     "precision": 0.0,
     "recall": 0.0,
     "f1-score": 0.0,
     "support": 77.0
    },
    "9": {
     "precision": 0.0,
     "recall": 0.0,
     "f1-score": 0.0,
     "support": 17.0
    },
    "10": {
     "precision": 0.0,
     "recall": 0.0,
     "f1-score": 0.0,
     "support": 7.0
    },
    "11": {
     "precision": 0.19230769230769232,
     "recall": 0.09615384615384616,
     "f1-score": 0.1282051282051282,
     "support": 52.0
    },
    "12": {
     "precision": 0.0,
     "recall": 0.0,
     "f1-score": 0.0,
     "support": 4.0
    },
    "13": {
     "precision": 0.0,
     "recall": 0.0,
     "f1-score": 0.0,
     "support": 2.0
    },
    "accuracy": 0.40801244651886426,
    "macro avg": {
     "precision": 0.20212432642825534,
     "recall": 0.18122664059926316,
     "f1-score": 0.16413622693541283,
     "support": 2571.0
    },
    "weighted avg": {
     "precision": 0.38778329539621076,
     "recall": 0.40801244651886426,
     "f1-score": 0.3740471525671502,
     "support": 2571.0
    }
   }
  }
 }
}