{
 "dataset": "Segerstolpe",
 "mode": "learned",
 "K": 4,
 "seed": 1,
 "n_markers": 256,
 "test_macro_f1": 70.54629101507884,
 "test_accuracy": 91.70579029733959,
 "n_features": 2000,
 "n_classes": 11,
 "n_samples": 2127,
 "learned_lambda": 0.22170251607894897
}