{
 "dataset": "lung",
 "arch": "vanilla",
 "K": 4,
 "seed": 0,
 "test_macro_f1": 76.02541542317347,
 "test_accuracy": 81.79586110136793,
 "transformer_params": 299136,
 "total_params": 439923,
 "n_markers": 128,
 "d_model": 96,
 "d_ff": 192,
 "flops_nominal": 62914560.0,
 "flops_effective": 62914560.0,
 "compute_saving": 0.0
}