{
 "task": "os_binary",
 "seed": 0,
 "n_classes": 2,
 "accuracy": 0.7864963503649635,
 "macro_f1": 0.5350375285543348,
 "weighted_f1": 0.7758889062687335,
 "val_macro_f1": 0.580492910838329,
 "transformer_params": 528640,
 "recursion_depth": 6,
 "n_markers": 512,
 "d_model": 256,
 "lr": 0.0003,
 "flops_eff": 423624704,
 "flops_nominal": 805306368,
 "compute_saving_ratio": 0.5260416666666666,
 "mean_recursion_depth": 3.750000238418579,
 "config_tag": "d256_m512_k6_lr0.0003"
}