{
 "task": "os_binary",
 "seed": 0,
 "n_classes": 2,
 "accuracy": 0.8521897810218978,
 "macro_f1": 0.4600985221674877,
 "weighted_f1": 0.7841825177088203,
 "val_macro_f1": 0.45977011494252873,
 "transformer_params": 133248,
 "recursion_depth": 6,
 "n_markers": 512,
 "d_model": 128,
 "lr": 0.0003,
 "flops_eff": 148897792,
 "flops_nominal": 301989888,
 "compute_saving_ratio": 0.4930555555555556,
 "mean_recursion_depth": 3.749999761581421,
 "config_tag": "d128_m512_k6_lr0.0003"
}