{
 "task": "os_binary",
 "seed": 0,
 "n_classes": 2,
 "accuracy": 0.6715328467153284,
 "macro_f1": 0.5282639885222382,
 "weighted_f1": 0.711382462901486,
 "val_macro_f1": 0.5418987341772152,
 "transformer_params": 528128,
 "recursion_depth": 4,
 "n_markers": 256,
 "d_model": 256,
 "lr": 0.0003,
 "flops_eff": 126877696,
 "flops_nominal": 201326592,
 "compute_saving_ratio": 0.6302083333333334,
 "mean_recursion_depth": 2.75,
 "config_tag": "d256_m256_k4_lr0.0003"
}