{
 "task": "os_binary",
 "seed": 0,
 "n_classes": 2,
 "accuracy": 0.8521897810218978,
 "macro_f1": 0.4600985221674877,
 "weighted_f1": 0.7841825177088203,
 "val_macro_f1": 0.45977011494252873,
 "transformer_params": 528128,
 "recursion_depth": 4,
 "n_markers": 512,
 "d_model": 256,
 "lr": 0.001,
 "flops_eff": 322961408,
 "flops_nominal": 536870912,
 "compute_saving_ratio": 0.6015625,
 "mean_recursion_depth": 2.750000238418579,
 "config_tag": "d256_m512_k4_lr0.001"
}