{
 "task": "os_binary",
 "seed": 0,
 "n_classes": 2,
 "accuracy": 0.781021897810219,
 "macro_f1": 0.5365750528541227,
 "weighted_f1": 0.7736516411783768,
 "val_macro_f1": 0.5345711759504863,
 "transformer_params": 132992,
 "recursion_depth": 4,
 "n_markers": 512,
 "d_model": 128,
 "lr": 0.001,
 "flops_eff": 115343360,
 "flops_nominal": 201326592,
 "compute_saving_ratio": 0.5729166666666666,
 "mean_recursion_depth": 2.749999761581421,
 "config_tag": "d128_m512_k4_lr0.001"
}