{
 "task": "os_binary",
 "seed": 0,
 "n_classes": 2,
 "accuracy": 0.7262773722627737,
 "macro_f1": 0.5582070299903257,
 "weighted_f1": 0.7501453498635947,
 "val_macro_f1": 0.5407579737335835,
 "transformer_params": 528640,
 "recursion_depth": 6,
 "n_markers": 256,
 "d_model": 256,
 "lr": 0.0003,
 "flops_eff": 168820736,
 "flops_nominal": 301989888,
 "compute_saving_ratio": 0.5590277777777778,
 "mean_recursion_depth": 3.75,
 "config_tag": "d256_m256_k6_lr0.0003"
}