{
 "task": "os_binary",
 "seed": 0,
 "n_classes": 2,
 "accuracy": 0.6843065693430657,
 "macro_f1": 0.5255411255411255,
 "weighted_f1": 0.7188643473315006,
 "val_macro_f1": 0.5250360914824101,
 "transformer_params": 133248,
 "recursion_depth": 6,
 "n_markers": 512,
 "d_model": 128,
 "lr": 0.001,
 "flops_eff": 148897792,
 "flops_nominal": 301989888,
 "compute_saving_ratio": 0.4930555555555556,
 "mean_recursion_depth": 3.750000238418579,
 "config_tag": "d128_m512_k6_lr0.001"
}