{
 "task": "os_binary",
 "seed": 0,
 "n_classes": 2,
 "accuracy": 0.833941605839416,
 "macro_f1": 0.4653887798968685,
 "weighted_f1": 0.7780511772898868,
 "val_macro_f1": 0.5177607983782941,
 "transformer_params": 133248,
 "recursion_depth": 6,
 "n_markers": 256,
 "d_model": 128,
 "lr": 0.001,
 "flops_eff": 52953088,
 "flops_nominal": 100663296,
 "compute_saving_ratio": 0.5260416666666666,
 "mean_recursion_depth": 3.75,
 "config_tag": "d128_m256_k6_lr0.001"
}