{
 "task": "pathologic_N",
 "seed": 0,
 "n_classes": 4,
 "accuracy": 0.3740875912408759,
 "macro_f1": 0.304567542573981,
 "weighted_f1": 0.381774407910735,
 "val_macro_f1": 0.30087566521528786,
 "transformer_params": 133248,
 "recursion_depth": 6,
 "n_markers": 256,
 "d_model": 128,
 "lr": 0.001,
 "flops_eff": 52953088,
 "flops_nominal": 100663296,
 "compute_saving_ratio": 0.5260416666666666,
 "mean_recursion_depth": 3.75,
 "config_tag": "d128_m256_k6_lr0.001"
}