{
 "task": "pathologic_T",
 "seed": 0,
 "n_classes": 4,
 "accuracy": 0.4324817518248175,
 "macro_f1": 0.41150869972025955,
 "weighted_f1": 0.4347317517315995,
 "val_macro_f1": 0.4456991769788673,
 "transformer_params": 133248,
 "recursion_depth": 6,
 "n_markers": 256,
 "d_model": 128,
 "lr": 0.0003,
 "flops_eff": 52953088,
 "flops_nominal": 100663296,
 "compute_saving_ratio": 0.5260416666666666,
 "mean_recursion_depth": 3.75,
 "config_tag": "d128_m256_k6_lr0.0003"
}