{
 "task": "pathologic_T",
 "seed": 0,
 "n_classes": 4,
 "accuracy": 0.40875912408759124,
 "macro_f1": 0.38120144057745425,
 "weighted_f1": 0.4113478127702771,
 "val_macro_f1": 0.4650681315798375,
 "transformer_params": 528128,
 "recursion_depth": 4,
 "n_markers": 256,
 "d_model": 256,
 "lr": 0.0003,
 "flops_eff": 126877696,
 "flops_nominal": 201326592,
 "compute_saving_ratio": 0.6302083333333334,
 "mean_recursion_depth": 2.75,
 "config_tag": "d256_m256_k4_lr0.0003"
}