{
 "task": "pathologic_stage",
 "seed": 0,
 "n_classes": 4,
 "accuracy": 0.5328467153284672,
 "macro_f1": 0.46895895575473034,
 "weighted_f1": 0.49083619166892534,
 "val_macro_f1": 0.4670312191266548,
 "transformer_params": 528640,
 "recursion_depth": 6,
 "n_markers": 512,
 "d_model": 256,
 "lr": 0.0003,
 "flops_eff": 423624704,
 "flops_nominal": 805306368,
 "compute_saving_ratio": 0.5260416666666666,
 "mean_recursion_depth": 3.75,
 "config_tag": "d256_m512_k6_lr0.0003"
}