{
 "task": "pathologic_stage",
 "seed": 0,
 "n_classes": 4,
 "accuracy": 0.4835766423357664,
 "macro_f1": 0.44266699662245035,
 "weighted_f1": 0.46351556819807427,
 "val_macro_f1": 0.5143167873464429,
 "transformer_params": 133248,
 "recursion_depth": 6,
 "n_markers": 512,
 "d_model": 128,
 "lr": 0.0003,
 "flops_eff": 148897792,
 "flops_nominal": 301989888,
 "compute_saving_ratio": 0.4930555555555556,
 "mean_recursion_depth": 3.750000238418579,
 "config_tag": "d128_m512_k6_lr0.0003"
}