{
 "task": "pathologic_stage",
 "seed": 0,
 "n_classes": 4,
 "accuracy": 0.46897810218978103,
 "macro_f1": 0.4253165204392654,
 "weighted_f1": 0.45625708960084227,
 "val_macro_f1": 0.4659059709994332,
 "transformer_params": 528128,
 "recursion_depth": 4,
 "n_markers": 512,
 "d_model": 256,
 "lr": 0.001,
 "flops_eff": 322961408,
 "flops_nominal": 536870912,
 "compute_saving_ratio": 0.6015625,
 "mean_recursion_depth": 2.75,
 "config_tag": "d256_m512_k4_lr0.001"
}