{
 "task": "pathologic_stage",
 "seed": 0,
 "n_classes": 4,
 "accuracy": 0.5091240875912408,
 "macro_f1": 0.42740347154793157,
 "weighted_f1": 0.4606993639771253,
 "val_macro_f1": 0.46554475317000954,
 "transformer_params": 133248,
 "recursion_depth": 6,
 "n_markers": 512,
 "d_model": 128,
 "lr": 0.001,
 "flops_eff": 148897792,
 "flops_nominal": 301989888,
 "compute_saving_ratio": 0.4930555555555556,
 "mean_recursion_depth": 3.749999761581421,
 "config_tag": "d128_m512_k6_lr0.001"
}