{
 "task": "pathologic_N",
 "seed": 0,
 "n_classes": 4,
 "accuracy": 0.3813868613138686,
 "macro_f1": 0.30903023871265484,
 "weighted_f1": 0.40619839192420837,
 "val_macro_f1": 0.323485668242987,
 "transformer_params": 528128,
 "recursion_depth": 4,
 "n_markers": 512,
 "d_model": 256,
 "lr": 0.0003,
 "flops_eff": 322961408,
 "flops_nominal": 536870912,
 "compute_saving_ratio": 0.6015625,
 "mean_recursion_depth": 2.749999761581421,
 "config_tag": "d256_m512_k4_lr0.0003"
}