{
 "task": "pathologic_stage",
 "seed": 0,
 "n_classes": 4,
 "accuracy": 0.4708029197080292,
 "macro_f1": 0.40389222901842614,
 "weighted_f1": 0.44057674230902477,
 "val_macro_f1": 0.47369970868054545,
 "transformer_params": 528640,
 "recursion_depth": 6,
 "n_markers": 256,
 "d_model": 256,
 "lr": 0.0003,
 "flops_eff": 168820736,
 "flops_nominal": 301989888,
 "compute_saving_ratio": 0.5590277777777778,
 "mean_recursion_depth": 3.75,
 "config_tag": "d256_m256_k6_lr0.0003"
}