{
 "task": "pathologic_N",
 "seed": 0,
 "n_classes": 4,
 "accuracy": 0.395985401459854,
 "macro_f1": 0.32084961292473874,
 "weighted_f1": 0.4266978575669842,
 "val_macro_f1": 0.32714352501168764,
 "transformer_params": 528128,
 "recursion_depth": 4,
 "n_markers": 256,
 "d_model": 256,
 "lr": 0.001,
 "flops_eff": 126877696,
 "flops_nominal": 201326592,
 "compute_saving_ratio": 0.6302083333333334,
 "mean_recursion_depth": 2.75,
 "config_tag": "d256_m256_k4_lr0.001"
}