{
 "task": "pathologic_T",
 "seed": 0,
 "n_classes": 4,
 "accuracy": 0.39233576642335766,
 "macro_f1": 0.37043463076527683,
 "weighted_f1": 0.3932076316645514,
 "val_macro_f1": 0.4407714286355063,
 "transformer_params": 528640,
 "recursion_depth": 6,
 "n_markers": 256,
 "d_model": 256,
 "lr": 0.0003,
 "flops_eff": 168820736,
 "flops_nominal": 301989888,
 "compute_saving_ratio": 0.5590277777777778,
 "mean_recursion_depth": 3.75,
 "config_tag": "d256_m256_k6_lr0.0003"
}