{
 "task": "pathologic_N",
 "seed": 0,
 "n_classes": 4,
 "accuracy": 0.43613138686131386,
 "macro_f1": 0.3701450892857143,
 "weighted_f1": 0.48653708289885306,
 "val_macro_f1": 0.33439821136381065,
 "transformer_params": 528640,
 "recursion_depth": 6,
 "n_markers": 256,
 "d_model": 256,
 "lr": 0.001,
 "flops_eff": 168820736,
 "flops_nominal": 301989888,
 "compute_saving_ratio": 0.5590277777777778,
 "mean_recursion_depth": 3.75,
 "config_tag": "d256_m256_k6_lr0.001"
}