{
 "task": "pathologic_stage",
 "seed": 0,
 "n_classes": 4,
 "accuracy": 0.45255474452554745,
 "macro_f1": 0.419566445780038,
 "weighted_f1": 0.43871993367776796,
 "val_macro_f1": 0.4761335828179074,
 "transformer_params": 528128,
 "recursion_depth": 4,
 "n_markers": 512,
 "d_model": 256,
 "lr": 0.0003,
 "flops_eff": 322961408,
 "flops_nominal": 536870912,
 "compute_saving_ratio": 0.6015625,
 "mean_recursion_depth": 2.75,
 "config_tag": "d256_m512_k4_lr0.0003"
}