{
 "task": "pathologic_T",
 "seed": 0,
 "n_classes": 4,
 "accuracy": 0.39233576642335766,
 "macro_f1": 0.3752411159659937,
 "weighted_f1": 0.40565186643199225,
 "val_macro_f1": 0.43310390659741393,
 "transformer_params": 528640,
 "recursion_depth": 6,
 "n_markers": 512,
 "d_model": 256,
 "lr": 0.0003,
 "flops_eff": 423624704,
 "flops_nominal": 805306368,
 "compute_saving_ratio": 0.5260416666666666,
 "mean_recursion_depth": 3.75,
 "config_tag": "d256_m512_k6_lr0.0003"
}