{
 "task": "pathologic_T",
 "seed": 0,
 "n_classes": 4,
 "accuracy": 0.46715328467153283,
 "macro_f1": 0.3858635680081134,
 "weighted_f1": 0.44306639513316703,
 "val_macro_f1": 0.44921546427238473,
 "transformer_params": 528128,
 "recursion_depth": 4,
 "n_markers": 512,
 "d_model": 256,
 "lr": 0.001,
 "flops_eff": 322961408,
 "flops_nominal": 536870912,
 "compute_saving_ratio": 0.6015625,
 "mean_recursion_depth": 2.749999761581421,
 "config_tag": "d256_m512_k4_lr0.001"
}