{
 "task": "pathologic_T",
 "seed": 0,
 "n_classes": 4,
 "accuracy": 0.32116788321167883,
 "macro_f1": 0.2822099724133493,
 "weighted_f1": 0.2595692049890336,
 "val_macro_f1": 0.320992941791565,
 "transformer_params": 528640,
 "recursion_depth": 6,
 "n_markers": 512,
 "d_model": 256,
 "lr": 0.001,
 "flops_eff": 423624704,
 "flops_nominal": 805306368,
 "compute_saving_ratio": 0.5260416666666666,
 "mean_recursion_depth": 3.75,
 "config_tag": "d256_m512_k6_lr0.001"
}