{
 "task": "pathologic_T",
 "seed": 0,
 "n_classes": 4,
 "accuracy": 0.4306569343065693,
 "macro_f1": 0.41010047653055126,
 "weighted_f1": 0.4367349205257689,
 "val_macro_f1": 0.45503661183726984,
 "transformer_params": 132992,
 "recursion_depth": 4,
 "n_markers": 512,
 "d_model": 128,
 "lr": 0.001,
 "flops_eff": 115343360,
 "flops_nominal": 201326592,
 "compute_saving_ratio": 0.5729166666666666,
 "mean_recursion_depth": 2.749999761581421,
 "config_tag": "d128_m512_k4_lr0.001"
}