{
 "task": "pathologic_T",
 "seed": 0,
 "n_classes": 4,
 "accuracy": 0.4726277372262774,
 "macro_f1": 0.42078534604782525,
 "weighted_f1": 0.46552315808267364,
 "val_macro_f1": 0.46217917538142256,
 "transformer_params": 132992,
 "recursion_depth": 4,
 "n_markers": 256,
 "d_model": 128,
 "lr": 0.001,
 "flops_eff": 40370176,
 "flops_nominal": 67108864,
 "compute_saving_ratio": 0.6015625,
 "mean_recursion_depth": 2.749999761581421,
 "config_tag": "d128_m256_k4_lr0.001"
}