{
 "task": "pathologic_T",
 "seed": 0,
 "n_classes": 4,
 "accuracy": 0.39233576642335766,
 "macro_f1": 0.36869986872314103,
 "weighted_f1": 0.39897990815829676,
 "val_macro_f1": 0.3934943051999,
 "transformer_params": 528128,
 "recursion_depth": 4,
 "n_markers": 256,
 "d_model": 256,
 "lr": 0.001,
 "flops_eff": 126877696,
 "flops_nominal": 201326592,
 "compute_saving_ratio": 0.6302083333333334,
 "mean_recursion_depth": 2.750000238418579,
 "config_tag": "d256_m256_k4_lr0.001"
}