{
 "task": "pathologic_N",
 "seed": 0,
 "n_classes": 4,
 "accuracy": 0.4470802919708029,
 "macro_f1": 0.34011360159848825,
 "weighted_f1": 0.4589732402718843,
 "val_macro_f1": 0.3315681698135302,
 "transformer_params": 133248,
 "recursion_depth": 6,
 "n_markers": 512,
 "d_model": 128,
 "lr": 0.0003,
 "flops_eff": 148897792,
 "flops_nominal": 301989888,
 "compute_saving_ratio": 0.4930555555555556,
 "mean_recursion_depth": 3.75,
 "config_tag": "d128_m512_k6_lr0.0003"
}