{
 "task": "pathologic_N",
 "seed": 0,
 "n_classes": 4,
 "accuracy": 0.44525547445255476,
 "macro_f1": 0.3070152175382743,
 "weighted_f1": 0.45485963102633237,
 "val_macro_f1": 0.34541717685834994,
 "transformer_params": 528640,
 "recursion_depth": 6,
 "n_markers": 512,
 "d_model": 256,
 "lr": 0.0003,
 "flops_eff": 423624704,
 "flops_nominal": 805306368,
 "compute_saving_ratio": 0.5260416666666666,
 "mean_recursion_depth": 3.750000238418579,
 "config_tag": "d256_m512_k6_lr0.0003"
}