{
 "task": "pathologic_T",
 "seed": 0,
 "n_classes": 4,
 "accuracy": 0.43613138686131386,
 "macro_f1": 0.38221504458002004,
 "weighted_f1": 0.4322807458590608,
 "val_macro_f1": 0.462541179106051,
 "transformer_params": 132992,
 "recursion_depth": 4,
 "n_markers": 512,
 "d_model": 128,
 "lr": 0.0003,
 "flops_eff": 115343360,
 "flops_nominal": 201326592,
 "compute_saving_ratio": 0.5729166666666666,
 "mean_recursion_depth": 2.75,
 "config_tag": "d128_m512_k4_lr0.0003"
}