{
 "task": "pathologic_N",
 "seed": 0,
 "n_classes": 4,
 "accuracy": 0.4744525547445255,
 "macro_f1": 0.37769600891973354,
 "weighted_f1": 0.4934046316751773,
 "val_macro_f1": 0.40128129563603687,
 "transformer_params": 132992,
 "recursion_depth": 4,
 "n_markers": 256,
 "d_model": 128,
 "lr": 0.0003,
 "flops_eff": 40370176,
 "flops_nominal": 67108864,
 "compute_saving_ratio": 0.6015625,
 "mean_recursion_depth": 2.749999761581421,
 "config_tag": "d128_m256_k4_lr0.0003"
}