{
 "task": "tumor_status",
 "seed": 0,
 "n_classes": 2,
 "accuracy": 0.635036496350365,
 "macro_f1": 0.5466203358980724,
 "weighted_f1": 0.6591499946555357,
 "val_macro_f1": 0.6052225587109308,
 "transformer_params": 132992,
 "recursion_depth": 4,
 "n_markers": 256,
 "d_model": 128,
 "lr": 0.001,
 "flops_eff": 40370176,
 "flops_nominal": 67108864,
 "compute_saving_ratio": 0.6015625,
 "mean_recursion_depth": 2.75,
 "config_tag": "d128_m256_k4_lr0.001"
}