{
 "task": "tumor_status",
 "seed": 0,
 "n_classes": 2,
 "accuracy": 0.6423357664233577,
 "macro_f1": 0.5424930143801541,
 "weighted_f1": 0.6626163254321334,
 "val_macro_f1": 0.5865135017677391,
 "transformer_params": 528640,
 "recursion_depth": 6,
 "n_markers": 256,
 "d_model": 256,
 "lr": 0.001,
 "flops_eff": 168820736,
 "flops_nominal": 301989888,
 "compute_saving_ratio": 0.5590277777777778,
 "mean_recursion_depth": 3.750000238418579,
 "config_tag": "d256_m256_k6_lr0.001"
}