{
 "task": "tumor_status",
 "seed": 0,
 "n_classes": 2,
 "accuracy": 0.6368613138686131,
 "macro_f1": 0.542380918410595,
 "weighted_f1": 0.6592482348807541,
 "val_macro_f1": 0.5995318352059925,
 "transformer_params": 133248,
 "recursion_depth": 6,
 "n_markers": 512,
 "d_model": 128,
 "lr": 0.001,
 "flops_eff": 148897792,
 "flops_nominal": 301989888,
 "compute_saving_ratio": 0.4930555555555556,
 "mean_recursion_depth": 3.75,
 "config_tag": "d128_m512_k6_lr0.001"
}