{
 "task": "tumor_status",
 "seed": 0,
 "n_classes": 2,
 "accuracy": 0.6405109489051095,
 "macro_f1": 0.5371125489338531,
 "weighted_f1": 0.660072808359131,
 "val_macro_f1": 0.5660628501591219,
 "transformer_params": 133248,
 "recursion_depth": 6,
 "n_markers": 256,
 "d_model": 128,
 "lr": 0.001,
 "flops_eff": 52953088,
 "flops_nominal": 100663296,
 "compute_saving_ratio": 0.5260416666666666,
 "mean_recursion_depth": 3.750000238418579,
 "config_tag": "d128_m256_k6_lr0.001"
}