{
 "task": "tumor_status",
 "seed": 0,
 "n_classes": 2,
 "accuracy": 0.5894160583941606,
 "macro_f1": 0.5378820531079587,
 "weighted_f1": 0.6246168816770854,
 "val_macro_f1": 0.5824519840934089,
 "transformer_params": 132992,
 "recursion_depth": 4,
 "n_markers": 512,
 "d_model": 128,
 "lr": 0.0003,
 "flops_eff": 115343360,
 "flops_nominal": 201326592,
 "compute_saving_ratio": 0.5729166666666666,
 "mean_recursion_depth": 2.749999761581421,
 "config_tag": "d128_m512_k4_lr0.0003"
}