{
 "task": "tumor_status",
 "seed": 0,
 "n_classes": 2,
 "accuracy": 0.6113138686131386,
 "macro_f1": 0.5494934290511202,
 "weighted_f1": 0.6432899580417689,
 "val_macro_f1": 0.5547468590488166,
 "transformer_params": 132992,
 "recursion_depth": 4,
 "n_markers": 512,
 "d_model": 128,
 "lr": 0.001,
 "flops_eff": 115343360,
 "flops_nominal": 201326592,
 "compute_saving_ratio": 0.5729166666666666,
 "mean_recursion_depth": 2.75,
 "config_tag": "d128_m512_k4_lr0.001"
}