{
 "task": "tumor_status",
 "seed": 0,
 "n_classes": 2,
 "accuracy": 0.6532846715328468,
 "macro_f1": 0.53994344291269,
 "weighted_f1": 0.6682857164972792,
 "val_macro_f1": 0.5753273096072284,
 "transformer_params": 528640,
 "recursion_depth": 6,
 "n_markers": 512,
 "d_model": 256,
 "lr": 0.0003,
 "flops_eff": 423624704,
 "flops_nominal": 805306368,
 "compute_saving_ratio": 0.5260416666666666,
 "mean_recursion_depth": 3.75,
 "config_tag": "d256_m512_k6_lr0.0003"
}