{
 "task": "tumor_status",
 "seed": 0,
 "n_classes": 2,
 "accuracy": 0.6441605839416058,
 "macro_f1": 0.5438304411858872,
 "weighted_f1": 0.6640704566285384,
 "val_macro_f1": 0.523640005660973,
 "transformer_params": 528128,
 "recursion_depth": 4,
 "n_markers": 512,
 "d_model": 256,
 "lr": 0.001,
 "flops_eff": 322961408,
 "flops_nominal": 536870912,
 "compute_saving_ratio": 0.6015625,
 "mean_recursion_depth": 2.75,
 "config_tag": "d256_m512_k4_lr0.001"
}