{
 "task": "tumor_status",
 "seed": 0,
 "n_classes": 2,
 "accuracy": 0.677007299270073,
 "macro_f1": 0.5595395409032082,
 "weighted_f1": 0.6873843097265099,
 "val_macro_f1": 0.6193727195290947,
 "transformer_params": 132992,
 "recursion_depth": 4,
 "n_markers": 256,
 "d_model": 128,
 "lr": 0.0003,
 "flops_eff": 40370176,
 "flops_nominal": 67108864,
 "compute_saving_ratio": 0.6015625,
 "mean_recursion_depth": 2.75,
 "config_tag": "d128_m256_k4_lr0.0003"
}