{
 "dataset": "pancreas",
 "mode": "coexpr",
 "seed": 2,
 "n_samples": 14767,
 "n_features": 1936,
 "n_classes": 15,
 "n_train": 10744,
 "n_test": 2127,
 "transformer_params": 75168,
 "total_params": 295327,
 "accuracy": 0.9407616361071932,
 "macro_f1": 0.6336047766508995,
 "weighted_f1": 0.94400869638247,
 "beta": 1.0,
 "knn": 16,
 "anneal": true
}