{
 "dataset": "pancreas",
 "mode": "random",
 "seed": 1,
 "n_samples": 14767,
 "n_features": 1936,
 "n_classes": 15,
 "n_train": 10744,
 "n_test": 2127,
 "transformer_params": 75168,
 "total_params": 295327,
 "accuracy": 0.9097320169252469,
 "macro_f1": 0.5290189500546928,
 "weighted_f1": 0.90964184373476,
 "beta": 1.0,
 "knn": 16,
 "anneal": true
}