{
 "dataset": "pancreas",
 "mode": "random",
 "seed": 2,
 "n_samples": 14767,
 "n_features": 1936,
 "n_classes": 15,
 "n_train": 10744,
 "n_test": 2127,
 "transformer_params": 75168,
 "total_params": 295327,
 "accuracy": 0.9308885754583921,
 "macro_f1": 0.5083664768020653,
 "weighted_f1": 0.937634464081499,
 "beta": 1.0,
 "knn": 16,
 "anneal": true
}