{
 "dataset": "pancreas",
 "mode": "none",
 "seed": 2,
 "n_samples": 14767,
 "n_features": 1936,
 "n_classes": 15,
 "n_train": 10744,
 "n_test": 2127,
 "transformer_params": 75168,
 "total_params": 295327,
 "accuracy": 0.9341795956746591,
 "macro_f1": 0.5317188528960284,
 "weighted_f1": 0.934600868407996,
 "beta": 1.0,
 "knn": 16,
 "anneal": true
}