{
 "dataset": "tabula_muris",
 "mode": "coexpr",
 "seed": 2,
 "n_samples": 54865,
 "n_features": 1089,
 "n_classes": 55,
 "n_train": 32645,
 "n_test": 16458,
 "transformer_params": 75168,
 "total_params": 221775,
 "accuracy": 0.8155304411228582,
 "macro_f1": 0.7103967299446873,
 "weighted_f1": 0.8161823796823339,
 "beta": 1.0,
 "knn": 16,
 "anneal": true
}