{
 "dataset": "tabula_muris",
 "mode": "random",
 "seed": 1,
 "n_samples": 54865,
 "n_features": 1089,
 "n_classes": 55,
 "n_train": 32645,
 "n_test": 16458,
 "transformer_params": 75168,
 "total_params": 221775,
 "accuracy": 0.8324826831935837,
 "macro_f1": 0.7246183341161515,
 "weighted_f1": 0.8309720713730653,
 "beta": 1.0,
 "knn": 16,
 "anneal": true
}