{
 "dataset": "tabula_muris",
 "mode": "random",
 "seed": 2,
 "n_samples": 54865,
 "n_features": 1089,
 "n_classes": 55,
 "n_train": 32645,
 "n_test": 16458,
 "transformer_params": 75168,
 "total_params": 221775,
 "accuracy": 0.834913112164297,
 "macro_f1": 0.7392164711726015,
 "weighted_f1": 0.8388078957471635,
 "beta": 1.0,
 "knn": 16,
 "anneal": true
}