{
 "dataset": "tabula_muris",
 "mode": "coexpr",
 "seed": 1,
 "n_samples": 54865,
 "n_features": 1089,
 "n_classes": 55,
 "n_train": 32645,
 "n_test": 16458,
 "transformer_params": 75168,
 "total_params": 221775,
 "accuracy": 0.792988212419492,
 "macro_f1": 0.678585482714011,
 "weighted_f1": 0.7969714069291308,
 "beta": 1.0,
 "knn": 16,
 "anneal": true
}