{
 "dataset": "tabula_muris",
 "mode": "random",
 "seed": 0,
 "n_samples": 54865,
 "n_features": 1089,
 "n_classes": 55,
 "n_train": 32645,
 "n_test": 16458,
 "transformer_params": 75168,
 "total_params": 221775,
 "accuracy": 0.8095758901446105,
 "macro_f1": 0.7090720050672704,
 "weighted_f1": 0.809574654338497,
 "beta": 1.0,
 "knn": 16,
 "anneal": true
}