{
 "dataset": "pancreas",
 "n_samples": 14767,
 "n_features": 1936,
 "n_classes": 15,
 "n_train": 10744,
 "n_test": 2127,
 "transformer_params": 75168,
 "total_params": 295327,
 "config": {
  "heads": [
   "cell_type"
  ],
  "cohorts": null,
  "n_hvg": null,
  "batch_size": 128,
  "val_frac": 0.15,
  "test_frac": 0.15,
  "d_model": 96,
  "n_heads": 4,
  "d_ff": 192,
  "dropout": 0.1,
  "n_markers": 128,
  "marker_mode": "router",
  "compress_mode": "aggregate",
  "recursive_marker_refine": true,
  "peak_init": true,
  "anneal_markers": true,
  "recursion_depth": 4,
  "share_weights": true,
  "adaptive_depth": false,
  "marker_ffn": false,
  "recursion_mode": "expert",
  "router_capacity": null,
  "router_alpha": 1.0,
  "router_temp": 1.0,
  "router_type": "linear",
  "router_z_coeff": 0.001,
  "router_balance_coeff": 0.1,
  "gene_interaction": "none",
  "interaction_knn": 16,
  "router_prior_beta": 1.0,
  "router_prior_anneal": true,
  "lambda_marker": 0.1,
  "gamma_diversity": 0.05,
  "beta_compression": 0.01,
  "lr": 0.001,
  "weight_decay": 1e-05,
  "epochs": 150,
  "patience": 15,
  "seed": 0,
  "device": "cuda"
 },
 "heads": {
  "cell_type": {
   "accuracy": 0.9130230371415139,
   "macro_f1": 0.5583841880362419,
   "weighted_f1": 0.9119651492550855,
   "per_class": {
    "0": {
     "precision": 0.0,
     "recall": 0.0,
     "f1-score": 0.0,
     "support": 5.0
    },
    "1": {
     "precision": 0.9771428571428571,
     "recall": 0.9243243243243243,
     "f1-score": 0.95,
     "support": 185.0
    },
    "2": {
     "precision": 0.9822064056939501,
     "recall": 0.9345372460496614,
     "f1-score": 0.9577790630422209,
     "support": 886.0
    },
    "3": {
     "precision": 0.9163763066202091,
     "recall": 0.9740740740740741,
     "f1-score": 0.9443447037701975,
     "support": 270.0
    },
    "4": {
     "precision": 0.8292682926829268,
     "recall": 0.8947368421052632,
     "f1-score": 0.8607594936708861,
     "support": 114.0
    },
    "5": {
     "precision": 0.9475,
     "recall": 0.9818652849740933,
     "f1-score": 0.9643765903307888,
     "support": 386.0
    },
    "6": {
     "precision": 1.0,
     "recall": 0.9375,
     "f1-score": 0.967741935483871,
     "support": 16.0
    },
    "7": {
     "precision": 1.0,
     "recall": 0.5714285714285714,
     "f1-score": 0.7272727272727273,
     "support": 7.0
    },
    "8": {
     "precision": 0.7991071428571429,
     "recall": 0.9086294416243654,
     "f1-score": 0.850356294536817,
     "support": 197.0
    },
    "9": {
     "precision": 0.0,
     "recall": 0.0,
     "f1-score": 0.0,
     "support": 0.0
    },
    "10": {
     "precision": 0.0,
     "recall": 0.0,
     "f1-score": 0.0,
     "support": 7.0
    },
    "11": {
     "precision": 0.0,
     "recall": 0.0,
     "f1-score": 0.0,
     "support": 0.0
    },
    "13": {
     "precision": 1.0,
     "recall": 0.018518518518518517,
     "f1-score": 0.03636363636363636,
     "support": 54.0
    },
    "accuracy": 0.9130230371415139,
    "macro avg": {
     "precision": 0.6501231542305452,
     "recall": 0.5496626386999132,
     "f1-score": 0.5583841880362419,
     "support": 2127.0
    },
    "weighted avg": {
     "precision": 0.9370585798365939,
     "recall": 0.9130230371415139,
     "f1-score": 0.9119651492550855,
     "support": 2127.0
    }
   }
  }
 }
}