{
 "dataset": "tabula_muris",
 "n_samples": 54865,
 "n_features": 1089,
 "n_classes": 55,
 "n_train": 32645,
 "n_test": 16458,
 "transformer_params": 75168,
 "total_params": 221775,
 "config": {
  "heads": [
   "cell_type"
  ],
  "cohorts": null,
  "n_hvg": null,
  "batch_size": 128,
  "val_frac": 0.15,
  "test_frac": 0.15,
  "d_model": 96,
  "n_heads": 4,
  "d_ff": 192,
  "dropout": 0.1,
  "n_markers": 128,
  "marker_mode": "router",
  "compress_mode": "aggregate",
  "recursive_marker_refine": true,
  "peak_init": true,
  "anneal_markers": true,
  "recursion_depth": 4,
  "share_weights": true,
  "adaptive_depth": false,
  "marker_ffn": false,
  "recursion_mode": "expert",
  "router_capacity": null,
  "router_alpha": 1.0,
  "router_temp": 1.0,
  "router_type": "linear",
  "router_z_coeff": 0.001,
  "router_balance_coeff": 0.1,
  "gene_interaction": "none",
  "interaction_knn": 16,
  "router_prior_beta": 1.0,
  "router_prior_anneal": true,
  "lambda_marker": 0.1,
  "gamma_diversity": 0.05,
  "beta_compression": 0.01,
  "lr": 0.001,
  "weight_decay": 1e-05,
  "epochs": 150,
  "patience": 15,
  "seed": 0,
  "device": "cuda"
 },
 "heads": {
  "cell_type": {
   "accuracy": 0.7905577834487787,
   "macro_f1": 0.6878556209913358,
   "weighted_f1": 0.7884573246347109,
   "per_class": {
    "0": {
     "precision": 0.9387755102040817,
     "recall": 0.9429260450160771,
     "f1-score": 0.9408462001203128,
     "support": 2488.0
    },
    "1": {
     "precision": 0.23255813953488372,
     "recall": 0.7692307692307693,
     "f1-score": 0.35714285714285715,
     "support": 13.0
    },
    "2": {
     "precision": 0.5769230769230769,
     "recall": 0.75,
     "f1-score": 0.6521739130434783,
     "support": 20.0
    },
    "3": {
     "precision": 0.5333333333333333,
     "recall": 0.7272727272727273,
     "f1-score": 0.6153846153846154,
     "support": 11.0
    },
    "4": {
     "precision": 0.9224043715846995,
     "recall": 0.6379440665154951,
     "f1-score": 0.7542448614834674,
     "support": 1323.0
    },
    "5": {
     "precision": 0.8518518518518519,
     "recall": 0.8846153846153846,
     "f1-score": 0.8679245283018868,
     "support": 104.0
    },
    "6": {
     "precision": 0.6981132075471698,
     "recall": 0.940677966101695,
     "f1-score": 0.8014440433212996,
     "support": 118.0
    },
    "7": {
     "precision": 0.9458333333333333,
     "recall": 0.8553127354935945,
     "f1-score": 0.8982983775227542,
     "support": 1327.0
    },
    "8": {
     "precision": 0.6538461538461539,
     "recall": 0.9444444444444444,
     "f1-score": 0.7727272727272727,
     "support": 18.0
    },
    "9": {
     "precision": 0.8537234042553191,
     "recall": 0.889196675900277,
     "f1-score": 0.8710990502035278,
     "support": 361.0
    },
    "10": {
     "precision": 0.9088471849865952,
     "recall": 0.9685714285714285,
     "f1-score": 0.9377593360995851,
     "support": 350.0
    },
    "11": {
     "precision": 0.38627187079407804,
     "recall": 0.8391812865497076,
     "f1-score": 0.5290322580645161,
     "support": 342.0
    },
    "12": {
     "precision": 0.8181818181818182,
     "recall": 1.0,
     "f1-score": 0.9,
     "support": 18.0
    },
    "13": {
     "precision": 0.875,
     "recall": 0.9333333333333333,
     "f1-score": 0.9032258064516129,
     "support": 15.0
    },
    "14": {
     "precision": 0.574468085106383,
     "recall": 0.5625,
     "f1-score": 0.5684210526315789,
     "support": 48.0
    },
    "15": {
     "precision": 0.36363636363636365,
     "recall": 0.9230769230769231,
     "f1-score": 0.5217391304347826,
     "support": 13.0
    },
    "16": {
     "precision": 1.0,
     "recall": 0.375,
     "f1-score": 0.5454545454545454,
     "support": 8.0
    },
    "17": {
     "precision": 0.43902439024390244,
     "recall": 0.9473684210526315,
     "f1-score": 0.6,
     "support": 19.0
    },
    "18": {
     "precision": 0.5714285714285714,
     "recall": 0.8421052631578947,
     "f1-score": 0.6808510638297872,
     "support": 19.0
    },
    "19": {
     "precision": 0.9448818897637795,
     "recall": 0.4220398593200469,
     "f1-score": 0.5834683954619124,
     "support": 853.0
    },
    "20": {
     "precision": 1.0,
     "recall": 0.375,
     "f1-score": 0.5454545454545454,
     "support": 8.0
    },
    "21": {
     "precision": 0.5491606714628298,
     "recall": 0.8773946360153256,
     "f1-score": 0.6755162241887905,
     "support": 261.0
    },
    "22": {
     "precision": 0.8367346938775511,
     "recall": 0.8913043478260869,
     "f1-score": 0.8631578947368421,
     "support": 46.0
    },
    "23": {
     "precision": 0.42857142857142855,
     "recall": 0.8382352941176471,
     "f1-score": 0.5671641791044776,
     "support": 68.0
    },
    "24": {
     "precision": 0.9493087557603687,
     "recall": 0.944954128440367,
     "f1-score": 0.9471264367816092,
     "support": 218.0
    },
    "25": {
     "precision": 0.8928571428571429,
     "recall": 0.8849557522123894,
     "f1-score": 0.8888888888888888,
     "support": 113.0
    },
    "26": {
     "precision": 0.8775510204081632,
     "recall": 0.7288135593220338,
     "f1-score": 0.7962962962962963,
     "support": 118.0
    },
    "27": {
     "precision": 0.9943609022556391,
     "recall": 1.0,
     "f1-score": 0.9971724787935909,
     "support": 529.0
    },
    "28": {
     "precision": 0.19166666666666668,
     "recall": 0.6764705882352942,
     "f1-score": 0.2987012987012987,
     "support": 34.0
    },
    "29": {
     "precision": 0.8755868544600939,
     "recall": 0.9187192118226601,
     "f1-score": 0.8966346153846154,
     "support": 406.0
    },
    "30": {
     "precision": 0.8388998035363457,
     "recall": 0.9252437703141928,
     "f1-score": 0.8799587841318908,
     "support": 923.0
    },
    "31": {
     "precision": 0.42035398230088494,
     "recall": 0.8050847457627118,
     "f1-score": 0.5523255813953488,
     "support": 118.0
    },
    "32": {
     "precision": 0.09433962264150944,
     "recall": 0.35714285714285715,
     "f1-score": 0.14925373134328357,
     "support": 14.0
    },
    "33": {
     "precision": 0.7107438016528925,
     "recall": 0.6466165413533834,
     "f1-score": 0.6771653543307087,
     "support": 133.0
    },
    "34": {
     "precision": 0.7309941520467836,
     "recall": 0.8865248226950354,
     "f1-score": 0.8012820512820513,
     "support": 141.0
    },
    "35": {
     "precision": 0.9971830985915493,
     "recall": 0.9860724233983287,
     "f1-score": 0.9915966386554622,
     "support": 359.0
    },
    "36": {
     "precision": 0.8152173913043478,
     "recall": 0.9493670886075949,
     "f1-score": 0.8771929824561403,
     "support": 79.0
    },
    "37": {
     "precision": 0.6075949367088608,
     "recall": 0.4948453608247423,
     "f1-score": 0.5454545454545454,
     "support": 97.0
    },
    "38": {
     "precision": 0.8969072164948454,
     "recall": 0.6304347826086957,
     "f1-score": 0.7404255319148936,
     "support": 138.0
    },
    "39": {
     "precision": 0.6368715083798883,
     "recall": 0.8201438848920863,
     "f1-score": 0.7169811320754716,
     "support": 139.0
    },
    "40": {
     "precision": 0.2571428571428571,
     "recall": 0.09090909090909091,
     "f1-score": 0.13432835820895522,
     "support": 396.0
    },
    "41": {
     "precision": 0.75,
     "recall": 0.42857142857142855,
     "f1-score": 0.5454545454545454,
     "support": 7.0
    },
    "42": {
     "precision": 0.325,
     "recall": 0.8666666666666667,
     "f1-score": 0.4727272727272727,
     "support": 15.0
    },
    "43": {
     "precision": 0.9382504288164666,
     "recall": 0.929481733220051,
     "f1-score": 0.9338454972257789,
     "support": 2354.0
    },
    "44": {
     "precision": 0.3520097442143727,
     "recall": 0.8475073313782991,
     "f1-score": 0.4974182444061962,
     "support": 341.0
    },
    "45": {
     "precision": 0.7444444444444445,
     "recall": 0.8535031847133758,