{
 "dataset": "pancreas",
 "n_samples": 14767,
 "n_features": 1936,
 "n_classes": 15,
 "n_train": 10744,
 "n_test": 2127,
 "transformer_params": 75168,
 "total_params": 295327,
 "config": {
  "heads": [
   "cell_type"
  ],
  "cohorts": null,
  "n_hvg": null,
  "batch_size": 128,
  "val_frac": 0.15,
  "test_frac": 0.15,
  "d_model": 96,
  "n_heads": 4,
  "d_ff": 192,
  "dropout": 0.1,
  "n_markers": 128,
  "marker_mode": "router",
  "compress_mode": "aggregate",
  "recursive_marker_refine": true,
  "peak_init": true,
  "anneal_markers": true,
  "recursion_depth": 4,
  "share_weights": true,
  "adaptive_depth": false,
  "marker_ffn": false,
  "recursion_mode": "token",
  "router_capacity": null,
  "router_alpha": 1.0,
  "router_temp": 1.0,
  "router_type": "linear",
  "router_z_coeff": 0.001,
  "router_balance_coeff": 0.1,
  "gene_interaction": "none",
  "interaction_knn": 16,
  "router_prior_beta": 1.0,
  "router_prior_anneal": true,
  "lambda_marker": 0.1,
  "gamma_diversity": 0.05,
  "beta_compression": 0.01,
  "lr": 0.001,
  "weight_decay": 1e-05,
  "epochs": 150,
  "patience": 15,
  "seed": 3,
  "device": "cuda"
 },
 "heads": {
  "cell_type": {
   "accuracy": 0.9120827456511519,
   "macro_f1": 0.5663347743448666,
   "weighted_f1": 0.9163623883304964,
   "per_class": {
    "0": {
     "precision": 0.0,
     "recall": 0.0,
     "f1-score": 0.0,
     "support": 5.0
    },
    "1": {
     "precision": 0.9941860465116279,
     "recall": 0.9243243243243243,
     "f1-score": 0.957983193277311,
     "support": 185.0
    },
    "2": {
     "precision": 0.9915865384615384,
     "recall": 0.9311512415349887,
     "f1-score": 0.9604190919674039,
     "support": 886.0
    },
    "3": {
     "precision": 0.8859060402684564,
     "recall": 0.9777777777777777,
     "f1-score": 0.9295774647887324,
     "support": 270.0
    },
    "4": {
     "precision": 0.6772151898734177,
     "recall": 0.9385964912280702,
     "f1-score": 0.7867647058823529,
     "support": 114.0
    },
    "5": {
     "precision": 0.9623115577889447,
     "recall": 0.9922279792746114,
     "f1-score": 0.9770408163265306,
     "support": 386.0
    },
    "6": {
     "precision": 1.0,
     "recall": 0.9375,
     "f1-score": 0.967741935483871,
     "support": 16.0
    },
    "7": {
     "precision": 0.2727272727272727,
     "recall": 0.42857142857142855,
     "f1-score": 0.3333333333333333,
     "support": 7.0
    },
    "8": {
     "precision": 0.9269662921348315,
     "recall": 0.8375634517766497,
     "f1-score": 0.88,
     "support": 197.0
    },
    "9": {
     "precision": 0.0,
     "recall": 0.0,
     "f1-score": 0.0,
     "support": 0.0
    },
    "10": {
     "precision": 0.6666666666666666,
     "recall": 0.2857142857142857,
     "f1-score": 0.4,
     "support": 7.0
    },
    "11": {
     "precision": 0.0,
     "recall": 0.0,
     "f1-score": 0.0,
     "support": 0.0
    },
    "13": {
     "precision": 1.0,
     "recall": 0.09259259259259259,
     "f1-score": 0.1694915254237288,
     "support": 54.0
    },
    "accuracy": 0.9120827456511519,
    "macro avg": {
     "precision": 0.6444281234179042,
     "recall": 0.5650784286765176,
     "f1-score": 0.5663347743448666,
     "support": 2127.0
    },
    "weighted avg": {
     "precision": 0.9447614633909166,
     "recall": 0.9120827456511519,
     "f1-score": 0.9163623883304964,
     "support": 2127.0
    }
   }
  }
 }
}