{
 "dataset": "tabula_muris",
 "n_samples": 54865,
 "n_features": 1089,
 "n_classes": 55,
 "n_train": 32645,
 "n_test": 16458,
 "transformer_params": 75168,
 "total_params": 221775,
 "config": {
  "heads": [
   "cell_type"
  ],
  "cohorts": null,
  "n_hvg": null,
  "batch_size": 128,
  "val_frac": 0.15,
  "test_frac": 0.15,
  "d_model": 96,
  "n_heads": 4,
  "d_ff": 192,
  "dropout": 0.1,
  "n_markers": 128,
  "marker_mode": "router",
  "compress_mode": "aggregate",
  "recursive_marker_refine": true,
  "peak_init": true,
  "anneal_markers": true,
  "recursion_depth": 4,
  "share_weights": true,
  "adaptive_depth": false,
  "marker_ffn": false,
  "recursion_mode": "token",
  "router_capacity": null,
  "router_alpha": 1.0,
  "router_temp": 1.0,
  "router_type": "linear",
  "router_z_coeff": 0.001,
  "router_balance_coeff": 0.1,
  "gene_interaction": "none",
  "interaction_knn": 16,
  "router_prior_beta": 1.0,
  "router_prior_anneal": true,
  "lambda_marker": 0.1,
  "gamma_diversity": 0.05,
  "beta_compression": 0.01,
  "lr": 0.001,
  "weight_decay": 1e-05,
  "epochs": 150,
  "patience": 15,
  "seed": 3,
  "device": "cuda"
 },
 "heads": {
  "cell_type": {
   "accuracy": 0.8454854781869,
   "macro_f1": 0.7681409339620201,
   "weighted_f1": 0.8445032977439545,
   "per_class": {
    "0": {
     "precision": 0.9326653306613226,
     "recall": 0.9352893890675241,
     "f1-score": 0.9339755167569737,
     "support": 2488.0
    },
    "1": {
     "precision": 0.3870967741935484,
     "recall": 0.9230769230769231,
     "f1-score": 0.5454545454545454,
     "support": 13.0
    },
    "2": {
     "precision": 0.4230769230769231,
     "recall": 0.55,
     "f1-score": 0.4782608695652174,
     "support": 20.0
    },
    "3": {
     "precision": 0.7777777777777778,
     "recall": 0.6363636363636364,
     "f1-score": 0.7,
     "support": 11.0
    },
    "4": {
     "precision": 0.8648424543946932,
     "recall": 0.7883597883597884,
     "f1-score": 0.8248319493871096,
     "support": 1323.0
    },
    "5": {
     "precision": 0.8632478632478633,
     "recall": 0.9711538461538461,
     "f1-score": 0.9140271493212669,
     "support": 104.0
    },
    "6": {
     "precision": 0.9819819819819819,
     "recall": 0.923728813559322,
     "f1-score": 0.9519650655021834,
     "support": 118.0
    },
    "7": {
     "precision": 0.978330658105939,
     "recall": 0.9186134137151469,
     "f1-score": 0.9475320637388263,
     "support": 1327.0
    },
    "8": {
     "precision": 0.85,
     "recall": 0.9444444444444444,
     "f1-score": 0.8947368421052632,
     "support": 18.0
    },
    "9": {
     "precision": 0.9308510638297872,
     "recall": 0.9695290858725761,
     "f1-score": 0.9497964721845319,
     "support": 361.0
    },
    "10": {
     "precision": 0.9886039886039886,
     "recall": 0.9914285714285714,
     "f1-score": 0.9900142653352354,
     "support": 350.0
    },
    "11": {
     "precision": 0.6813880126182965,
     "recall": 0.631578947368421,
     "f1-score": 0.6555386949924128,
     "support": 342.0
    },
    "12": {
     "precision": 0.85,
     "recall": 0.9444444444444444,
     "f1-score": 0.8947368421052632,
     "support": 18.0
    },
    "13": {
     "precision": 0.40540540540540543,
     "recall": 1.0,
     "f1-score": 0.5769230769230769,
     "support": 15.0
    },
    "14": {
     "precision": 0.4794520547945205,
     "recall": 0.7291666666666666,
     "f1-score": 0.5785123966942148,
     "support": 48.0
    },
    "15": {
     "precision": 0.6470588235294118,
     "recall": 0.8461538461538461,
     "f1-score": 0.7333333333333333,
     "support": 13.0
    },
    "16": {
     "precision": 0.5,
     "recall": 0.875,
     "f1-score": 0.6363636363636364,
     "support": 8.0
    },
    "17": {
     "precision": 0.8421052631578947,
     "recall": 0.8421052631578947,
     "f1-score": 0.8421052631578947,
     "support": 19.0
    },
    "18": {
     "precision": 0.6956521739130435,
     "recall": 0.8421052631578947,
     "f1-score": 0.7619047619047619,
     "support": 19.0
    },
    "19": {
     "precision": 0.9271317829457364,
     "recall": 0.7010550996483002,
     "f1-score": 0.7983978638184246,
     "support": 853.0
    },
    "20": {
     "precision": 0.625,
     "recall": 0.625,
     "f1-score": 0.625,
     "support": 8.0
    },
    "21": {
     "precision": 0.8685258964143426,
     "recall": 0.8352490421455939,
     "f1-score": 0.8515625,
     "support": 261.0
    },
    "22": {
     "precision": 1.0,
     "recall": 0.8043478260869565,
     "f1-score": 0.891566265060241,
     "support": 46.0
    },
    "23": {
     "precision": 0.7093023255813954,
     "recall": 0.8970588235294118,
     "f1-score": 0.7922077922077922,
     "support": 68.0
    },
    "24": {
     "precision": 0.9515418502202643,
     "recall": 0.9908256880733946,
     "f1-score": 0.9707865168539326,
     "support": 218.0
    },
    "25": {
     "precision": 0.954954954954955,
     "recall": 0.9380530973451328,
     "f1-score": 0.9464285714285714,
     "support": 113.0
    },
    "26": {
     "precision": 0.9009009009009009,
     "recall": 0.847457627118644,
     "f1-score": 0.8733624454148472,
     "support": 118.0
    },
    "27": {
     "precision": 0.9942857142857143,
     "recall": 0.9867674858223062,
     "f1-score": 0.9905123339658444,
     "support": 529.0
    },
    "28": {
     "precision": 0.5185185185185185,
     "recall": 0.8235294117647058,
     "f1-score": 0.6363636363636364,
     "support": 34.0
    },
    "29": {
     "precision": 0.7831858407079646,
     "recall": 0.8719211822660099,
     "f1-score": 0.8251748251748252,
     "support": 406.0
    },
    "30": {
     "precision": 0.8937437934458788,
     "recall": 0.9750812567713976,
     "f1-score": 0.9326424870466321,
     "support": 923.0
    },
    "31": {
     "precision": 0.674074074074074,
     "recall": 0.7711864406779662,
     "f1-score": 0.7193675889328063,
     "support": 118.0
    },
    "32": {
     "precision": 0.375,
     "recall": 0.42857142857142855,
     "f1-score": 0.4,
     "support": 14.0
    },
    "33": {
     "precision": 0.711764705882353,
     "recall": 0.9097744360902256,
     "f1-score": 0.7986798679867987,
     "support": 133.0
    },
    "34": {
     "precision": 0.9339622641509434,
     "recall": 0.7021276595744681,
     "f1-score": 0.8016194331983806,
     "support": 141.0
    },
    "35": {
     "precision": 0.9916666666666667,
     "recall": 0.9944289693593314,
     "f1-score": 0.9930458970792768,
     "support": 359.0
    },
    "36": {
     "precision": 0.8152173913043478,
     "recall": 0.9493670886075949,
     "f1-score": 0.8771929824561403,
     "support": 79.0
    },
    "37": {
     "precision": 0.36,
     "recall": 0.5567010309278351,
     "f1-score": 0.43724696356275305,
     "support": 97.0
    },
    "38": {
     "precision": 0.8758169934640523,
     "recall": 0.9710144927536232,
     "f1-score": 0.9209621993127147,
     "support": 138.0
    },
    "39": {
     "precision": 0.4568345323741007,
     "recall": 0.9136690647482014,
     "f1-score": 0.6091127098321343,
     "support": 139.0
    },
    "40": {
     "precision": 0.5029761904761905,
     "recall": 0.42676767676767674,
     "f1-score": 0.46174863387978143,
     "support": 396.0
    },
    "41": {
     "precision": 0.8333333333333334,
     "recall": 0.7142857142857143,
     "f1-score": 0.7692307692307693,
     "support": 7.0
    },
    "42": {
     "precision": 0.7058823529411765,
     "recall": 0.8,
     "f1-score": 0.75,
     "support": 15.0
    },
    "43": {
     "precision": 0.9762428508578971,
     "recall": 0.9426508071367884,
     "f1-score": 0.9591527987897126,
     "support": 2354.0
    },
    "44": {
     "precision": 0.356981981981982,
     "recall": 0.9296187683284457,
     "f1-score": 0.51586655817738,
     "support": 341.0
    },
    "45": {
     "precision": 0.8780487804878049,
     "recall": 0.9171974522292994,
     "f1-score": 0.897196261682243,
     "support": 157.0
    },