{
 "task": "pathologic_N",
 "n_samples": 867,
 "n_genes": 20530,
 "n_classes": 4,
 "n_train": 589,
 "n_test": 174,
 "transformer_params": 530432,
 "total_params": 3225737,
 "mean_recursion_depth": 2.750000238418579,
 "compute_saving_ratio": 0.6015625,
 "config": {
  "heads": [
   "pathologic_N"
  ],
  "cohorts": null,
  "n_hvg": null,
  "batch_size": 32,
  "val_frac": 0.15,
  "test_frac": 0.15,
  "d_model": 128,
  "n_heads": 4,
  "d_ff": 256,
  "dropout": 0.1,
  "n_markers": 256,
  "marker_mode": "router",
  "compress_mode": "aggregate",
  "recursive_marker_refine": true,
  "peak_init": true,
  "anneal_markers": true,
  "recursion_depth": 4,
  "share_weights": false,
  "adaptive_depth": false,
  "marker_ffn": false,
  "recursion_mode": "expert",
  "router_capacity": null,
  "router_alpha": 1.0,
  "router_temp": 1.0,
  "router_type": "linear",
  "router_z_coeff": 0.001,
  "router_balance_coeff": 0.1,
  "gene_interaction": "none",
  "interaction_knn": 16,
  "router_prior_beta": 1.0,
  "router_prior_anneal": true,
  "lambda_marker": 0.1,
  "gamma_diversity": 0.05,
  "beta_compression": 0.01,
  "lr": 0.0003,
  "weight_decay": 0.01,
  "epochs": 40,
  "patience": 8,
  "seed": 42,
  "device": "cuda"
 },
 "heads": {
  "pathologic_N": {
   "accuracy": 0.3448275862068966,
   "macro_f1": 0.22046533607010863,
   "weighted_f1": 0.34133071971939943,
   "per_class": {
    "0": {
     "precision": 0.5,
     "recall": 0.3373493975903614,
     "f1-score": 0.4028776978417266,
     "support": 83.0
    },
    "1": {
     "precision": 0.3333333333333333,
     "recall": 0.4918032786885246,
     "f1-score": 0.3973509933774834,
     "support": 61.0
    },
    "2": {
     "precision": 0.07142857142857142,
     "recall": 0.09523809523809523,
     "f1-score": 0.08163265306122448,
     "support": 21.0
    },
    "3": {
     "precision": 0.0,
     "recall": 0.0,
     "f1-score": 0.0,
     "support": 9.0
    },
    "accuracy": 0.3448275862068966,
    "macro avg": {
     "precision": 0.22619047619047616,
     "recall": 0.2310976928792453,
     "f1-score": 0.22046533607010863,
     "support": 174.0
    },
    "weighted avg": {
     "precision": 0.3639846743295019,
     "recall": 0.3448275862068966,
     "f1-score": 0.34133071971939943,
     "support": 174.0
    }
   }
  }
 }
}