{
 "dataset": "baron",
 "arch": "vanilla",
 "K": 4,
 "seed": 2,
 "test_macro_f1": 64.07981709073589,
 "test_accuracy": 86.42551536367172,
 "transformer_params": 299136,
 "total_params": 519101,
 "n_markers": 128,
 "d_model": 96,
 "d_ff": 192,
 "flops_nominal": 62914560.0,
 "flops_effective": 62914560.0,
 "compute_saving": 0.0
}