{
 "dataset": "Spleen",
 "mode": "learned_anchor",
 "K": 4,
 "seed": 1,
 "n_markers": 128,
 "test_macro_f1": 51.50119548381403,
 "test_accuracy": 62.62969651899854,
 "val_macro_f1": 51.11879043166321,
 "n_features": 1089,
 "n_classes": 28,
 "n_samples": 94129,
 "learned_lambda": 0.5080724954605103,
 "bio_anchor_have": true
}