{
 "dataset": "Spleen",
 "mode": "learned_anchor",
 "K": 4,
 "seed": 0,
 "n_markers": 128,
 "test_macro_f1": 51.35695627283272,
 "test_accuracy": 61.783349268741816,
 "val_macro_f1": 53.462750336507646,
 "n_features": 1089,
 "n_classes": 28,
 "n_samples": 94129,
 "learned_lambda": 0.43331006169319153,
 "bio_anchor_have": true
}