{
 "dataset": "Spleen",
 "mode": "learned_anchor",
 "K": 4,
 "seed": 2,
 "n_markers": 128,
 "test_macro_f1": 55.49811652632296,
 "test_accuracy": 63.277736463755794,
 "val_macro_f1": 54.64264828882096,
 "n_features": 1089,
 "n_classes": 28,
 "n_samples": 94129,
 "learned_lambda": 0.40073496103286743,
 "bio_anchor_have": true
}