{
 "dataset": "Muraro",
 "mode": "learned",
 "K": 4,
 "seed": 1,
 "n_markers": 1024,
 "test_macro_f1": 74.94482549796139,
 "test_accuracy": 83.04552590266876,
 "n_features": 2000,
 "n_classes": 9,
 "n_samples": 2122,
 "learned_lambda": 0.2245549112558365
}