{
 "dataset": "Muraro",
 "mode": "learned",
 "K": 4,
 "seed": 0,
 "n_markers": 1024,
 "test_macro_f1": 70.58319938160754,
 "test_accuracy": 83.83045525902669,
 "n_features": 2000,
 "n_classes": 9,
 "n_samples": 2122,
 "learned_lambda": 0.22170504927635193
}