{
 "dataset": "Tcell",
 "mode": "learned",
 "K": 4,
 "seed": 0,
 "n_markers": 256,
 "test_macro_f1": 70.05474774371528,
 "test_accuracy": 82.67388588088296,
 "n_features": 1089,
 "n_classes": 7,
 "n_samples": 24007,
 "learned_lambda": 0.26748669147491455
}