{
 "dataset": "Tcell",
 "mode": "learned",
 "K": 4,
 "seed": 1,
 "n_markers": 256,
 "test_macro_f1": 69.46941143155819,
 "test_accuracy": 82.11856171039844,
 "n_features": 1089,
 "n_classes": 7,
 "n_samples": 24007,
 "learned_lambda": 0.4299791753292084
}