{
 "task": "pathologic_T",
 "n_samples": 505,
 "n_genes": 20530,
 "n_classes": 4,
 "n_train": 343,
 "n_test": 101,
 "transformer_params": 132992,
 "total_params": 2828297,
 "mean_recursion_depth": 2.4845683574676514,
 "compute_saving_ratio": 0.5430736227903777,
 "config": {
  "heads": [
   "pathologic_T"
  ],
  "cohorts": null,
  "n_hvg": null,
  "batch_size": 32,
  "val_frac": 0.15,
  "test_frac": 0.15,
  "d_model": 128,
  "n_heads": 4,
  "d_ff": 256,
  "dropout": 0.1,
  "n_markers": 256,
  "marker_mode": "router",
  "compress_mode": "aggregate",
  "recursive_marker_refine": true,
  "peak_init": true,
  "anneal_markers": true,
  "recursion_depth": 4,
  "share_weights": true,
  "adaptive_depth": false,
  "marker_ffn": false,
  "recursion_mode": "token",
  "router_capacity": null,
  "router_alpha": 1.0,
  "router_temp": 1.0,
  "router_type": "linear",
  "router_z_coeff": 0.001,
  "router_balance_coeff": 0.1,
  "gene_interaction": "none",
  "interaction_knn": 16,
  "router_prior_beta": 1.0,
  "router_prior_anneal": true,
  "lambda_marker": 0.1,
  "gamma_diversity": 0.05,
  "beta_compression": 0.01,
  "lr": 0.0003,
  "weight_decay": 0.01,
  "epochs": 40,
  "patience": 8,
  "seed": 42,
  "device": "cuda"
 },
 "heads": {
  "pathologic_T": {
   "accuracy": 0.32673267326732675,
   "macro_f1": 0.29511497347318244,
   "weighted_f1": 0.3223023794916805,
   "per_class": {
    "0": {
     "precision": 0.3333333333333333,
     "recall": 0.4642857142857143,
     "f1-score": 0.3880597014925373,
     "support": 28.0
    },
    "1": {
     "precision": 0.38095238095238093,
     "recall": 0.24242424242424243,
     "f1-score": 0.2962962962962963,
     "support": 33.0
    },
    "2": {
     "precision": 0.3142857142857143,
     "recall": 0.3142857142857143,
     "f1-score": 0.3142857142857143,
     "support": 35.0
    },
    "3": {
     "precision": 0.16666666666666666,
     "recall": 0.2,
     "f1-score": 0.18181818181818182,
     "support": 5.0
    },
    "accuracy": 0.32673267326732675,
    "macro avg": {
     "precision": 0.2988095238095238,
     "recall": 0.30524891774891777,
     "f1-score": 0.29511497347318244,
     "support": 101.0
    },
    "weighted avg": {
     "precision": 0.33404054691183405,
     "recall": 0.32673267326732675,
     "f1-score": 0.3223023794916805,
     "support": 101.0
    }
   }
  }
 }
}