{
 "task": "pathologic_stage",
 "n_samples": 505,
 "n_genes": 20530,
 "n_classes": 4,
 "n_train": 343,
 "n_test": 101,
 "transformer_params": 132992,
 "total_params": 2828297,
 "mean_recursion_depth": 2.581450939178467,
 "compute_saving_ratio": 0.5663641178166242,
 "config": {
  "heads": [
   "pathologic_stage"
  ],
  "cohorts": null,
  "n_hvg": null,
  "batch_size": 32,
  "val_frac": 0.15,
  "test_frac": 0.15,
  "d_model": 128,
  "n_heads": 4,
  "d_ff": 256,
  "dropout": 0.1,
  "n_markers": 256,
  "marker_mode": "router",
  "compress_mode": "aggregate",
  "recursive_marker_refine": true,
  "peak_init": true,
  "anneal_markers": true,
  "recursion_depth": 4,
  "share_weights": true,
  "adaptive_depth": false,
  "marker_ffn": false,
  "recursion_mode": "token",
  "router_capacity": null,
  "router_alpha": 1.0,
  "router_temp": 1.0,
  "router_type": "linear",
  "router_z_coeff": 0.001,
  "router_balance_coeff": 0.1,
  "gene_interaction": "none",
  "interaction_knn": 16,
  "router_prior_beta": 1.0,
  "router_prior_anneal": true,
  "lambda_marker": 0.1,
  "gamma_diversity": 0.05,
  "beta_compression": 0.01,
  "lr": 0.0003,
  "weight_decay": 0.01,
  "epochs": 40,
  "patience": 8,
  "seed": 42,
  "device": "cuda"
 },
 "heads": {
  "pathologic_stage": {
   "accuracy": 0.3564356435643564,
   "macro_f1": 0.24083795738982397,
   "weighted_f1": 0.35581685372235516,
   "per_class": {
    "0": {
     "precision": 0.6222222222222222,
     "recall": 0.4827586206896552,
     "f1-score": 0.5436893203883495,
     "support": 58.0
    },
    "1": {
     "precision": 0.13513513513513514,
     "recall": 0.5,
     "f1-score": 0.2127659574468085,
     "support": 10.0
    },
    "2": {
     "precision": 0.0,
     "recall": 0.0,
     "f1-score": 0.0,
     "support": 22.0
    },
    "3": {
     "precision": 0.16666666666666666,
     "recall": 0.2727272727272727,
     "f1-score": 0.20689655172413793,
     "support": 11.0
    },
    "accuracy": 0.3564356435643564,
    "macro avg": {
     "precision": 0.231006006006006,
     "recall": 0.313871473354232,
     "f1-score": 0.24083795738982397,
     "support": 101.0
    },
    "weighted avg": {
     "precision": 0.3888472631046889,
     "recall": 0.3564356435643564,
     "f1-score": 0.35581685372235516,
     "support": 101.0
    }
   }
  }
 }
}