{
 "dataset": "prototype",
 "n_samples": 90579,
 "n_features": 752,
 "n_classes": 10,
 "n_train": 53894,
 "n_test": 27174,
 "transformer_params": 4735488,
 "total_params": 5378709,
 "config": {
  "heads": [
   "cell_type"
  ],
  "cohorts": null,
  "n_hvg": null,
  "n_channels": 1,
  "batch_size": 128,
  "val_frac": 0.15,
  "test_frac": 0.15,
  "d_model": 384,
  "n_heads": 4,
  "d_ff": 768,
  "dropout": 0.1,
  "n_markers": 128,
  "marker_mode": "router",
  "pathway_pool": "mean",
  "compress_mode": "aggregate",
  "recursive_marker_refine": true,
  "peak_init": true,
  "anneal_markers": true,
  "recursion_depth": 4,
  "share_weights": false,
  "share_strategy": "cycle",
  "n_unique_blocks": null,
  "step_cache": false,
  "adaptive_depth": false,
  "marker_ffn": false,
  "recursion_mode": "fixed",
  "router_capacity": null,
  "router_alpha": 1.0,
  "router_temp": 1.0,
  "router_type": "linear",
  "router_z_coeff": 0.001,
  "router_balance_coeff": 0.1,
  "gene_interaction": "none",
  "interaction_knn": 16,
  "router_prior_beta": 1.0,
  "router_prior_anneal": true,
  "pathway_attn_bias": false,
  "pathway_attn_lambda": 2.0,
  "lambda_marker": 0.1,
  "gamma_diversity": 0.05,
  "beta_compression": 0.01,
  "lr": 0.001,
  "weight_decay": 1e-05,
  "epochs": 80,
  "patience": 12,
  "seed": 0,
  "device": "cuda"
 },
 "heads": {
  "cell_type": {
   "accuracy": 0.7747479208066534,
   "macro_f1": 0.7628637506076628,
   "weighted_f1": 0.7729243385530105,
   "per_class": {
    "0": {
     "precision": 0.8970414201183432,
     "recall": 0.8824214202561118,
     "f1-score": 0.8896713615023474,
     "support": 859.0
    },
    "1": {
     "precision": 0.7284157585917854,
     "recall": 0.8561576354679803,
     "f1-score": 0.7871376811594203,
     "support": 1015.0
    },
    "2": {
     "precision": 0.9097888675623801,
     "recall": 0.6626281453867661,
     "f1-score": 0.7667834995955783,
     "support": 2146.0
    },
    "3": {
     "precision": 0.6658312447786132,
     "recall": 0.9431952662721893,
     "f1-score": 0.7806072477962782,
     "support": 2535.0
    },
    "4": {
     "precision": 0.7777777777777778,
     "recall": 0.5188235294117647,
     "f1-score": 0.6224417784050812,
     "support": 1700.0
    },
    "5": {
     "precision": 0.6145038167938931,
     "recall": 0.679324894514768,
     "f1-score": 0.6452905811623246,
     "support": 2133.0
    },
    "6": {
     "precision": 0.6997329263639832,
     "recall": 0.6800148312940304,
     "f1-score": 0.689732982324182,
     "support": 2697.0
    },
    "7": {
     "precision": 0.8502230720203952,
     "recall": 0.7196547383564107,
     "f1-score": 0.7795091546552396,
     "support": 5561.0
    },
    "8": {
     "precision": 0.719327731092437,
     "recall": 0.7902927987338433,
     "f1-score": 0.7531422825540472,
     "support": 3791.0
    },
    "9": {
     "precision": 0.8905343205923554,
     "recall": 0.939413130673422,
     "f1-score": 0.9143209369221286,
     "support": 4737.0
    },
    "accuracy": 0.7747479208066534,
    "macro avg": {
     "precision": 0.7753176935691963,
     "recall": 0.7671926390367287,
     "f1-score": 0.7628637506076628,
     "support": 27174.0
    },
    "weighted avg": {
     "precision": 0.7854512130980005,
     "recall": 0.7747479208066534,
     "f1-score": 0.7729243385530105,
     "support": 27174.0
    }
   }
  }
 }
}