{
 "dataset": "tabula_muris",
 "n_samples": 54865,
 "n_features": 1089,
 "n_classes": 55,
 "n_train": 32645,
 "n_test": 16458,
 "transformer_params": 4735488,
 "total_params": 5542767,
 "config": {
  "heads": [
   "cell_type"
  ],
  "cohorts": null,
  "n_hvg": null,
  "n_channels": 1,
  "batch_size": 128,
  "val_frac": 0.15,
  "test_frac": 0.15,
  "d_model": 384,
  "n_heads": 4,
  "d_ff": 768,
  "dropout": 0.1,
  "n_markers": 128,
  "marker_mode": "router",
  "pathway_pool": "mean",
  "compress_mode": "aggregate",
  "recursive_marker_refine": true,
  "peak_init": true,
  "anneal_markers": true,
  "recursion_depth": 4,
  "share_weights": false,
  "share_strategy": "cycle",
  "n_unique_blocks": null,
  "step_cache": false,
  "adaptive_depth": false,
  "marker_ffn": false,
  "recursion_mode": "fixed",
  "router_capacity": null,
  "router_alpha": 1.0,
  "router_temp": 1.0,
  "router_type": "linear",
  "router_z_coeff": 0.001,
  "router_balance_coeff": 0.1,
  "gene_interaction": "none",
  "interaction_knn": 16,
  "router_prior_beta": 1.0,
  "router_prior_anneal": true,
  "pathway_attn_bias": false,
  "pathway_attn_lambda": 2.0,
  "lambda_marker": 0.1,
  "gamma_diversity": 0.05,
  "beta_compression": 0.01,
  "lr": 0.001,
  "weight_decay": 1e-05,
  "epochs": 80,
  "patience": 12,
  "seed": 0,
  "device": "cuda"
 },
 "heads": {
  "cell_type": {
   "accuracy": 0.6094300644063677,
   "macro_f1": 0.5235411746406651,
   "weighted_f1": 0.6283613943415124,
   "per_class": {
    "0": {
     "precision": 0.948051948051948,
     "recall": 0.7335209003215434,
     "f1-score": 0.8271017448447768,
     "support": 2488.0
    },
    "1": {
     "precision": 0.03139013452914798,
     "recall": 0.5384615384615384,
     "f1-score": 0.059322033898305086,
     "support": 13.0
    },
    "2": {
     "precision": 0.36585365853658536,
     "recall": 0.75,
     "f1-score": 0.4918032786885246,
     "support": 20.0
    },
    "3": {
     "precision": 0.4,
     "recall": 0.5454545454545454,
     "f1-score": 0.46153846153846156,
     "support": 11.0
    },
    "4": {
     "precision": 0.738581146744412,
     "recall": 0.5744520030234316,
     "f1-score": 0.6462585034013606,
     "support": 1323.0
    },
    "5": {
     "precision": 0.8901098901098901,
     "recall": 0.7788461538461539,
     "f1-score": 0.8307692307692308,
     "support": 104.0
    },
    "6": {
     "precision": 0.6481481481481481,
     "recall": 0.8898305084745762,
     "f1-score": 0.75,
     "support": 118.0
    },
    "7": {
     "precision": 0.8086124401913876,
     "recall": 0.12735493594574226,
     "f1-score": 0.22005208333333334,
     "support": 1327.0
    },
    "8": {
     "precision": 0.9444444444444444,
     "recall": 0.9444444444444444,
     "f1-score": 0.9444444444444444,
     "support": 18.0
    },
    "9": {
     "precision": 0.6231155778894473,
     "recall": 0.34349030470914127,
     "f1-score": 0.44285714285714284,
     "support": 361.0
    },
    "10": {
     "precision": 0.9405940594059405,
     "recall": 0.2714285714285714,
     "f1-score": 0.4212860310421286,
     "support": 350.0
    },
    "11": {
     "precision": 0.6388888888888888,
     "recall": 0.6052631578947368,
     "f1-score": 0.6216216216216216,
     "support": 342.0
    },
    "12": {
     "precision": 0.5,
     "recall": 0.8888888888888888,
     "f1-score": 0.64,
     "support": 18.0
    },
    "13": {
     "precision": 0.42857142857142855,
     "recall": 1.0,
     "f1-score": 0.6,
     "support": 15.0
    },
    "14": {
     "precision": 0.29310344827586204,
     "recall": 0.3541666666666667,
     "f1-score": 0.32075471698113206,
     "support": 48.0
    },
    "15": {
     "precision": 0.1016949152542373,
     "recall": 0.46153846153846156,
     "f1-score": 0.16666666666666666,
     "support": 13.0
    },
    "16": {
     "precision": 0.3333333333333333,
     "recall": 0.75,
     "f1-score": 0.46153846153846156,
     "support": 8.0
    },
    "17": {
     "precision": 0.3617021276595745,
     "recall": 0.8947368421052632,
     "f1-score": 0.5151515151515151,
     "support": 19.0
    },
    "18": {
     "precision": 0.47058823529411764,
     "recall": 0.8421052631578947,
     "f1-score": 0.6037735849056604,
     "support": 19.0
    },
    "19": {
     "precision": 0.6366322008862629,
     "recall": 0.5052754982415005,
     "f1-score": 0.5633986928104575,
     "support": 853.0
    },
    "20": {
     "precision": 0.14285714285714285,
     "recall": 0.375,
     "f1-score": 0.20689655172413793,
     "support": 8.0
    },
    "21": {
     "precision": 0.825531914893617,
     "recall": 0.7432950191570882,
     "f1-score": 0.782258064516129,
     "support": 261.0
    },
    "22": {
     "precision": 0.5921052631578947,
     "recall": 0.9782608695652174,
     "f1-score": 0.7377049180327869,
     "support": 46.0
    },
    "23": {
     "precision": 0.25139664804469275,
     "recall": 0.6617647058823529,
     "f1-score": 0.3643724696356275,
     "support": 68.0
    },
    "24": {
     "precision": 0.8347457627118644,
     "recall": 0.9036697247706422,
     "f1-score": 0.8678414096916299,
     "support": 218.0
    },
    "25": {
     "precision": 0.8928571428571429,
     "recall": 0.8849557522123894,
     "f1-score": 0.8888888888888888,
     "support": 113.0
    },
    "26": {
     "precision": 0.3442028985507246,
     "recall": 0.8050847457627118,
     "f1-score": 0.48223350253807107,
     "support": 118.0
    },
    "27": {
     "precision": 0.994263862332696,
     "recall": 0.9829867674858223,
     "f1-score": 0.9885931558935361,
     "support": 529.0
    },
    "28": {
     "precision": 0.029350104821802937,
     "recall": 0.4117647058823529,
     "f1-score": 0.0547945205479452,
     "support": 34.0
    },
    "29": {
     "precision": 0.38933951332560834,
     "recall": 0.8275862068965517,
     "f1-score": 0.5295508274231678,
     "support": 406.0
    },
    "30": {
     "precision": 0.8406961178045516,
     "recall": 0.6803900325027086,
     "f1-score": 0.7520958083832335,
     "support": 923.0
    },
    "31": {
     "precision": 0.16417910447761194,
     "recall": 0.1864406779661017,
     "f1-score": 0.1746031746031746,
     "support": 118.0
    },
    "32": {
     "precision": 0.0,
     "recall": 0.0,
     "f1-score": 0.0,
     "support": 14.0
    },
    "33": {
     "precision": 0.6271186440677966,
     "recall": 0.556390977443609,
     "f1-score": 0.5896414342629482,
     "support": 133.0
    },
    "34": {
     "precision": 0.8389261744966443,
     "recall": 0.8865248226950354,
     "f1-score": 0.8620689655172413,
     "support": 141.0
    },
    "35": {
     "precision": 0.9518716577540107,
     "recall": 0.9916434540389972,
     "f1-score": 0.9713506139154161,
     "support": 359.0
    },
    "36": {
     "precision": 0.8555555555555555,
     "recall": 0.9746835443037974,
     "f1-score": 0.9112426035502958,
     "support": 79.0
    },
    "37": {
     "precision": 0.2624113475177305,
     "recall": 0.38144329896907214,
     "f1-score": 0.31092436974789917,
     "support": 97.0
    },
    "38": {
     "precision": 0.19562043795620437,
     "recall": 0.9710144927536232,
     "f1-score": 0.32563791008505466,
     "support": 138.0
    },
    "39": {
     "precision": 0.6222222222222222,
     "recall": 0.8057553956834532,
     "f1-score": 0.7021943573667712,
     "support": 139.0
    },
    "40": {
     "precision": 0.2712765957446808,
     "recall": 0.12878787878787878,
     "f1-score": 0.17465753424657535,
     "support": 396.0
    },
    "41": {
     "precision": 0.29411764705882354,
     "recall": 0.7142857142857143,
     "f1-score": 0.4166666666666667,
     "support": 7.0
    },
    "42": {
     "precision": 0.29545454545454547,
     "recall": 0.8666666666666667,
     "f1-score": 0.4406779661016949,
     "support": 15.0
    },
    "43": {
     "precision": 0.9375,
     "recall": 0.7710280373831776,
     "f1-score": 0.8461538461538461,
     "support": 2354.0
    },
    "44": {
     "precision": 0.3136762860727729,