{
 "dataset": "baron",
 "config": "depth1",
 "seed": 2,
 "n_classes": 13,
 "n_test": 2571,
 "nll": 0.4502293647637354,
 "ece": 0.023005013177751332,
 "brier": 0.20002379430317002,
 "conf": 0.8794500424355111,
 "auroc": 0.8802263932860948,
 "temperature": 1.2373278141021729,
 "nll_ts": 0.43982705905753017,
 "ece_ts": 0.023711373385753694,
 "brier_ts": 0.20025849785374958,
 "auroc_ts": 0.8804877129503994
}