{
 "dataset": "blca",
 "config": "depth1",
 "seed": 2,
 "n_classes": 2,
 "n_test": 81,
 "nll": 7.420732461257893,
 "ece": 0.33423664097821326,
 "brier": 0.6514017488042665,
 "conf": 0.9831495210234686,
 "auroc": 0.5006993006993007,
 "temperature": 1436854.75,
 "nll_ts": 0.6931329142000043,
 "ece_ts": 0.17899682145853002,
 "brier_ts": 0.49998573364014176,
 "auroc_ts": 0.49160839160839165
}