{
 "dataset": "brca",
 "config": "depth1",
 "seed": 2,
 "n_classes": 5,
 "n_test": 104,
 "nll": 12.891645078952656,
 "ece": 0.4869743429150249,
 "brier": 0.9742900035703606,
 "conf": 0.973776984661696,
 "auroc": 0.5098039215686275,
 "temperature": 9742.8408203125,
 "nll_ts": 1.579516882375073,
 "ece_ts": 0.3025332809496574,
 "brier_ts": 0.7874229880512386,
 "auroc_ts": 0.3115057343692194
}