{
 "dataset": "lung",
 "config": "depth1",
 "seed": 2,
 "n_classes": 25,
 "n_test": 17106,
 "nll": 0.6725984453685231,
 "ece": 0.02539899553534076,
 "brier": 0.31888441698890135,
 "conf": 0.7938428164169028,
 "auroc": 0.8305096217216377,
 "temperature": 1.2757093906402588,
 "nll_ts": 0.6536145593112237,
 "ece_ts": 0.02301263646285559,
 "brier_ts": 0.3192225173081248,
 "auroc_ts": 0.8326908737136491
}