{
 "dataset": "muraro",
 "config": "depth1",
 "seed": 2,
 "n_classes": 9,
 "n_test": 637,
 "nll": 0.4734401772382178,
 "ece": 0.020947272688321226,
 "brier": 0.2328082306469972,
 "conf": 0.843616018358768,
 "auroc": 0.8873076786412252,
 "temperature": 0.9449284672737122,
 "nll_ts": 0.47753839618659494,
 "ece_ts": 0.033718111070473594,
 "brier_ts": 0.23324337685509045,
 "auroc_ts": 0.8876630067867675
}