{
 "dataset": "oesophagus",
 "config": "depth1",
 "seed": 2,
 "n_classes": 18,
 "n_test": 26385,
 "nll": 0.6086148067412743,
 "ece": 0.0396610802547003,
 "brier": 0.3100251563240542,
 "conf": 0.8163144818086134,
 "auroc": 0.8219085815595107,
 "temperature": 1.15072500705719,
 "nll_ts": 0.6007869492235193,
 "ece_ts": 0.02096459923562088,
 "brier_ts": 0.30698943620175345,
 "auroc_ts": 0.8227949642262087
}