{
 "dataset": "prostate",
 "config": "depth1",
 "seed": 2,
 "n_classes": 2,
 "n_test": 203,
 "nll": 4.876617225847568,
 "ece": 0.29744222934184134,
 "brier": 0.6552661489976422,
 "conf": 0.8728538079153859,
 "auroc": 0.3377862595419847,
 "temperature": 1173001.875,
 "nll_ts": 0.693149015648805,
 "ece_ts": 0.1453162363809828,
 "brier_ts": 0.5000018350888528,
 "auroc_ts": 0.33630195080576764
}