{
 "dataset": "segerstolpe",
 "config": "depth1",
 "seed": 2,
 "n_classes": 11,
 "n_test": 639,
 "nll": 0.5817498972145526,
 "ece": 0.05142464430583606,
 "brier": 0.2629062647275378,
 "conf": 0.8536183596175873,
 "auroc": 0.8758283920474363,
 "temperature": 1.4047919511795044,
 "nll_ts": 0.543210075568778,
 "ece_ts": 0.025809986461629054,
 "brier_ts": 0.2596448233025289,
 "auroc_ts": 0.874480768620985
}