{
 "dataset": "spleen",
 "config": "depth1",
 "seed": 2,
 "n_classes": 28,
 "n_test": 28239,
 "nll": 1.118582882505671,
 "ece": 0.011707043033786675,
 "brier": 0.5127060480834612,
 "conf": 0.6121648612323599,
 "auroc": 0.7640839833938733,
 "temperature": 1.0526175498962402,
 "nll_ts": 1.1171922709667277,
 "ece_ts": 0.017381129308825627,
 "brier_ts": 0.5127366434873082,
 "auroc_ts": 0.7651268338704457
}