{
 "dataset": "stad",
 "config": "depth1",
 "seed": 2,
 "n_classes": 2,
 "n_test": 83,
 "nll": 6.382596897360089,
 "ece": 0.44566595188672437,
 "brier": 0.875069246855396,
 "conf": 0.8535977077813944,
 "auroc": 0.5443262411347518,
 "temperature": 296.8334045410156,
 "nll_ts": 0.7096619426744855,
 "ece_ts": 0.10199660107568818,
 "brier_ts": 0.5151988332993678,
 "auroc_ts": 0.5460992907801419
}