{
 "dataset": "tcell",
 "config": "depth1",
 "seed": 2,
 "n_classes": 7,
 "n_test": 7203,
 "nll": 0.8798422909945129,
 "ece": 0.0821023549284385,
 "brier": 0.45344536883684694,
 "conf": 0.6170032994165925,
 "auroc": 0.7202955961062718,
 "temperature": 0.9444321393966675,
 "nll_ts": 0.8768485687441133,
 "ece_ts": 0.0703057723015453,
 "brier_ts": 0.4507618503130183,
 "auroc_ts": 0.718470309773874
}