{
 "dataset": "wang",
 "config": "depth1",
 "seed": 2,
 "n_classes": 7,
 "n_test": 138,
 "nll": 1.5547829977411283,
 "ece": 0.1291865721866867,
 "brier": 0.6929716082203861,
 "conf": 0.46345358689767885,
 "auroc": 0.5476293103448275,
 "temperature": 1.8187682628631592,
 "nll_ts": 1.4769770429146516,
 "ece_ts": 0.10614359538947755,
 "brier_ts": 0.7056741335405817,
 "auroc_ts": 0.5125
}