{
 "dataset": "xin",
 "config": "depth1",
 "seed": 2,
 "n_classes": 4,
 "n_test": 448,
 "nll": 0.6854765828271806,
 "ece": 0.08647648219407786,
 "brier": 0.29786929210603225,
 "conf": 0.735573341453548,
 "auroc": 0.9127811061908483,
 "temperature": 27687452.0,
 "nll_ts": 1.3862943974508322,
 "ece_ts": 0.5290177473365609,
 "brier_ts": 0.7500000181594272,
 "auroc_ts": 0.9047784434603918
}