,loss,o1_f1,o1_loss,o2_f1,o2_loss,val_loss,val_o1_f1,val_o1_loss,val_o2_f1,val_o2_loss,learning_rate
0,6.248934745788574,3.6264171600341797,0.6847068667411804,0.6890016794204712,0.6936690807342529,6.1912312507629395,4.663059711456299,0.660064160823822,0.2777777910232544,0.6906866431236267,9.999999747378752e-05
1,6.191120624542236,5.07201623916626,0.6623338460922241,2.0706560611724854,0.6920105814933777,6.144835472106934,4.895833492279053,0.6326913833618164,3.946296453475952,0.688295841217041,9.999999747378752e-05
2,6.133208274841309,5.198601245880127,0.6418168544769287,4.6282734870910645,0.6894258856773376,6.0801849365234375,4.895833492279053,0.6042811274528503,4.884650230407715,0.6831160187721252,9.999999747378752e-05
