{
 "dataset": "common_class",
 "n_samples": 27499,
 "n_features": 1089,
 "n_classes": 19,
 "n_train": 16361,
 "n_test": 8250,
 "transformer_params": 299136,
 "total_params": 438759,
 "config": {
  "heads": [
   "cell_type"
  ],
  "cohorts": null,
  "n_hvg": null,
  "n_channels": 1,
  "batch_size": 128,
  "val_frac": 0.15,
  "test_frac": 0.15,
  "d_model": 96,
  "n_heads": 4,
  "d_ff": 192,
  "dropout": 0.1,
  "n_markers": 128,
  "marker_mode": "router",
  "pathway_pool": "mean",
  "compress_mode": "aggregate",
  "recursive_marker_refine": true,
  "peak_init": true,
  "anneal_markers": true,
  "recursion_depth": 4,
  "share_weights": false,
  "share_strategy": "cycle",
  "n_unique_blocks": null,
  "step_cache": false,
  "adaptive_depth": false,
  "marker_ffn": false,
  "recursion_mode": "fixed",
  "router_capacity": null,
  "router_alpha": 1.0,
  "router_temp": 1.0,
  "router_type": "linear",
  "router_z_coeff": 0.001,
  "router_balance_coeff": 0.1,
  "gene_interaction": "none",
  "interaction_knn": 16,
  "router_prior_beta": 1.0,
  "router_prior_anneal": true,
  "pathway_attn_bias": false,
  "pathway_attn_lambda": 2.0,
  "lambda_marker": 0.1,
  "gamma_diversity": 0.05,
  "beta_compression": 0.01,
  "lr": 0.001,
  "weight_decay": 1e-05,
  "epochs": 80,
  "patience": 12,
  "seed": 0,
  "device": "cuda"
 },
 "heads": {
  "cell_type": {
   "accuracy": 0.8471515151515151,
   "macro_f1": 0.7172729860764878,
   "weighted_f1": 0.8483396874862945,
   "per_class": {
    "0": {
     "precision": 0.6388888888888888,
     "recall": 0.6052631578947368,
     "f1-score": 0.6216216216216216,
     "support": 76.0
    },
    "1": {
     "precision": 0.561038961038961,
     "recall": 0.6605504587155964,
     "f1-score": 0.6067415730337079,
     "support": 327.0
    },
    "2": {
     "precision": 0.5176470588235295,
     "recall": 0.5546218487394958,
     "f1-score": 0.5354969574036511,
     "support": 238.0
    },
    "3": {
     "precision": 0.6386138613861386,
     "recall": 0.7724550898203593,
     "f1-score": 0.6991869918699187,
     "support": 167.0
    },
    "4": {
     "precision": 0.6574585635359116,
     "recall": 0.74375,
     "f1-score": 0.6979472140762464,
     "support": 160.0
    },
    "5": {
     "precision": 0.7647058823529411,
     "recall": 0.636734693877551,
     "f1-score": 0.6948775055679287,
     "support": 245.0
    },
    "6": {
     "precision": 0.5565217391304348,
     "recall": 0.5378151260504201,
     "f1-score": 0.5470085470085471,
     "support": 119.0
    },
    "7": {
     "precision": 0.8527696793002916,
     "recall": 0.8718330849478391,
     "f1-score": 0.8621960206337509,
     "support": 671.0
    },
    "8": {
     "precision": 0.5,
     "recall": 0.5069444444444444,
     "f1-score": 0.503448275862069,
     "support": 144.0
    },
    "9": {
     "precision": 0.6958424507658644,
     "recall": 0.7718446601941747,
     "f1-score": 0.7318757192174914,
     "support": 412.0
    },
    "10": {
     "precision": 0.689873417721519,
     "recall": 0.6566265060240963,
     "f1-score": 0.6728395061728395,
     "support": 166.0
    },
    "11": {
     "precision": 0.8127490039840638,
     "recall": 0.7984344422700587,
     "f1-score": 0.805528134254689,
     "support": 511.0
    },
    "12": {
     "precision": 0.8975903614457831,
     "recall": 0.8465909090909091,
     "f1-score": 0.8713450292397661,
     "support": 528.0
    },
    "13": {
     "precision": 0.4803921568627451,
     "recall": 0.5212765957446809,
     "f1-score": 0.5,
     "support": 94.0
    },
    "14": {
     "precision": 0.9333333333333333,
     "recall": 1.0,
     "f1-score": 0.9655172413793104,
     "support": 14.0
    },
    "15": {
     "precision": 0.5759493670886076,
     "recall": 0.4527363184079602,
     "f1-score": 0.5069637883008357,
     "support": 201.0
    },
    "16": {
     "precision": 0.9797525309336333,
     "recall": 0.9852941176470589,
     "f1-score": 0.9825155104342922,
     "support": 884.0
    },
    "17": {
     "precision": 0.9815509693558474,
     "recall": 0.9611145131659522,
     "f1-score": 0.9712252475247525,
     "support": 3266.0
    },
    "18": {
     "precision": 0.8518518518518519,
     "recall": 0.8518518518518519,
     "f1-score": 0.8518518518518519,
     "support": 27.0
    },
    "accuracy": 0.8471515151515151,
    "macro avg": {
     "precision": 0.7150805304105445,
     "recall": 0.722933569415115,
     "f1-score": 0.7172729860764878,
     "support": 8250.0
    },
    "weighted avg": {
     "precision": 0.8514096058388675,
     "recall": 0.8471515151515151,
     "f1-score": 0.8483396874862945,
     "support": 8250.0
    }
   }
  }
 }
}