{
 "dataset": "prototype",
 "n_samples": 90579,
 "n_features": 752,
 "n_classes": 10,
 "n_train": 53894,
 "n_test": 27174,
 "transformer_params": 299136,
 "total_params": 404661,
 "config": {
  "heads": [
   "cell_type"
  ],
  "cohorts": null,
  "n_hvg": null,
  "n_channels": 1,
  "batch_size": 128,
  "val_frac": 0.15,
  "test_frac": 0.15,
  "d_model": 96,
  "n_heads": 4,
  "d_ff": 192,
  "dropout": 0.1,
  "n_markers": 128,
  "marker_mode": "router",
  "pathway_pool": "mean",
  "compress_mode": "aggregate",
  "recursive_marker_refine": true,
  "peak_init": true,
  "anneal_markers": true,
  "recursion_depth": 4,
  "share_weights": false,
  "share_strategy": "cycle",
  "n_unique_blocks": null,
  "step_cache": false,
  "adaptive_depth": false,
  "marker_ffn": false,
  "recursion_mode": "fixed",
  "router_capacity": null,
  "router_alpha": 1.0,
  "router_temp": 1.0,
  "router_type": "linear",
  "router_z_coeff": 0.001,
  "router_balance_coeff": 0.1,
  "gene_interaction": "none",
  "interaction_knn": 16,
  "router_prior_beta": 1.0,
  "router_prior_anneal": true,
  "pathway_attn_bias": false,
  "pathway_attn_lambda": 2.0,
  "lambda_marker": 0.1,
  "gamma_diversity": 0.05,
  "beta_compression": 0.01,
  "lr": 0.001,
  "weight_decay": 1e-05,
  "epochs": 80,
  "patience": 12,
  "seed": 0,
  "device": "cuda"
 },
 "heads": {
  "cell_type": {
   "accuracy": 0.9537057481416059,
   "macro_f1": 0.9470182057649286,
   "weighted_f1": 0.9536881230104378,
   "per_class": {
    "0": {
     "precision": 0.9401993355481728,
     "recall": 0.9883585564610011,
     "f1-score": 0.963677639046538,
     "support": 859.0
    },
    "1": {
     "precision": 0.958958958958959,
     "recall": 0.9438423645320198,
     "f1-score": 0.9513406156901688,
     "support": 1015.0
    },
    "2": {
     "precision": 0.9535662996649115,
     "recall": 0.9282385834109972,
     "f1-score": 0.9407319952774498,
     "support": 2146.0
    },
    "3": {
     "precision": 0.9580227540211848,
     "recall": 0.9633136094674556,
     "f1-score": 0.96066089693155,
     "support": 2535.0
    },
    "4": {
     "precision": 0.894346087949743,
     "recall": 0.9211764705882353,
     "f1-score": 0.907563025210084,
     "support": 1700.0
    },
    "5": {
     "precision": 0.8937043795620438,
     "recall": 0.9184247538677919,
     "f1-score": 0.9058959537572254,
     "support": 2133.0
    },
    "6": {
     "precision": 0.945862335653519,
     "recall": 0.9069336299592139,
     "f1-score": 0.9259890213893621,
     "support": 2697.0
    },
    "7": {
     "precision": 0.96975153042852,
     "recall": 0.9685308397770185,
     "f1-score": 0.9691408007197481,
     "support": 5561.0
    },
    "8": {
     "precision": 0.9658302189001602,
     "recall": 0.9543656027433395,
     "f1-score": 0.9600636858166379,
     "support": 3791.0
    },
    "9": {
     "precision": 0.9781477627471384,
     "recall": 0.9921891492505805,
     "f1-score": 0.985118423810522,
     "support": 4737.0
    },
    "accuracy": 0.9537057481416059,
    "macro avg": {
     "precision": 0.9458389663434353,
     "recall": 0.9485373560057653,
     "f1-score": 0.9470182057649286,
     "support": 27174.0
    },
    "weighted avg": {
     "precision": 0.9539008837925397,
     "recall": 0.9537057481416059,
     "f1-score": 0.9536881230104378,
     "support": 27174.0
    }
   }
  }
 }
}