{
 "dataset": "tabula_muris",
 "n_samples": 54865,
 "n_features": 1089,
 "n_classes": 55,
 "n_train": 32645,
 "n_test": 16458,
 "transformer_params": 299136,
 "total_params": 445743,
 "config": {
  "heads": [
   "cell_type"
  ],
  "cohorts": null,
  "n_hvg": null,
  "n_channels": 1,
  "batch_size": 128,
  "val_frac": 0.15,
  "test_frac": 0.15,
  "d_model": 96,
  "n_heads": 4,
  "d_ff": 192,
  "dropout": 0.1,
  "n_markers": 128,
  "marker_mode": "router",
  "pathway_pool": "mean",
  "compress_mode": "aggregate",
  "recursive_marker_refine": true,
  "peak_init": true,
  "anneal_markers": true,
  "recursion_depth": 4,
  "share_weights": false,
  "share_strategy": "cycle",
  "n_unique_blocks": null,
  "step_cache": false,
  "adaptive_depth": false,
  "marker_ffn": false,
  "recursion_mode": "fixed",
  "router_capacity": null,
  "router_alpha": 1.0,
  "router_temp": 1.0,
  "router_type": "linear",
  "router_z_coeff": 0.001,
  "router_balance_coeff": 0.1,
  "gene_interaction": "none",
  "interaction_knn": 16,
  "router_prior_beta": 1.0,
  "router_prior_anneal": true,
  "pathway_attn_bias": false,
  "pathway_attn_lambda": 2.0,
  "lambda_marker": 0.1,
  "gamma_diversity": 0.05,
  "beta_compression": 0.01,
  "lr": 0.001,
  "weight_decay": 1e-05,
  "epochs": 80,
  "patience": 12,
  "seed": 0,
  "device": "cuda"
 },
 "heads": {
  "cell_type": {
   "accuracy": 0.873556932798639,
   "macro_f1": 0.780344278787947,
   "weighted_f1": 0.8693851518065842,
   "per_class": {
    "0": {
     "precision": 0.9418196017180789,
     "recall": 0.9694533762057878,
     "f1-score": 0.9554367201426025,
     "support": 2488.0
    },
    "1": {
     "precision": 0.21212121212121213,
     "recall": 0.5384615384615384,
     "f1-score": 0.30434782608695654,
     "support": 13.0
    },
    "2": {
     "precision": 0.6190476190476191,
     "recall": 0.65,
     "f1-score": 0.6341463414634146,
     "support": 20.0
    },
    "3": {
     "precision": 0.7,
     "recall": 0.6363636363636364,
     "f1-score": 0.6666666666666666,
     "support": 11.0
    },
    "4": {
     "precision": 0.9111816019032514,
     "recall": 0.8684807256235828,
     "f1-score": 0.8893188854489165,
     "support": 1323.0
    },
    "5": {
     "precision": 0.897196261682243,
     "recall": 0.9230769230769231,
     "f1-score": 0.909952606635071,
     "support": 104.0
    },
    "6": {
     "precision": 0.90625,
     "recall": 0.9830508474576272,
     "f1-score": 0.943089430894309,
     "support": 118.0
    },
    "7": {
     "precision": 0.9804839968774395,
     "recall": 0.9464958553127355,
     "f1-score": 0.9631901840490797,
     "support": 1327.0
    },
    "8": {
     "precision": 0.85,
     "recall": 0.9444444444444444,
     "f1-score": 0.8947368421052632,
     "support": 18.0
    },
    "9": {
     "precision": 0.967391304347826,
     "recall": 0.9861495844875346,
     "f1-score": 0.9766803840877915,
     "support": 361.0
    },
    "10": {
     "precision": 0.9943019943019943,
     "recall": 0.9971428571428571,
     "f1-score": 0.9957203994293866,
     "support": 350.0
    },
    "11": {
     "precision": 0.6981981981981982,
     "recall": 0.9064327485380117,
     "f1-score": 0.7888040712468194,
     "support": 342.0
    },
    "12": {
     "precision": 0.9,
     "recall": 1.0,
     "f1-score": 0.9473684210526315,
     "support": 18.0
    },
    "13": {
     "precision": 0.75,
     "recall": 1.0,
     "f1-score": 0.8571428571428571,
     "support": 15.0
    },
    "14": {
     "precision": 0.4918032786885246,
     "recall": 0.625,
     "f1-score": 0.5504587155963303,
     "support": 48.0
    },
    "15": {
     "precision": 0.6,
     "recall": 0.6923076923076923,
     "f1-score": 0.6428571428571429,
     "support": 13.0
    },
    "16": {
     "precision": 1.0,
     "recall": 0.625,
     "f1-score": 0.7692307692307693,
     "support": 8.0
    },
    "17": {
     "precision": 0.782608695652174,
     "recall": 0.9473684210526315,
     "f1-score": 0.8571428571428571,
     "support": 19.0
    },
    "18": {
     "precision": 0.8947368421052632,
     "recall": 0.8947368421052632,
     "f1-score": 0.8947368421052632,
     "support": 19.0
    },
    "19": {
     "precision": 0.9255050505050505,
     "recall": 0.8593200468933178,
     "f1-score": 0.8911854103343465,
     "support": 853.0
    },
    "20": {
     "precision": 0.6666666666666666,
     "recall": 0.5,
     "f1-score": 0.5714285714285714,
     "support": 8.0
    },
    "21": {
     "precision": 0.8669064748201439,
     "recall": 0.9233716475095786,
     "f1-score": 0.8942486085343229,
     "support": 261.0
    },
    "22": {
     "precision": 0.7446808510638298,
     "recall": 0.7608695652173914,
     "f1-score": 0.7526881720430108,
     "support": 46.0
    },
    "23": {
     "precision": 0.835820895522388,
     "recall": 0.8235294117647058,
     "f1-score": 0.8296296296296296,
     "support": 68.0
    },
    "24": {
     "precision": 0.9669811320754716,
     "recall": 0.9403669724770642,
     "f1-score": 0.9534883720930233,
     "support": 218.0
    },
    "25": {
     "precision": 0.8870967741935484,
     "recall": 0.9734513274336283,
     "f1-score": 0.9282700421940928,
     "support": 113.0
    },
    "26": {
     "precision": 0.8918918918918919,
     "recall": 0.8389830508474576,
     "f1-score": 0.8646288209606987,
     "support": 118.0
    },
    "27": {
     "precision": 0.9943502824858758,
     "recall": 0.998109640831758,
     "f1-score": 0.9962264150943396,
     "support": 529.0
    },
    "28": {
     "precision": 0.30158730158730157,
     "recall": 0.5588235294117647,
     "f1-score": 0.3917525773195876,
     "support": 34.0
    },
    "29": {
     "precision": 0.8931818181818182,
     "recall": 0.9679802955665024,
     "f1-score": 0.9290780141843972,
     "support": 406.0
    },
    "30": {
     "precision": 0.93125,
     "recall": 0.9685807150595883,
     "f1-score": 0.9495485926712692,
     "support": 923.0
    },
    "31": {
     "precision": 0.8387096774193549,
     "recall": 0.8813559322033898,
     "f1-score": 0.859504132231405,
     "support": 118.0
    },
    "32": {
     "precision": 0.2631578947368421,
     "recall": 0.35714285714285715,
     "f1-score": 0.30303030303030304,
     "support": 14.0
    },
    "33": {
     "precision": 0.8803418803418803,
     "recall": 0.7744360902255639,
     "f1-score": 0.824,
     "support": 133.0
    },
    "34": {
     "precision": 0.8675496688741722,
     "recall": 0.9290780141843972,
     "f1-score": 0.8972602739726028,
     "support": 141.0
    },
    "35": {
     "precision": 0.9861878453038674,
     "recall": 0.9944289693593314,
     "f1-score": 0.9902912621359223,
     "support": 359.0
    },
    "36": {
     "precision": 0.8863636363636364,
     "recall": 0.9873417721518988,
     "f1-score": 0.9341317365269461,
     "support": 79.0
    },
    "37": {
     "precision": 0.5876288659793815,
     "recall": 0.5876288659793815,
     "f1-score": 0.5876288659793815,
     "support": 97.0
    },
    "38": {
     "precision": 0.9420289855072463,
     "recall": 0.9420289855072463,
     "f1-score": 0.9420289855072463,
     "support": 138.0
    },
    "39": {
     "precision": 0.8482758620689655,
     "recall": 0.8848920863309353,
     "f1-score": 0.8661971830985915,
     "support": 139.0
    },
    "40": {
     "precision": 0.5545851528384279,
     "recall": 0.3207070707070707,
     "f1-score": 0.4064,
     "support": 396.0
    },
    "41": {
     "precision": 0.4,
     "recall": 0.5714285714285714,
     "f1-score": 0.47058823529411764,
     "support": 7.0
    },
    "42": {
     "precision": 0.8,
     "recall": 0.8,
     "f1-score": 0.8,
     "support": 15.0
    },
    "43": {
     "precision": 0.9719626168224299,
     "recall": 0.9719626168224299,
     "f1-score": 0.9719626168224299,
     "support": 2354.0
    },
    "44": {
     "precision": 0.35777777777777775,
     "recall": 0.9442815249266863,
     "f1-score": 0.5189363416599516,
     "support": 341.0
    },