{
 "dataset": "baron",
 "config": "independent",
 "seed": 2,
 "n_classes": 13,
 "n_test": 2571,
 "nll": 0.4357166170139283,
 "ece": 0.029604054239174026,
 "brier": 0.19658722196865655,
 "conf": 0.8914333516323313,
 "auroc": 0.8904997949651698,
 "temperature": 1.1949105262756348,
 "nll_ts": 0.42212880530056784,
 "ece_ts": 0.013497223080942793,
 "brier_ts": 0.1951479817859463,
 "auroc_ts": 0.8891857667142071
}