{
 "dataset": "blca",
 "config": "independent",
 "seed": 2,
 "n_classes": 2,
 "n_test": 81,
 "nll": 0.6714007187730328,
 "ece": 0.12984700703938107,
 "brier": 0.47830326687874336,
 "conf": 0.5368196596272855,
 "auroc": 0.5006858710562414,
 "temperature": 0.573535144329071,
 "nll_ts": 0.6593285374308034,
 "ece_ts": 0.10282200633634027,
 "brier_ts": 0.4663841226418284,
 "auroc_ts": 0.5006858710562414
}