{
 "dataset": "brca",
 "config": "independent",
 "seed": 2,
 "n_classes": 5,
 "n_test": 104,
 "nll": 1.3260868942789765,
 "ece": 0.07640315092275692,
 "brier": 0.6800254321266718,
 "conf": 0.40568653677779315,
 "auroc": 0.6892655367231638,
 "temperature": 1.220880389213562,
 "nll_ts": 1.3230900560759455,
 "ece_ts": 0.08270613397978879,
 "brier_ts": 0.6852979202817223,
 "auroc_ts": 0.6888888888888889
}