{
 "dataset": "lung",
 "config": "independent",
 "seed": 2,
 "n_classes": 25,
 "n_test": 17106,
 "nll": 0.7231266403581498,
 "ece": 0.0639571975080031,
 "brier": 0.3141335799804719,
 "conf": 0.847834199729446,
 "auroc": 0.819346341510844,
 "temperature": 1.7586735486984253,
 "nll_ts": 0.6289892012496722,
 "ece_ts": 0.032211617939776775,
 "brier_ts": 0.3080695872715239,
 "auroc_ts": 0.8232535836541746
}