{
 "dataset": "muraro",
 "config": "independent",
 "seed": 2,
 "n_classes": 9,
 "n_test": 637,
 "nll": 0.5381723951550718,
 "ece": 0.07373823176012012,
 "brier": 0.1845473222970919,
 "conf": 0.9634465193829794,
 "auroc": 0.817687074829932,
 "temperature": 1.6078076362609863,
 "nll_ts": 0.4065535675702171,
 "ece_ts": 0.02708073665618157,
 "brier_ts": 0.17196062633630418,
 "auroc_ts": 0.817939027462837
}