{
 "dataset": "oesophagus",
 "config": "independent",
 "seed": 2,
 "n_classes": 18,
 "n_test": 26385,
 "nll": 0.6282223061262816,
 "ece": 0.03147016425536277,
 "brier": 0.3138112368320981,
 "conf": 0.8078582635542069,
 "auroc": 0.8109896782681003,
 "temperature": 1.149434208869934,
 "nll_ts": 0.6208932772888823,
 "ece_ts": 0.006057728617701629,
 "brier_ts": 0.3119983053496555,
 "auroc_ts": 0.810353123203005
}