{
 "dataset": "prostate",
 "config": "independent",
 "seed": 2,
 "n_classes": 2,
 "n_test": 203,
 "nll": 6.644477172942276,
 "ece": 0.35843268410519963,
 "brier": 0.767763169499444,
 "conf": 0.8933516633754818,
 "auroc": 0.4022727272727273,
 "temperature": 5329762.5,
 "nll_ts": 0.6931483677344107,
 "ece_ts": 0.06650008128149976,
 "brier_ts": 0.500001187174464,
 "auroc_ts": 0.3883399209486166
}