{
 "dataset": "segerstolpe",
 "config": "independent",
 "seed": 2,
 "n_classes": 11,
 "n_test": 639,
 "nll": 0.39348637566899647,
 "ece": 0.04811970226484919,
 "brier": 0.1684165924240761,
 "conf": 0.9379219588043397,
 "auroc": 0.8806531369115072,
 "temperature": 1.2612861394882202,
 "nll_ts": 0.3580093110004641,
 "ece_ts": 0.029363633549671784,
 "brier_ts": 0.16330349217844567,
 "auroc_ts": 0.8815545482641393
}