{
 "dataset": "spleen",
 "config": "independent",
 "seed": 2,
 "n_classes": 28,
 "n_test": 28239,
 "nll": 1.142130274865626,
 "ece": 0.02583863092489771,
 "brier": 0.5150811481300275,
 "conf": 0.6336948675235695,
 "auroc": 0.7616374327911571,
 "temperature": 1.1139330863952637,
 "nll_ts": 1.1357872623228693,
 "ece_ts": 0.015627152408833323,
 "brier_ts": 0.5142771774446778,
 "auroc_ts": 0.762580022927871
}