{
 "dataset": "stad",
 "config": "independent",
 "seed": 2,
 "n_classes": 2,
 "n_test": 83,
 "nll": 0.8113622991034655,
 "ece": 0.1719793804824822,
 "brier": 0.575294285181379,
 "conf": 0.5681609601861661,
 "auroc": 0.5255813953488372,
 "temperature": 1.952750563621521,
 "nll_ts": 0.7408546372949744,
 "ece_ts": 0.1049620878285969,
 "brier_ts": 0.5413553691587619,
 "auroc_ts": 0.5255813953488372
}