{
 "dataset": "tcell",
 "config": "independent",
 "seed": 2,
 "n_classes": 7,
 "n_test": 7203,
 "nll": 1.0553090905076772,
 "ece": 0.06588053466835843,
 "brier": 0.5166847552920505,
 "conf": 0.5936235128635042,
 "auroc": 0.6978110228878176,
 "temperature": 1.0001702308654785,
 "nll_ts": 1.0553086696614162,
 "ece_ts": 0.0656956719136193,
 "brier_ts": 0.5166901777397936,
 "auroc_ts": 0.6978161380648329
}