{
 "dataset": "wang",
 "config": "independent",
 "seed": 2,
 "n_classes": 7,
 "n_test": 138,
 "nll": 1.461188203032357,
 "ece": 0.1804610970155982,
 "brier": 0.6682769948603108,
 "conf": 0.5943158721501608,
 "auroc": 0.6044117647058823,
 "temperature": 1.7508742809295654,
 "nll_ts": 1.3107869091766569,
 "ece_ts": 0.17818329945315683,
 "brier_ts": 0.6465802408899632,
 "auroc_ts": 0.604201680672269
}