{
 "dataset": "xin",
 "config": "independent",
 "seed": 2,
 "n_classes": 4,
 "n_test": 448,
 "nll": 0.2972694757847167,
 "ece": 0.03805218326970421,
 "brier": 0.09124154139620222,
 "conf": 0.9616754214302098,
 "auroc": 0.8927432216905902,
 "temperature": 1944.1763916015625,
 "nll_ts": 1.383555997965124,
 "ece_ts": 0.6850681906504906,
 "brier_ts": 0.7487398569821726,
 "auroc_ts": 0.887639553429027
}