{
 "dataset": "baron",
 "config": "fixed",
 "seed": 2,
 "n_classes": 13,
 "n_test": 2571,
 "nll": 0.37491241052858487,
 "ece": 0.042705600237557706,
 "brier": 0.16078701106370444,
 "conf": 0.9366754148145777,
 "auroc": 0.8891897962457884,
 "temperature": 1.6005258560180664,
 "nll_ts": 0.3309181526981215,
 "ece_ts": 0.021106954062110297,
 "brier_ts": 0.15583315308703066,
 "auroc_ts": 0.8904588480667415
}