{
 "dataset": "blca",
 "config": "fixed",
 "seed": 2,
 "n_classes": 2,
 "n_test": 81,
 "nll": 0.6912222474637371,
 "ece": 0.07512337668576274,
 "brier": 0.4980751346026944,
 "conf": 0.5051235368944842,
 "auroc": 0.5344180225281602,
 "temperature": 0.9036557674407959,
 "nll_ts": 0.6910249700024998,
 "ece_ts": 0.07457720710703741,
 "brier_ts": 0.49787788006076794,
 "auroc_ts": 0.5344180225281602
}