{
 "dataset": "brca",
 "config": "fixed",
 "seed": 2,
 "n_classes": 5,
 "n_test": 104,
 "nll": 1.1807825120264208,
 "ece": 0.08930526250553135,
 "brier": 0.6176941358717757,
 "conf": 0.5179463134727883,
 "auroc": 0.6819526627218934,
 "temperature": 1.0451768636703491,
 "nll_ts": 1.1798336187341303,
 "ece_ts": 0.06703887747706422,
 "brier_ts": 0.6175970238269362,
 "auroc_ts": 0.6834319526627218
}