{
 "dataset": "lung",
 "config": "fixed",
 "seed": 2,
 "n_classes": 25,
 "n_test": 17106,
 "nll": 0.6636254654042061,
 "ece": 0.06554804876463861,
 "brier": 0.27990777164735003,
 "conf": 0.8723979980679482,
 "auroc": 0.8370434347690776,
 "temperature": 1.8620048761367798,
 "nll_ts": 0.5582457043511566,
 "ece_ts": 0.032563854709768705,
 "brier_ts": 0.2735467055328581,
 "auroc_ts": 0.8412145413181863
}