{
 "dataset": "muraro",
 "config": "fixed",
 "seed": 2,
 "n_classes": 9,
 "n_test": 637,
 "nll": 0.351631752485025,
 "ece": 0.031907122925415934,
 "brier": 0.17484554245615522,
 "conf": 0.8853602820550363,
 "auroc": 0.9029443112176925,
 "temperature": 0.8746362328529358,
 "nll_ts": 0.36057187853817396,
 "ece_ts": 0.030263773226972084,
 "brier_ts": 0.17674916730239915,
 "auroc_ts": 0.9023891997513099
}