{
 "dataset": "oesophagus",
 "config": "fixed",
 "seed": 2,
 "n_classes": 18,
 "n_test": 26385,
 "nll": 0.6638408855663291,
 "ece": 0.05736426754367133,
 "brier": 0.32992450449656874,
 "conf": 0.8263618040227315,
 "auroc": 0.7864181024043898,
 "temperature": 1.3041938543319702,
 "nll_ts": 0.6378832691550144,
 "ece_ts": 0.012769048555716592,
 "brier_ts": 0.32478244696488395,
 "auroc_ts": 0.7843979119825694
}