{
 "dataset": "prostate",
 "config": "fixed",
 "seed": 2,
 "n_classes": 2,
 "n_test": 203,
 "nll": 5.804707725048146,
 "ece": 0.33496725160757235,
 "brier": 0.7422835398699517,
 "conf": 0.8830376562759573,
 "auroc": 0.41614593831888735,
 "temperature": 1299.926513671875,
 "nll_ts": 0.6896181200793495,
 "ece_ts": 0.08771404061032657,
 "brier_ts": 0.49651423683973106,
 "auroc_ts": 0.4267284821608547
}