{
 "dataset": "segerstolpe",
 "config": "fixed",
 "seed": 2,
 "n_classes": 11,
 "n_test": 639,
 "nll": 0.34808633855838234,
 "ece": 0.04636582313521683,
 "brier": 0.1572624216337898,
 "conf": 0.9328838114337852,
 "auroc": 0.9358710562414265,
 "temperature": 1.465428113937378,
 "nll_ts": 0.3124808388467845,
 "ece_ts": 0.0332336997903058,
 "brier_ts": 0.15084696793939406,
 "auroc_ts": 0.9350872036057221
}