{
 "dataset": "spleen",
 "config": "fixed",
 "seed": 2,
 "n_classes": 28,
 "n_test": 28239,
 "nll": 1.1606712076909471,
 "ece": 0.04352710903357653,
 "brier": 0.5230313873971764,
 "conf": 0.6435793756123644,
 "auroc": 0.7631986654097167,
 "temperature": 1.176763892173767,
 "nll_ts": 1.146382590727796,
 "ece_ts": 0.009591547881486182,
 "brier_ts": 0.5199757311296879,
 "auroc_ts": 0.7657777558223591
}