{
 "dataset": "stad",
 "config": "fixed",
 "seed": 2,
 "n_classes": 2,
 "n_test": 83,
 "nll": 0.8177379830109256,
 "ece": 0.16646737897661457,
 "brier": 0.590852608071592,
 "conf": 0.5934764372071997,
 "auroc": 0.4174418604651162,
 "temperature": 4.392022132873535,
 "nll_ts": 0.7123231451479468,
 "ece_ts": 0.0589344780661666,
 "brier_ts": 0.5187705762714511,
 "auroc_ts": 0.4174418604651162
}