{
 "dataset": "tcell",
 "config": "fixed",
 "seed": 2,
 "n_classes": 7,
 "n_test": 7203,
 "nll": 0.9539909255772405,
 "ece": 0.027179078974355817,
 "brier": 0.47147749954463863,
 "conf": 0.6946787318967493,
 "auroc": 0.7050555094327826,
 "temperature": 1.2628158330917358,
 "nll_ts": 0.9392084691139463,
 "ece_ts": 0.044575627707082364,
 "brier_ts": 0.4721108847641182,
 "auroc_ts": 0.7107893420499586
}