{
 "dataset": "wang",
 "config": "fixed",
 "seed": 2,
 "n_classes": 7,
 "n_test": 138,
 "nll": 1.8091639263058306,
 "ece": 0.213315120886762,
 "brier": 0.816377774022572,
 "conf": 0.18523560375091916,
 "auroc": 0.6021905805038336,
 "temperature": 0.1931578516960144,
 "nll_ts": 1.5619536197943522,
 "ece_ts": 0.027421680777864086,
 "brier_ts": 0.7397059421515196,
 "auroc_ts": 0.5309967141292442
}