{
 "dataset": "xin",
 "config": "fixed",
 "seed": 2,
 "n_classes": 4,
 "n_test": 448,
 "nll": 0.2982987211738822,
 "ece": 0.04381837059530076,
 "brier": 0.08782993335524528,
 "conf": 0.9853225819670427,
 "auroc": 0.8938679245283019,
 "temperature": 9.415881156921387,
 "nll_ts": 0.729983667580395,
 "ece_ts": 0.39432464895880415,
 "brier_ts": 0.28859795771873387,
 "auroc_ts": 0.8957350628930818
}