{
 "dataset": "common_class",
 "n_samples": 27499,
 "n_features": 1089,
 "n_classes": 19,
 "n_train": 16361,
 "n_test": 8250,
 "transformer_params": 75168,
 "total_params": 214791,
 "config": {
  "heads": [
   "cell_type"
  ],
  "cohorts": null,
  "n_hvg": null,
  "batch_size": 128,
  "val_frac": 0.15,
  "test_frac": 0.15,
  "d_model": 96,
  "n_heads": 4,
  "d_ff": 192,
  "dropout": 0.1,
  "n_markers": 128,
  "marker_mode": "router",
  "compress_mode": "aggregate",
  "recursive_marker_refine": true,
  "peak_init": true,
  "anneal_markers": true,
  "recursion_depth": 4,
  "share_weights": true,
  "adaptive_depth": false,
  "marker_ffn": false,
  "recursion_mode": "expert",
  "router_capacity": null,
  "router_alpha": 1.0,
  "router_temp": 1.0,
  "router_type": "linear",
  "router_z_coeff": 0.001,
  "router_balance_coeff": 0.1,
  "gene_interaction": "none",
  "interaction_knn": 16,
  "router_prior_beta": 1.0,
  "router_prior_anneal": true,
  "lambda_marker": 0.1,
  "gamma_diversity": 0.05,
  "beta_compression": 0.01,
  "lr": 0.001,
  "weight_decay": 1e-05,
  "epochs": 150,
  "patience": 15,
  "seed": 42,
  "device": "cuda"
 },
 "heads": {
  "cell_type": {
   "accuracy": 0.831030303030303,
   "macro_f1": 0.7125298481207245,
   "weighted_f1": 0.8356958920477068,
   "per_class": {
    "0": {
     "precision": 0.6435643564356436,
     "recall": 0.8552631578947368,
     "f1-score": 0.7344632768361582,
     "support": 76.0
    },
    "1": {
     "precision": 0.7121212121212122,
     "recall": 0.7186544342507645,
     "f1-score": 0.715372907153729,
     "support": 327.0
    },
    "2": {
     "precision": 0.6896551724137931,
     "recall": 0.6722689075630253,
     "f1-score": 0.6808510638297872,
     "support": 238.0
    },
    "3": {
     "precision": 0.5853658536585366,
     "recall": 0.718562874251497,
     "f1-score": 0.6451612903225806,
     "support": 167.0
    },
    "4": {
     "precision": 0.7581699346405228,
     "recall": 0.725,
     "f1-score": 0.7412140575079872,
     "support": 160.0
    },
    "5": {
     "precision": 0.8402061855670103,
     "recall": 0.6653061224489796,
     "f1-score": 0.7425968109339408,
     "support": 245.0
    },
    "6": {
     "precision": 0.554945054945055,
     "recall": 0.8487394957983193,
     "f1-score": 0.6710963455149501,
     "support": 119.0
    },
    "7": {
     "precision": 0.8702830188679245,
     "recall": 0.5499254843517138,
     "f1-score": 0.673972602739726,
     "support": 671.0
    },
    "8": {
     "precision": 0.4068627450980392,
     "recall": 0.5763888888888888,
     "f1-score": 0.47701149425287354,
     "support": 144.0
    },
    "9": {
     "precision": 0.8033175355450237,
     "recall": 0.8228155339805825,
     "f1-score": 0.8129496402877698,
     "support": 412.0
    },
    "10": {
     "precision": 0.4666666666666667,
     "recall": 0.6746987951807228,
     "f1-score": 0.5517241379310345,
     "support": 166.0
    },
    "11": {
     "precision": 0.7763401109057301,
     "recall": 0.821917808219178,
     "f1-score": 0.7984790874524715,
     "support": 511.0
    },
    "12": {
     "precision": 0.7695035460992907,
     "recall": 0.821969696969697,
     "f1-score": 0.7948717948717948,
     "support": 528.0
    },
    "13": {
     "precision": 0.3630952380952381,
     "recall": 0.648936170212766,
     "f1-score": 0.46564885496183206,
     "support": 94.0
    },
    "14": {
     "precision": 0.8,
     "recall": 0.8571428571428571,
     "f1-score": 0.8275862068965517,
     "support": 14.0
    },
    "15": {
     "precision": 0.39914163090128757,
     "recall": 0.4626865671641791,
     "f1-score": 0.42857142857142855,
     "support": 201.0
    },
    "16": {
     "precision": 0.9963008631319359,
     "recall": 0.9140271493212669,
     "f1-score": 0.9533923303834808,
     "support": 884.0
    },
    "17": {
     "precision": 0.980649188514357,
     "recall": 0.9620330679730558,
     "f1-score": 0.9712519319938177,
     "support": 3266.0
    },
    "18": {
     "precision": 0.8518518518518519,
     "recall": 0.8518518518518519,
     "f1-score": 0.8518518518518519,
     "support": 27.0
    },
    "accuracy": 0.831030303030303,
    "macro avg": {
     "precision": 0.6983179034452168,
     "recall": 0.7456941507086359,
     "f1-score": 0.7125298481207245,
     "support": 8250.0
    },
    "weighted avg": {
     "precision": 0.8512657765770502,
     "recall": 0.831030303030303,
     "f1-score": 0.8356958920477068,
     "support": 8250.0
    }
   }
  }
 }
}