{
 "dataset": "pancreas",
 "n_samples": 14767,
 "n_features": 1936,
 "n_classes": 15,
 "n_train": 10744,
 "n_test": 2127,
 "transformer_params": 75168,
 "total_params": 295327,
 "config": {
  "heads": [
   "cell_type"
  ],
  "cohorts": null,
  "n_hvg": null,
  "batch_size": 128,
  "val_frac": 0.15,
  "test_frac": 0.15,
  "d_model": 96,
  "n_heads": 4,
  "d_ff": 192,
  "dropout": 0.1,
  "n_markers": 128,
  "marker_mode": "router",
  "compress_mode": "aggregate",
  "recursive_marker_refine": true,
  "peak_init": true,
  "anneal_markers": true,
  "recursion_depth": 4,
  "share_weights": true,
  "adaptive_depth": false,
  "marker_ffn": false,
  "recursion_mode": "expert",
  "router_capacity": null,
  "router_alpha": 1.0,
  "router_temp": 1.0,
  "router_type": "linear",
  "router_z_coeff": 0.001,
  "router_balance_coeff": 0.1,
  "gene_interaction": "none",
  "interaction_knn": 16,
  "router_prior_beta": 1.0,
  "router_prior_anneal": true,
  "lambda_marker": 0.1,
  "gamma_diversity": 0.05,
  "beta_compression": 0.01,
  "lr": 0.001,
  "weight_decay": 1e-05,
  "epochs": 150,
  "patience": 15,
  "seed": 42,
  "device": "cuda"
 },
 "heads": {
  "cell_type": {
   "accuracy": 0.919605077574048,
   "macro_f1": 0.5624282893248655,
   "weighted_f1": 0.9191407509388152,
   "per_class": {
    "0": {
     "precision": 0.0,
     "recall": 0.0,
     "f1-score": 0.0,
     "support": 5.0
    },
    "1": {
     "precision": 0.9653179190751445,
     "recall": 0.9027027027027027,
     "f1-score": 0.9329608938547486,
     "support": 185.0
    },
    "2": {
     "precision": 0.9758620689655172,
     "recall": 0.9582392776523702,
     "f1-score": 0.9669703872437357,
     "support": 886.0
    },
    "3": {
     "precision": 0.9845559845559846,
     "recall": 0.9444444444444444,
     "f1-score": 0.9640831758034026,
     "support": 270.0
    },
    "4": {
     "precision": 0.963963963963964,
     "recall": 0.9385964912280702,
     "f1-score": 0.9511111111111111,
     "support": 114.0
    },
    "5": {
     "precision": 0.9379652605459057,
     "recall": 0.9792746113989638,
     "f1-score": 0.9581749049429658,
     "support": 386.0
    },
    "6": {
     "precision": 1.0,
     "recall": 1.0,
     "f1-score": 1.0,
     "support": 16.0
    },
    "7": {
     "precision": 1.0,
     "recall": 0.14285714285714285,
     "f1-score": 0.25,
     "support": 7.0
    },
    "8": {
     "precision": 0.7801724137931034,
     "recall": 0.9187817258883249,
     "f1-score": 0.8438228438228438,
     "support": 197.0
    },
    "9": {
     "precision": 0.0,
     "recall": 0.0,
     "f1-score": 0.0,
     "support": 0.0
    },
    "10": {
     "precision": 1.0,
     "recall": 0.2857142857142857,
     "f1-score": 0.4444444444444444,
     "support": 7.0
    },
    "11": {
     "precision": 0.0,
     "recall": 0.0,
     "f1-score": 0.0,
     "support": 0.0
    },
    "13": {
     "precision": 0.0,
     "recall": 0.0,
     "f1-score": 0.0,
     "support": 54.0
    },
    "accuracy": 0.919605077574048,
    "macro avg": {
     "precision": 0.662141354684586,
     "recall": 0.5438931293758695,
     "f1-score": 0.5624282893248655,
     "support": 2127.0
    },
    "weighted avg": {
     "precision": 0.9236803817312265,
     "recall": 0.919605077574048,
     "f1-score": 0.9191407509388152,
     "support": 2127.0
    }
   }
  }
 }
}