{
 "dataset": "prototype",
 "n_samples": 90579,
 "n_features": 752,
 "n_classes": 10,
 "n_train": 53894,
 "n_test": 27174,
 "transformer_params": 75168,
 "total_params": 180693,
 "config": {
  "heads": [
   "cell_type"
  ],
  "cohorts": null,
  "n_hvg": null,
  "batch_size": 512,
  "val_frac": 0.15,
  "test_frac": 0.15,
  "d_model": 96,
  "n_heads": 4,
  "d_ff": 192,
  "dropout": 0.1,
  "n_markers": 128,
  "marker_mode": "router",
  "compress_mode": "aggregate",
  "recursive_marker_refine": true,
  "peak_init": true,
  "anneal_markers": true,
  "recursion_depth": 4,
  "share_weights": true,
  "adaptive_depth": false,
  "marker_ffn": false,
  "recursion_mode": "expert",
  "router_capacity": null,
  "router_alpha": 1.0,
  "router_temp": 1.0,
  "router_type": "linear",
  "router_z_coeff": 0.001,
  "router_balance_coeff": 0.1,
  "gene_interaction": "none",
  "interaction_knn": 16,
  "router_prior_beta": 1.0,
  "router_prior_anneal": true,
  "lambda_marker": 0.1,
  "gamma_diversity": 0.05,
  "beta_compression": 0.01,
  "lr": 0.0003,
  "weight_decay": 0.01,
  "epochs": 10,
  "patience": 5,
  "seed": 42,
  "device": "cuda"
 },
 "heads": {
  "cell_type": {
   "accuracy": 0.7198424965040112,
   "macro_f1": 0.6959642408554808,
   "weighted_f1": 0.7214047393303868,
   "per_class": {
    "0": {
     "precision": 0.8353909465020576,
     "recall": 0.9452852153667055,
     "f1-score": 0.8869470234844348,
     "support": 859.0
    },
    "1": {
     "precision": 0.6374881065651761,
     "recall": 0.6600985221674877,
     "f1-score": 0.648596321393998,
     "support": 1015.0
    },
    "2": {
     "precision": 0.705718270571827,
     "recall": 0.7073625349487418,
     "f1-score": 0.7065394461252036,
     "support": 2146.0
    },
    "3": {
     "precision": 0.7192139737991267,
     "recall": 0.6497041420118344,
     "f1-score": 0.6826943005181347,
     "support": 2535.0
    },
    "4": {
     "precision": 0.5058651026392962,
     "recall": 0.6088235294117647,
     "f1-score": 0.5525894287239722,
     "support": 1700.0
    },
    "5": {
     "precision": 0.4766273481869812,
     "recall": 0.5114861697140178,
     "f1-score": 0.49344188150158297,
     "support": 2133.0
    },
    "6": {
     "precision": 0.6010301109350238,
     "recall": 0.5624768261030775,
     "f1-score": 0.5811147289791228,
     "support": 2697.0
    },
    "7": {
     "precision": 0.8196130500758725,
     "recall": 0.7770185218485883,
     "f1-score": 0.7977476230037848,
     "support": 5561.0
    },
    "8": {
     "precision": 0.7092700176812327,
     "recall": 0.7407016618306516,
     "f1-score": 0.7246451612903225,
     "support": 3791.0
    },
    "9": {
     "precision": 0.8965367965367965,
     "recall": 0.8743930757863627,
     "f1-score": 0.8853264935342524,
     "support": 4737.0
    },
    "accuracy": 0.7198424965040112,
    "macro avg": {
     "precision": 0.690675372349339,
     "recall": 0.7037350199189231,
     "f1-score": 0.6959642408554808,
     "support": 27174.0
    },
    "weighted avg": {
     "precision": 0.7247196111906429,
     "recall": 0.7198424965040112,
     "f1-score": 0.7214047393303868,
     "support": 27174.0
    }
   }
  }
 }
}