{
 "dataset": "tabula_muris",
 "n_samples": 54865,
 "n_features": 1089,
 "n_classes": 55,
 "n_train": 32645,
 "n_test": 16458,
 "transformer_params": 75168,
 "total_params": 221775,
 "config": {
  "heads": [
   "cell_type"
  ],
  "cohorts": null,
  "n_hvg": null,
  "batch_size": 128,
  "val_frac": 0.15,
  "test_frac": 0.15,
  "d_model": 96,
  "n_heads": 4,
  "d_ff": 192,
  "dropout": 0.1,
  "n_markers": 128,
  "marker_mode": "router",
  "compress_mode": "aggregate",
  "recursive_marker_refine": true,
  "peak_init": true,
  "anneal_markers": true,
  "recursion_depth": 4,
  "share_weights": true,
  "adaptive_depth": false,
  "marker_ffn": false,
  "recursion_mode": "expert",
  "router_capacity": null,
  "router_alpha": 1.0,
  "router_temp": 1.0,
  "router_type": "linear",
  "router_z_coeff": 0.001,
  "router_balance_coeff": 0.1,
  "gene_interaction": "none",
  "interaction_knn": 16,
  "router_prior_beta": 1.0,
  "router_prior_anneal": true,
  "lambda_marker": 0.1,
  "gamma_diversity": 0.05,
  "beta_compression": 0.01,
  "lr": 0.001,
  "weight_decay": 1e-05,
  "epochs": 150,
  "patience": 15,
  "seed": 42,
  "device": "cuda"
 },
 "heads": {
  "cell_type": {
   "accuracy": 0.8292623648073885,
   "macro_f1": 0.7272541957928096,
   "weighted_f1": 0.8297972030544354,
   "per_class": {
    "0": {
     "precision": 0.9023789991796555,
     "recall": 0.8842443729903537,
     "f1-score": 0.8932196508323184,
     "support": 2488.0
    },
    "1": {
     "precision": 0.09900990099009901,
     "recall": 0.7692307692307693,
     "f1-score": 0.17543859649122806,
     "support": 13.0
    },
    "2": {
     "precision": 0.5925925925925926,
     "recall": 0.8,
     "f1-score": 0.6808510638297872,
     "support": 20.0
    },
    "3": {
     "precision": 0.3684210526315789,
     "recall": 0.6363636363636364,
     "f1-score": 0.4666666666666667,
     "support": 11.0
    },
    "4": {
     "precision": 0.8792415169660679,
     "recall": 0.6659108087679516,
     "f1-score": 0.7578494623655914,
     "support": 1323.0
    },
    "5": {
     "precision": 0.9801980198019802,
     "recall": 0.9519230769230769,
     "f1-score": 0.9658536585365853,
     "support": 104.0
    },
    "6": {
     "precision": 0.9583333333333334,
     "recall": 0.9745762711864406,
     "f1-score": 0.9663865546218487,
     "support": 118.0
    },
    "7": {
     "precision": 0.978382706164932,
     "recall": 0.9208741522230596,
     "f1-score": 0.9487577639751553,
     "support": 1327.0
    },
    "8": {
     "precision": 0.8333333333333334,
     "recall": 0.8333333333333334,
     "f1-score": 0.8333333333333334,
     "support": 18.0
    },
    "9": {
     "precision": 0.9321148825065274,
     "recall": 0.9889196675900277,
     "f1-score": 0.9596774193548387,
     "support": 361.0
    },
    "10": {
     "precision": 0.9504132231404959,
     "recall": 0.9857142857142858,
     "f1-score": 0.967741935483871,
     "support": 350.0
    },
    "11": {
     "precision": 0.6272965879265092,
     "recall": 0.6988304093567251,
     "f1-score": 0.661134163208852,
     "support": 342.0
    },
    "12": {
     "precision": 0.9444444444444444,
     "recall": 0.9444444444444444,
     "f1-score": 0.9444444444444444,
     "support": 18.0
    },
    "13": {
     "precision": 1.0,
     "recall": 0.8,
     "f1-score": 0.8888888888888888,
     "support": 15.0
    },
    "14": {
     "precision": 0.46,
     "recall": 0.4791666666666667,
     "f1-score": 0.46938775510204084,
     "support": 48.0
    },
    "15": {
     "precision": 0.5714285714285714,
     "recall": 0.6153846153846154,
     "f1-score": 0.5925925925925926,
     "support": 13.0
    },
    "16": {
     "precision": 0.3333333333333333,
     "recall": 0.5,
     "f1-score": 0.4,
     "support": 8.0
    },
    "17": {
     "precision": 0.6666666666666666,
     "recall": 0.5263157894736842,
     "f1-score": 0.5882352941176471,
     "support": 19.0
    },
    "18": {
     "precision": 0.6296296296296297,
     "recall": 0.8947368421052632,
     "f1-score": 0.7391304347826086,
     "support": 19.0
    },
    "19": {
     "precision": 0.9044665012406948,
     "recall": 0.854630715123095,
     "f1-score": 0.8788426763110307,
     "support": 853.0
    },
    "20": {
     "precision": 0.7142857142857143,
     "recall": 0.625,
     "f1-score": 0.6666666666666666,
     "support": 8.0
    },
    "21": {
     "precision": 0.7549668874172185,
     "recall": 0.8735632183908046,
     "f1-score": 0.8099467140319716,
     "support": 261.0
    },
    "22": {
     "precision": 0.8536585365853658,
     "recall": 0.7608695652173914,
     "f1-score": 0.8045977011494253,
     "support": 46.0
    },
    "23": {
     "precision": 0.6547619047619048,
     "recall": 0.8088235294117647,
     "f1-score": 0.7236842105263158,
     "support": 68.0
    },
    "24": {
     "precision": 0.905982905982906,
     "recall": 0.9724770642201835,
     "f1-score": 0.9380530973451328,
     "support": 218.0
    },
    "25": {
     "precision": 0.9099099099099099,
     "recall": 0.8938053097345132,
     "f1-score": 0.9017857142857143,
     "support": 113.0
    },
    "26": {
     "precision": 0.7876106194690266,
     "recall": 0.7542372881355932,
     "f1-score": 0.7705627705627706,
     "support": 118.0
    },
    "27": {
     "precision": 0.9962264150943396,
     "recall": 0.998109640831758,
     "f1-score": 0.9971671388101983,
     "support": 529.0
    },
    "28": {
     "precision": 0.09574468085106383,
     "recall": 0.5294117647058824,
     "f1-score": 0.16216216216216217,
     "support": 34.0
    },
    "29": {
     "precision": 0.7385229540918163,
     "recall": 0.9113300492610837,
     "f1-score": 0.8158765159867696,
     "support": 406.0
    },
    "30": {
     "precision": 0.9055837563451776,
     "recall": 0.9664138678223185,
     "f1-score": 0.9350104821802935,
     "support": 923.0
    },
    "31": {
     "precision": 0.78125,
     "recall": 0.847457627118644,
     "f1-score": 0.8130081300813008,
     "support": 118.0
    },
    "32": {
     "precision": 0.03333333333333333,
     "recall": 0.07142857142857142,
     "f1-score": 0.045454545454545456,
     "support": 14.0
    },
    "33": {
     "precision": 0.8828828828828829,
     "recall": 0.7368421052631579,
     "f1-score": 0.8032786885245902,
     "support": 133.0
    },
    "34": {
     "precision": 0.8475609756097561,
     "recall": 0.9858156028368794,
     "f1-score": 0.9114754098360656,
     "support": 141.0
    },
    "35": {
     "precision": 0.9861495844875346,
     "recall": 0.9916434540389972,
     "f1-score": 0.9888888888888889,
     "support": 359.0
    },
    "36": {
     "precision": 0.9146341463414634,
     "recall": 0.9493670886075949,
     "f1-score": 0.9316770186335404,
     "support": 79.0
    },
    "37": {
     "precision": 0.32903225806451614,
     "recall": 0.5257731958762887,
     "f1-score": 0.40476190476190477,
     "support": 97.0
    },
    "38": {
     "precision": 0.8282208588957055,
     "recall": 0.9782608695652174,
     "f1-score": 0.8970099667774086,
     "support": 138.0
    },
    "39": {
     "precision": 0.84375,
     "recall": 0.7769784172661871,
     "f1-score": 0.8089887640449438,
     "support": 139.0
    },
    "40": {
     "precision": 0.4601226993865031,
     "recall": 0.1893939393939394,
     "f1-score": 0.26833631484794274,
     "support": 396.0
    },
    "41": {
     "precision": 0.4444444444444444,
     "recall": 0.5714285714285714,
     "f1-score": 0.5,
     "support": 7.0
    },
    "42": {
     "precision": 0.7777777777777778,
     "recall": 0.9333333333333333,
     "f1-score": 0.8484848484848485,
     "support": 15.0
    },
    "43": {
     "precision": 0.9641294838145232,
     "recall": 0.9362786745964317,
     "f1-score": 0.95,
     "support": 2354.0
    },
    "44": {
     "precision": 0.35412026726057905,
     "recall": 0.9325513196480938,
     "f1-score": 0.513317191283293,
     "support": 341.0
    },
    "45": {
     "precision": 0.625,
     "recall": 0.89171974522293,