{
 "dataset": "oesophagus",
 "arch": "recursive",
 "K": 4,
 "seed": 0,
 "test_macro_f1": 60.76952167024229,
 "test_accuracy": 80.51544438127725,
 "transformer_params": 74784,
 "total_params": 214213,
 "n_markers": 128,
 "d_model": 96,
 "d_ff": 192,
 "flops_nominal": 62914560.0,
 "flops_effective": 62914560.0,
 "compute_saving": 0.0
}