{
 "dataset": "oesophagus",
 "arch": "vanilla",
 "K": 4,
 "seed": 0,
 "test_macro_f1": 62.31051323974614,
 "test_accuracy": 84.46465794959256,
 "transformer_params": 299136,
 "total_params": 438565,
 "n_markers": 128,
 "d_model": 96,
 "d_ff": 192,
 "flops_nominal": 62914560.0,
 "flops_effective": 62914560.0,
 "compute_saving": 0.0
}