{
 "dataset": "oesophagus",
 "arch": "vanilla",
 "K": 4,
 "seed": 1,
 "test_macro_f1": 54.06557078663785,
 "test_accuracy": 79.02596172067463,
 "transformer_params": 299136,
 "total_params": 438565,
 "n_markers": 128,
 "d_model": 96,
 "d_ff": 192,
 "flops_nominal": 62914560.0,
 "flops_effective": 62914560.0,
 "compute_saving": 0.0
}