{
 "dataset": "Muraro",
 "mode": "learned",
 "K": 4,
 "seed": 2,
 "n_markers": 256,
 "test_macro_f1": 75.33920744125741,
 "test_accuracy": 86.18524332810047,
 "n_features": 2000,
 "n_classes": 9,
 "n_samples": 2122,
 "learned_lambda": 0.21966452896595
}