{
 "dataset": "Muraro",
 "mode": "learned",
 "K": 4,
 "seed": 0,
 "n_markers": 256,
 "test_macro_f1": 73.10962017938931,
 "test_accuracy": 80.06279434850863,
 "n_features": 2000,
 "n_classes": 9,
 "n_samples": 2122,
 "learned_lambda": 0.22197656333446503
}