{
 "dataset": "Muraro",
 "mode": "learned",
 "K": 4,
 "seed": 1,
 "n_markers": 256,
 "test_macro_f1": 68.83636256084674,
 "test_accuracy": 83.83045525902669,
 "n_features": 2000,
 "n_classes": 9,
 "n_samples": 2122,
 "learned_lambda": 0.22333872318267822
}