{
 "dataset": "baron",
 "config": "independent",
 "seed": 0,
 "n_classes": 13,
 "n_test": 2571,
 "nll": 0.6379777816126809,
 "ece": 0.0396661952118443,
 "brier": 0.3022407864279476,
 "conf": 0.763061890807832,
 "auroc": 0.8532550847732824,
 "temperature": 0.9715158343315125,
 "nll_ts": 0.6376139409617592,
 "ece_ts": 0.03302205007367274,
 "brier_ts": 0.30182501124328626,
 "auroc_ts": 0.8529889843442744
}