{
 "dataset": "blca",
 "config": "independent",
 "seed": 0,
 "n_classes": 2,
 "n_test": 81,
 "nll": 8.042376525580417,
 "ece": 0.3319311603789325,
 "brier": 0.6396882395910732,
 "conf": 0.9768203849473793,
 "auroc": 0.5633423180592991,
 "temperature": 565.447998046875,
 "nll_ts": 0.74119382401804,
 "ece_ts": 0.14485610800865925,
 "brier_ts": 0.5028542908536249,
 "auroc_ts": 0.4696765498652291
}