{
 "dataset": "brca",
 "config": "independent",
 "seed": 0,
 "n_classes": 5,
 "n_test": 104,
 "nll": 1.3592363576096802,
 "ece": 0.11331047593321246,
 "brier": 0.6900544096608112,
 "conf": 0.52267022104822,
 "auroc": 0.6285608583055864,
 "temperature": 1.2385445833206177,
 "nll_ts": 1.3213613591769886,
 "ece_ts": 0.12621121390572929,
 "brier_ts": 0.6836934565712478,
 "auroc_ts": 0.6274509803921569
}