{
 "dataset": "lung",
 "config": "independent",
 "seed": 0,
 "n_classes": 25,
 "n_test": 17106,
 "nll": 0.6226357215197891,
 "ece": 0.0474516214265553,
 "brier": 0.3035810698760569,
 "conf": 0.8292954760414523,
 "auroc": 0.8369532960770709,
 "temperature": 1.2886314392089844,
 "nll_ts": 0.59968546753916,
 "ece_ts": 0.009091282421487058,
 "brier_ts": 0.29903803333635187,
 "auroc_ts": 0.8385485588038586
}