{
 "dataset": "muraro",
 "config": "independent",
 "seed": 0,
 "n_classes": 9,
 "n_test": 637,
 "nll": 0.7159939050158898,
 "ece": 0.06292033565632138,
 "brier": 0.3531840229712687,
 "conf": 0.7994720200688509,
 "auroc": 0.8371854134565998,
 "temperature": 0.9028469920158386,
 "nll_ts": 0.7378524690005209,
 "ece_ts": 0.07817469375590738,
 "brier_ts": 0.35888169573283435,
 "auroc_ts": 0.835130970724191
}