{
 "dataset": "oesophagus",
 "config": "independent",
 "seed": 0,
 "n_classes": 18,
 "n_test": 26385,
 "nll": 0.5553505065765847,
 "ece": 0.01434191542656398,
 "brier": 0.2740352329514107,
 "conf": 0.8225295965843779,
 "auroc": 0.8189592372869147,
 "temperature": 1.0907865762710571,
 "nll_ts": 0.5525876911287187,
 "ece_ts": 0.009191850656457468,
 "brier_ts": 0.27401191128037006,
 "auroc_ts": 0.8178228530663842
}