{
 "dataset": "prostate",
 "config": "independent",
 "seed": 0,
 "n_classes": 2,
 "n_test": 203,
 "nll": 6.364639113953282,
 "ece": 0.30688442745460515,
 "brier": 0.6901581988761941,
 "conf": 0.9127957575038661,
 "auroc": 0.45426829268292684,
 "temperature": 19949752.0,
 "nll_ts": 0.6931474667429053,
 "ece_ts": 0.10591041932058842,
 "brier_ts": 0.50000028618296,
 "auroc_ts": 0.43363821138211384
}