{
 "dataset": "segerstolpe",
 "config": "independent",
 "seed": 0,
 "n_classes": 11,
 "n_test": 639,
 "nll": 0.8938255531215805,
 "ece": 0.06384500718835895,
 "brier": 0.40553820056646206,
 "conf": 0.6806661198396601,
 "auroc": 0.7287053887372359,
 "temperature": 0.8926548957824707,
 "nll_ts": 0.898241024896498,
 "ece_ts": 0.05822629278268456,
 "brier_ts": 0.40274332692500847,
 "auroc_ts": 0.7273784248306541
}