{
 "dataset": "spleen",
 "config": "independent",
 "seed": 0,
 "n_classes": 28,
 "n_test": 28239,
 "nll": 1.358535159376313,
 "ece": 0.03547497960893796,
 "brier": 0.5962915558450764,
 "conf": 0.5660178458577428,
 "auroc": 0.7394125924381239,
 "temperature": 1.1068072319030762,
 "nll_ts": 1.3534414009183062,
 "ece_ts": 0.015600409263895356,
 "brier_ts": 0.5948718836502845,
 "auroc_ts": 0.7410894582135509
}