{
 "dataset": "stad",
 "config": "independent",
 "seed": 0,
 "n_classes": 2,
 "n_test": 83,
 "nll": 0.6917279641582111,
 "ece": 0.07370114061099353,
 "brier": 0.4985806636274518,
 "conf": 0.5046121124010546,
 "auroc": 0.5464285714285715,
 "temperature": 1.000008463859558,
 "nll_ts": 0.6917279756828504,
 "ece_ts": 0.07370117964169554,
 "brier_ts": 0.4985806751552185,
 "auroc_ts": 0.5464285714285715
}