{
 "dataset": "tcell",
 "config": "independent",
 "seed": 0,
 "n_classes": 7,
 "n_test": 7203,
 "nll": 1.009196409646324,
 "ece": 0.12919756612611857,
 "brier": 0.5324842451401138,
 "conf": 0.5315812345160618,
 "auroc": 0.6866902453727703,
 "temperature": 0.886657178401947,
 "nll_ts": 1.0062842317271334,
 "ece_ts": 0.11653705333386916,
 "brier_ts": 0.5286904215169486,
 "auroc_ts": 0.6791680527388505
}