{
 "dataset": "wang",
 "config": "independent",
 "seed": 0,
 "n_classes": 7,
 "n_test": 138,
 "nll": 1.6823387122698785,
 "ece": 0.11498502294433702,
 "brier": 0.7660031091187042,
 "conf": 0.3781884274384082,
 "auroc": 0.6517857142857143,
 "temperature": 0.8606553077697754,
 "nll_ts": 1.7094819782764465,
 "ece_ts": 0.10914786300681002,
 "brier_ts": 0.7676701463959565,
 "auroc_ts": 0.6491724738675958
}