{
 "dataset": "xin",
 "config": "independent",
 "seed": 0,
 "n_classes": 4,
 "n_test": 448,
 "nll": 0.6310411919783833,
 "ece": 0.06650335006481302,
 "brier": 0.29564926162309435,
 "conf": 0.7741396652892595,
 "auroc": 0.857930351543159,
 "temperature": 1.1612547636032104,
 "nll_ts": 0.634884775072026,
 "ece_ts": 0.09415028364236368,
 "brier_ts": 0.2998510342519828,
 "auroc_ts": 0.8653903284370359
}