{
 "dataset": "common_class",
 "n_samples": 27499,
 "n_features": 1089,
 "n_classes": 19,
 "n_train": 16361,
 "n_test": 8250,
 "transformer_params": 299520,
 "total_params": 439143,
 "config": {
  "heads": [
   "cell_type"
  ],
  "cohorts": null,
  "n_hvg": null,
  "n_channels": 1,
  "batch_size": 128,
  "val_frac": 0.15,
  "test_frac": 0.15,
  "d_model": 96,
  "n_heads": 4,
  "d_ff": 192,
  "dropout": 0.1,
  "n_markers": 128,
  "marker_mode": "router",
  "pathway_pool": "mean",
  "compress_mode": "aggregate",
  "recursive_marker_refine": true,
  "peak_init": true,
  "anneal_markers": true,
  "recursion_depth": 4,
  "share_weights": false,
  "adaptive_depth": false,
  "marker_ffn": false,
  "recursion_mode": "expert",
  "router_capacity": null,
  "router_alpha": 1.0,
  "router_temp": 1.0,
  "router_type": "linear",
  "router_z_coeff": 0.001,
  "router_balance_coeff": 0.1,
  "gene_interaction": "none",
  "interaction_knn": 16,
  "router_prior_beta": 1.0,
  "router_prior_anneal": true,
  "pathway_attn_bias": false,
  "pathway_attn_lambda": 2.0,
  "lambda_marker": 0.1,
  "gamma_diversity": 0.05,
  "beta_compression": 0.01,
  "lr": 0.001,
  "weight_decay": 1e-05,
  "epochs": 150,
  "patience": 15,
  "seed": 1,
  "device": "cuda"
 },
 "heads": {
  "cell_type": {
   "accuracy": 0.8334545454545454,
   "macro_f1": 0.7163859759626383,
   "weighted_f1": 0.8398187542459724,
   "per_class": {
    "0": {
     "precision": 0.6067415730337079,
     "recall": 0.7105263157894737,
     "f1-score": 0.6545454545454545,
     "support": 76.0
    },
    "1": {
     "precision": 0.6912751677852349,
     "recall": 0.6299694189602446,
     "f1-score": 0.6592,
     "support": 327.0
    },
    "2": {
     "precision": 0.7948717948717948,
     "recall": 0.7815126050420168,
     "f1-score": 0.788135593220339,
     "support": 238.0
    },
    "3": {
     "precision": 0.6491228070175439,
     "recall": 0.6646706586826348,
     "f1-score": 0.6568047337278107,
     "support": 167.0
    },
    "4": {
     "precision": 0.8451612903225807,
     "recall": 0.81875,
     "f1-score": 0.8317460317460318,
     "support": 160.0
    },
    "5": {
     "precision": 0.4746666666666667,
     "recall": 0.726530612244898,
     "f1-score": 0.5741935483870968,
     "support": 245.0
    },
    "6": {
     "precision": 0.6581196581196581,
     "recall": 0.6470588235294118,
     "f1-score": 0.652542372881356,
     "support": 119.0
    },
    "7": {
     "precision": 0.7949852507374632,
     "recall": 0.8032786885245902,
     "f1-score": 0.799110452186805,
     "support": 671.0
    },
    "8": {
     "precision": 0.6896551724137931,
     "recall": 0.6944444444444444,
     "f1-score": 0.6920415224913494,
     "support": 144.0
    },
    "9": {
     "precision": 0.7702702702702703,
     "recall": 0.691747572815534,
     "f1-score": 0.7289002557544757,
     "support": 412.0
    },
    "10": {
     "precision": 0.5355450236966824,
     "recall": 0.6807228915662651,
     "f1-score": 0.5994694960212201,
     "support": 166.0
    },
    "11": {
     "precision": 0.8397565922920892,
     "recall": 0.8101761252446184,
     "f1-score": 0.8247011952191236,
     "support": 511.0
    },
    "12": {
     "precision": 0.8096446700507615,
     "recall": 0.6041666666666666,
     "f1-score": 0.6919739696312365,
     "support": 528.0
    },
    "13": {
     "precision": 0.24731182795698925,
     "recall": 0.7340425531914894,
     "f1-score": 0.3699731903485255,
     "support": 94.0
    },
    "14": {
     "precision": 0.7058823529411765,
     "recall": 0.8571428571428571,
     "f1-score": 0.7741935483870968,
     "support": 14.0
    },
    "15": {
     "precision": 0.5668789808917197,
     "recall": 0.4427860696517413,
     "f1-score": 0.4972067039106145,
     "support": 201.0
    },
    "16": {
     "precision": 0.9919632606199771,
     "recall": 0.9773755656108597,
     "f1-score": 0.9846153846153847,
     "support": 884.0
    },
    "17": {
     "precision": 0.9810306670882074,
     "recall": 0.9500918554807104,
     "f1-score": 0.9653134235495412,
     "support": 3266.0
    },
    "18": {
     "precision": 0.7878787878787878,
     "recall": 0.9629629629629629,
     "f1-score": 0.8666666666666667,
     "support": 27.0
    },
    "accuracy": 0.8334545454545454,
    "macro avg": {
     "precision": 0.707408516560795,
     "recall": 0.7467345625027063,
     "f1-score": 0.7163859759626383,
     "support": 8250.0
    },
    "weighted avg": {
     "precision": 0.8538751200695347,
     "recall": 0.8334545454545454,
     "f1-score": 0.8398187542459724,
     "support": 8250.0
    }
   }
  }
 }
}