{
 "dataset": "pancreas",
 "n_samples": 14767,
 "n_features": 1936,
 "n_classes": 15,
 "n_train": 10744,
 "n_test": 2127,
 "transformer_params": 299520,
 "total_params": 519679,
 "config": {
  "heads": [
   "cell_type"
  ],
  "cohorts": null,
  "n_hvg": null,
  "n_channels": 1,
  "batch_size": 128,
  "val_frac": 0.15,
  "test_frac": 0.15,
  "d_model": 96,
  "n_heads": 4,
  "d_ff": 192,
  "dropout": 0.1,
  "n_markers": 128,
  "marker_mode": "router",
  "compress_mode": "aggregate",
  "recursive_marker_refine": true,
  "peak_init": true,
  "anneal_markers": true,
  "recursion_depth": 4,
  "share_weights": false,
  "adaptive_depth": false,
  "marker_ffn": false,
  "recursion_mode": "expert",
  "router_capacity": null,
  "router_alpha": 1.0,
  "router_temp": 1.0,
  "router_type": "linear",
  "router_z_coeff": 0.001,
  "router_balance_coeff": 0.1,
  "gene_interaction": "none",
  "interaction_knn": 16,
  "router_prior_beta": 1.0,
  "router_prior_anneal": true,
  "lambda_marker": 0.1,
  "gamma_diversity": 0.05,
  "beta_compression": 0.01,
  "lr": 0.001,
  "weight_decay": 1e-05,
  "epochs": 150,
  "patience": 15,
  "seed": 1,
  "device": "cuda"
 },
 "heads": {
  "cell_type": {
   "accuracy": 0.9294781382228491,
   "macro_f1": 0.5977521145047073,
   "weighted_f1": 0.9299798355505473,
   "per_class": {
    "0": {
     "precision": 0.0,
     "recall": 0.0,
     "f1-score": 0.0,
     "support": 5.0
    },
    "1": {
     "precision": 0.9884393063583815,
     "recall": 0.9243243243243243,
     "f1-score": 0.9553072625698324,
     "support": 185.0
    },
    "2": {
     "precision": 0.9887005649717514,
     "recall": 0.9875846501128668,
     "f1-score": 0.9881422924901185,
     "support": 886.0
    },
    "3": {
     "precision": 0.8594771241830066,
     "recall": 0.9740740740740741,
     "f1-score": 0.9131944444444444,
     "support": 270.0
    },
    "4": {
     "precision": 0.8636363636363636,
     "recall": 0.8333333333333334,
     "f1-score": 0.8482142857142857,
     "support": 114.0
    },
    "5": {
     "precision": 0.9548872180451128,
     "recall": 0.9870466321243523,
     "f1-score": 0.9707006369426752,
     "support": 386.0
    },
    "6": {
     "precision": 0.9375,
     "recall": 0.9375,
     "f1-score": 0.9375,
     "support": 16.0
    },
    "7": {
     "precision": 0.75,
     "recall": 0.42857142857142855,
     "f1-score": 0.5454545454545454,
     "support": 7.0
    },
    "8": {
     "precision": 0.9767441860465116,
     "recall": 0.8527918781725888,
     "f1-score": 0.9105691056910569,
     "support": 197.0
    },
    "9": {
     "precision": 0.0,
     "recall": 0.0,
     "f1-score": 0.0,
     "support": 0.0
    },
    "10": {
     "precision": 1.0,
     "recall": 0.42857142857142855,
     "f1-score": 0.6,
     "support": 7.0
    },
    "11": {
     "precision": 0.0,
     "recall": 0.0,
     "f1-score": 0.0,
     "support": 0.0
    },
    "13": {
     "precision": 0.6,
     "recall": 0.05555555555555555,
     "f1-score": 0.1016949152542373,
     "support": 54.0
    },
    "accuracy": 0.9294781382228491,
    "macro avg": {
     "precision": 0.6861065202493174,
     "recall": 0.5699502542184578,
     "f1-score": 0.5977521145047073,
     "support": 2127.0
    },
    "weighted avg": {
     "precision": 0.9450016041569375,
     "recall": 0.9294781382228491,
     "f1-score": 0.9299798355505473,
     "support": 2127.0
    }
   }
  }
 }
}