{
 "dataset": "prototype",
 "n_samples": 90579,
 "n_features": 752,
 "n_classes": 10,
 "n_train": 53894,
 "n_test": 27174,
 "transformer_params": 299520,
 "total_params": 405045,
 "config": {
  "heads": [
   "cell_type"
  ],
  "cohorts": null,
  "n_hvg": null,
  "n_channels": 1,
  "batch_size": 128,
  "val_frac": 0.15,
  "test_frac": 0.15,
  "d_model": 96,
  "n_heads": 4,
  "d_ff": 192,
  "dropout": 0.1,
  "n_markers": 128,
  "marker_mode": "router",
  "pathway_pool": "mean",
  "compress_mode": "aggregate",
  "recursive_marker_refine": true,
  "peak_init": true,
  "anneal_markers": true,
  "recursion_depth": 4,
  "share_weights": false,
  "adaptive_depth": false,
  "marker_ffn": false,
  "recursion_mode": "expert",
  "router_capacity": null,
  "router_alpha": 1.0,
  "router_temp": 1.0,
  "router_type": "linear",
  "router_z_coeff": 0.001,
  "router_balance_coeff": 0.1,
  "gene_interaction": "none",
  "interaction_knn": 16,
  "router_prior_beta": 1.0,
  "router_prior_anneal": true,
  "pathway_attn_bias": false,
  "pathway_attn_lambda": 2.0,
  "lambda_marker": 0.1,
  "gamma_diversity": 0.05,
  "beta_compression": 0.01,
  "lr": 0.001,
  "weight_decay": 1e-05,
  "epochs": 150,
  "patience": 15,
  "seed": 1,
  "device": "cuda"
 },
 "heads": {
  "cell_type": {
   "accuracy": 0.9489585633325973,
   "macro_f1": 0.9466210815024473,
   "weighted_f1": 0.9488757076700509,
   "per_class": {
    "0": {
     "precision": 0.9837209302325581,
     "recall": 0.9848661233993015,
     "f1-score": 0.9842931937172775,
     "support": 859.0
    },
    "1": {
     "precision": 0.9499036608863198,
     "recall": 0.9714285714285714,
     "f1-score": 0.9605455431076474,
     "support": 1015.0
    },
    "2": {
     "precision": 0.949814126394052,
     "recall": 0.9524697110904008,
     "f1-score": 0.9511400651465798,
     "support": 2146.0
    },
    "3": {
     "precision": 0.9634831460674157,
     "recall": 0.9471400394477317,
     "f1-score": 0.9552416948478217,
     "support": 2535.0
    },
    "4": {
     "precision": 0.916860465116279,
     "recall": 0.9276470588235294,
     "f1-score": 0.9222222222222223,
     "support": 1700.0
    },
    "5": {
     "precision": 0.91712158808933,
     "recall": 0.8663853727144867,
     "f1-score": 0.8910318225650916,
     "support": 2133.0
    },
    "6": {
     "precision": 0.9154877140729709,
     "recall": 0.9117538005190953,
     "f1-score": 0.9136169422255248,
     "support": 2697.0
    },
    "7": {
     "precision": 0.9531389733500268,
     "recall": 0.9582808847329617,
     "f1-score": 0.955703012912482,
     "support": 5561.0
    },
    "8": {
     "precision": 0.9296520423600605,
     "recall": 0.9725666051173832,
     "f1-score": 0.9506252417171587,
     "support": 3791.0
    },
    "9": {
     "precision": 0.99054576708208,
     "recall": 0.9731897825628034,
     "f1-score": 0.9817910765626664,
     "support": 4737.0
    },
    "accuracy": 0.9489585633325973,
    "macro avg": {
     "precision": 0.9469728413651094,
     "recall": 0.9465727949836265,
     "f1-score": 0.9466210815024473,
     "support": 27174.0
    },
    "weighted avg": {
     "precision": 0.9490978475893588,
     "recall": 0.9489585633325973,
     "f1-score": 0.9488757076700509,
     "support": 27174.0
    }
   }
  }
 }
}