{
 "dataset": "tabula_muris",
 "n_samples": 54865,
 "n_features": 1089,
 "n_classes": 55,
 "n_train": 32645,
 "n_test": 16458,
 "transformer_params": 299520,
 "total_params": 446127,
 "config": {
  "heads": [
   "cell_type"
  ],
  "cohorts": null,
  "n_hvg": null,
  "n_channels": 1,
  "batch_size": 128,
  "val_frac": 0.15,
  "test_frac": 0.15,
  "d_model": 96,
  "n_heads": 4,
  "d_ff": 192,
  "dropout": 0.1,
  "n_markers": 128,
  "marker_mode": "router",
  "compress_mode": "aggregate",
  "recursive_marker_refine": true,
  "peak_init": true,
  "anneal_markers": true,
  "recursion_depth": 4,
  "share_weights": false,
  "adaptive_depth": false,
  "marker_ffn": false,
  "recursion_mode": "expert",
  "router_capacity": null,
  "router_alpha": 1.0,
  "router_temp": 1.0,
  "router_type": "linear",
  "router_z_coeff": 0.001,
  "router_balance_coeff": 0.1,
  "gene_interaction": "none",
  "interaction_knn": 16,
  "router_prior_beta": 1.0,
  "router_prior_anneal": true,
  "lambda_marker": 0.1,
  "gamma_diversity": 0.05,
  "beta_compression": 0.01,
  "lr": 0.001,
  "weight_decay": 1e-05,
  "epochs": 150,
  "patience": 15,
  "seed": 1,
  "device": "cuda"
 },
 "heads": {
  "cell_type": {
   "accuracy": 0.85642240855511,
   "macro_f1": 0.7512293378382646,
   "weighted_f1": 0.8528294155981896,
   "per_class": {
    "0": {
     "precision": 0.9569377990430622,
     "recall": 0.9646302250803859,
     "f1-score": 0.9607686148919136,
     "support": 2488.0
    },
    "1": {
     "precision": 0.4375,
     "recall": 0.5384615384615384,
     "f1-score": 0.4827586206896552,
     "support": 13.0
    },
    "2": {
     "precision": 0.875,
     "recall": 0.7,
     "f1-score": 0.7777777777777778,
     "support": 20.0
    },
    "3": {
     "precision": 0.6153846153846154,
     "recall": 0.7272727272727273,
     "f1-score": 0.6666666666666666,
     "support": 11.0
    },
    "4": {
     "precision": 0.9157894736842105,
     "recall": 0.854875283446712,
     "f1-score": 0.8842845973416732,
     "support": 1323.0
    },
    "5": {
     "precision": 0.9252336448598131,
     "recall": 0.9519230769230769,
     "f1-score": 0.9383886255924171,
     "support": 104.0
    },
    "6": {
     "precision": 0.9112903225806451,
     "recall": 0.9576271186440678,
     "f1-score": 0.9338842975206612,
     "support": 118.0
    },
    "7": {
     "precision": 0.9582689335394127,
     "recall": 0.9344385832705351,
     "f1-score": 0.9462037390309043,
     "support": 1327.0
    },
    "8": {
     "precision": 0.8888888888888888,
     "recall": 0.8888888888888888,
     "f1-score": 0.8888888888888888,
     "support": 18.0
    },
    "9": {
     "precision": 0.8288508557457213,
     "recall": 0.9390581717451524,
     "f1-score": 0.8805194805194805,
     "support": 361.0
    },
    "10": {
     "precision": 0.9942857142857143,
     "recall": 0.9942857142857143,
     "f1-score": 0.9942857142857143,
     "support": 350.0
    },
    "11": {
     "precision": 0.7602523659305994,
     "recall": 0.7046783625730995,
     "f1-score": 0.7314112291350531,
     "support": 342.0
    },
    "12": {
     "precision": 0.7083333333333334,
     "recall": 0.9444444444444444,
     "f1-score": 0.8095238095238095,
     "support": 18.0
    },
    "13": {
     "precision": 0.6842105263157895,
     "recall": 0.8666666666666667,
     "f1-score": 0.7647058823529411,
     "support": 15.0
    },
    "14": {
     "precision": 0.5303030303030303,
     "recall": 0.7291666666666666,
     "f1-score": 0.6140350877192983,
     "support": 48.0
    },
    "15": {
     "precision": 0.4375,
     "recall": 0.5384615384615384,
     "f1-score": 0.4827586206896552,
     "support": 13.0
    },
    "16": {
     "precision": 0.7777777777777778,
     "recall": 0.875,
     "f1-score": 0.8235294117647058,
     "support": 8.0
    },
    "17": {
     "precision": 0.6153846153846154,
     "recall": 0.8421052631578947,
     "f1-score": 0.7111111111111111,
     "support": 19.0
    },
    "18": {
     "precision": 0.68,
     "recall": 0.8947368421052632,
     "f1-score": 0.7727272727272727,
     "support": 19.0
    },
    "19": {
     "precision": 0.8316268486916951,
     "recall": 0.8569753810082064,
     "f1-score": 0.8441108545034642,
     "support": 853.0
    },
    "20": {
     "precision": 1.0,
     "recall": 0.125,
     "f1-score": 0.2222222222222222,
     "support": 8.0
    },
    "21": {
     "precision": 0.8246268656716418,
     "recall": 0.8467432950191571,
     "f1-score": 0.8355387523629489,
     "support": 261.0
    },
    "22": {
     "precision": 0.8301886792452831,
     "recall": 0.9565217391304348,
     "f1-score": 0.8888888888888888,
     "support": 46.0
    },
    "23": {
     "precision": 0.6022727272727273,
     "recall": 0.7794117647058824,
     "f1-score": 0.6794871794871795,
     "support": 68.0
    },
    "24": {
     "precision": 0.9321266968325792,
     "recall": 0.944954128440367,
     "f1-score": 0.9384965831435079,
     "support": 218.0
    },
    "25": {
     "precision": 0.8938053097345132,
     "recall": 0.8938053097345132,
     "f1-score": 0.8938053097345132,
     "support": 113.0
    },
    "26": {
     "precision": 0.864406779661017,
     "recall": 0.864406779661017,
     "f1-score": 0.864406779661017,
     "support": 118.0
    },
    "27": {
     "precision": 0.9962335216572504,
     "recall": 1.0,
     "f1-score": 0.9981132075471698,
     "support": 529.0
    },
    "28": {
     "precision": 0.5192307692307693,
     "recall": 0.7941176470588235,
     "f1-score": 0.627906976744186,
     "support": 34.0
    },
    "29": {
     "precision": 0.7421259842519685,
     "recall": 0.9285714285714286,
     "f1-score": 0.824945295404814,
     "support": 406.0
    },
    "30": {
     "precision": 0.9201277955271565,
     "recall": 0.9360780065005417,
     "f1-score": 0.9280343716433942,
     "support": 923.0
    },
    "31": {
     "precision": 0.8831168831168831,
     "recall": 0.576271186440678,
     "f1-score": 0.6974358974358974,
     "support": 118.0
    },
    "32": {
     "precision": 0.13636363636363635,
     "recall": 0.21428571428571427,
     "f1-score": 0.16666666666666666,
     "support": 14.0
    },
    "33": {
     "precision": 0.7121212121212122,
     "recall": 0.706766917293233,
     "f1-score": 0.7094339622641509,
     "support": 133.0
    },
    "34": {
     "precision": 0.8066666666666666,
     "recall": 0.8581560283687943,
     "f1-score": 0.8316151202749141,
     "support": 141.0
    },
    "35": {
     "precision": 0.9916897506925207,
     "recall": 0.9972144846796658,
     "f1-score": 0.9944444444444445,
     "support": 359.0
    },
    "36": {
     "precision": 0.8780487804878049,
     "recall": 0.9113924050632911,
     "f1-score": 0.8944099378881988,
     "support": 79.0
    },
    "37": {
     "precision": 0.3373493975903614,
     "recall": 0.5773195876288659,
     "f1-score": 0.42585551330798477,
     "support": 97.0
    },
    "38": {
     "precision": 0.9366197183098591,
     "recall": 0.9637681159420289,
     "f1-score": 0.95,
     "support": 138.0
    },
    "39": {
     "precision": 0.6853932584269663,
     "recall": 0.8776978417266187,
     "f1-score": 0.7697160883280757,
     "support": 139.0
    },
    "40": {
     "precision": 0.5,
     "recall": 0.3813131313131313,
     "f1-score": 0.4326647564469914,
     "support": 396.0
    },
    "41": {
     "precision": 0.5,
     "recall": 0.5714285714285714,
     "f1-score": 0.5333333333333333,
     "support": 7.0
    },
    "42": {
     "precision": 0.7222222222222222,
     "recall": 0.8666666666666667,
     "f1-score": 0.7878787878787878,
     "support": 15.0
    },
    "43": {
     "precision": 0.9573275862068965,
     "recall": 0.943500424808836,
     "f1-score": 0.9503637141634574,
     "support": 2354.0
    },
    "44": {
     "precision": 0.384418901660281,
     "recall": 0.8826979472140762,
     "f1-score": 0.5355871886120996,
     "support": 341.0
    },
    "45": {
     "precision": 0.8011695906432749,
     "recall": 0.8726114649681529,