{
 "dataset": "Xin",
 "mode": "learned_anchor",
 "K": 4,
 "seed": 1,
 "n_markers": 128,
 "test_macro_f1": 71.94404817146327,
 "test_accuracy": 90.40178571428571,
 "val_macro_f1": 72.08872633073364,
 "n_features": 2000,
 "n_classes": 4,
 "n_samples": 1492,
 "learned_lambda": 0.22931380569934845,
 "bio_anchor_have": true
}