{
 "dataset": "Xin",
 "mode": "learned_anchor",
 "K": 4,
 "seed": 0,
 "n_markers": 128,
 "test_macro_f1": 71.27882570140356,
 "test_accuracy": 91.29464285714286,
 "val_macro_f1": 76.05960500142086,
 "n_features": 2000,
 "n_classes": 4,
 "n_samples": 1492,
 "learned_lambda": 0.2312099039554596,
 "bio_anchor_have": true
}