{
 "dataset": "Xin",
 "mode": "learned_anchor",
 "K": 4,
 "seed": 2,
 "n_markers": 128,
 "test_macro_f1": 70.11749150604433,
 "test_accuracy": 90.40178571428571,
 "val_macro_f1": 76.44004447283135,
 "n_features": 2000,
 "n_classes": 4,
 "n_samples": 1492,
 "learned_lambda": 0.23051807284355164,
 "bio_anchor_have": true
}