{
 "dataset": "Xin",
 "mode": "learned_anchor",
 "K": 4,
 "seed": 0,
 "n_markers": 128,
 "test_macro_f1": 71.67427699447404,
 "test_accuracy": 91.07142857142857,
 "val_macro_f1": 75.87355455002515,
 "n_features": 2000,
 "n_classes": 4,
 "n_samples": 1492,
 "learned_lambda": 0.24211940169334412,
 "bio_anchor_have": true
}