{
 "dataset": "Xin",
 "mode": "learned_anchor",
 "K": 4,
 "seed": 1,
 "n_markers": 128,
 "test_macro_f1": 65.01592186655276,
 "test_accuracy": 87.05357142857143,
 "val_macro_f1": 78.5838884807957,
 "n_features": 2000,
 "n_classes": 4,
 "n_samples": 1492,
 "learned_lambda": 0.2265373170375824,
 "bio_anchor_have": true
}