{
 "dataset": "Xin",
 "mode": "learned_anchor",
 "K": 4,
 "seed": 2,
 "n_markers": 128,
 "test_macro_f1": 65.64573827731722,
 "test_accuracy": 84.15178571428571,
 "val_macro_f1": 70.75593117989028,
 "n_features": 2000,
 "n_classes": 4,
 "n_samples": 1492,
 "learned_lambda": 0.22404177486896515,
 "bio_anchor_have": true
}