{
 "dataset": "Muraro",
 "mode": "learned",
 "K": 4,
 "seed": 1,
 "n_markers": 2000,
 "test_macro_f1": 67.3352199809421,
 "test_accuracy": 81.00470957613814,
 "n_features": 2000,
 "n_classes": 9,
 "n_samples": 2122,
 "learned_lambda": 0.2249087542295456
}