{
 "dataset": "Muraro",
 "mode": "learned",
 "K": 4,
 "seed": 2,
 "n_markers": 2000,
 "test_macro_f1": 81.81448182912212,
 "test_accuracy": 92.93563579277865,
 "n_features": 2000,
 "n_classes": 9,
 "n_samples": 2122,
 "learned_lambda": 0.23265980184078217
}