{
 "dataset": "Muraro",
 "mode": "learned",
 "K": 4,
 "seed": 0,
 "n_markers": 2000,
 "test_macro_f1": 72.37448064938631,
 "test_accuracy": 80.53375196232338,
 "n_features": 2000,
 "n_classes": 9,
 "n_samples": 2122,
 "learned_lambda": 0.22739991545677185
}