{
 "task": "os_binary",
 "n_samples": 2738,
 "n_genes": 20530,
 "n_classes": 2,
 "n_train": 2190,
 "n_test": 548,
 "baselines": {
  "Majority (floor)": {
   "accuracy": 0.8521897810218978,
   "macro_f1": 0.4600985221674877,
   "weighted_f1": 0.7841825177088203,
   "seconds": 0.0
  },
  "k-NN": {
   "accuracy": 0.8540145985401459,
   "macro_f1": 0.4727473901957955,
   "weighted_f1": 0.7885610005411159,
   "seconds": 0.5
  },
  "RBF SVM": {
   "accuracy": 0.8521897810218978,
   "macro_f1": 0.4600985221674877,
   "weighted_f1": 0.7841825177088203,
   "seconds": 53.5
  },
  "Random Forest": {
   "accuracy": 0.8540145985401459,
   "macro_f1": 0.4727473901957955,
   "weighted_f1": 0.7885610005411159,
   "seconds": 8.9
  },
  "Extra Trees": {
   "accuracy": 0.8521897810218978,
   "macro_f1": 0.4600985221674877,
   "weighted_f1": 0.7841825177088203,
   "seconds": 2.5
  },
  "Hist GBM": {
   "accuracy": 0.8558394160583942,
   "macro_f1": 0.48510329570998706,
   "weighted_f1": 0.7928541396981272,
   "seconds": 86.4
  },
  "XGBoost": {
   "accuracy": 0.8558394160583942,
   "macro_f1": 0.48510329570998706,
   "weighted_f1": 0.7928541396981272,
   "seconds": 126.7
  },
  "LightGBM": {
   "accuracy": 0.8540145985401459,
   "macro_f1": 0.4727473901957955,
   "weighted_f1": 0.7885610005411159,
   "seconds": 42.9
  },
  "CatBoost": {
   "accuracy": 0.8521897810218978,
   "macro_f1": 0.483470064583697,
   "weighted_f1": 0.7908692234285036,
   "seconds": 121.9
  },
  "MLP (1x256)": {
   "accuracy": 0.8394160583941606,
   "macro_f1": 0.4976666666666667,
   "weighted_f1": 0.7895145985401459,
   "seconds": 7.6
  }
 }
}