{
 "task": "pathologic_N",
 "n_samples": 2738,
 "n_genes": 20530,
 "n_classes": 4,
 "n_train": 2190,
 "n_test": 548,
 "baselines": {
  "Majority (floor)": {
   "accuracy": 0.5383211678832117,
   "macro_f1": 0.1749703440094899,
   "weighted_f1": 0.37676095972846363,
   "seconds": 0.0
  },
  "k-NN": {
   "accuracy": 0.5602189781021898,
   "macro_f1": 0.3188272619220127,
   "weighted_f1": 0.5106199157738949,
   "seconds": 0.5
  },
  "RBF SVM": {
   "accuracy": 0.5821167883211679,
   "macro_f1": 0.3145368072787428,
   "weighted_f1": 0.5216443884974613,
   "seconds": 57.1
  },
  "Random Forest": {
   "accuracy": 0.5821167883211679,
   "macro_f1": 0.3094519257061375,
   "weighted_f1": 0.51515873648052,
   "seconds": 4.4
  },
  "Extra Trees": {
   "accuracy": 0.5748175182481752,
   "macro_f1": 0.3162256071626814,
   "weighted_f1": 0.5141593442354162,
   "seconds": 2.1
  },
  "Hist GBM": {
   "accuracy": 0.5711678832116789,
   "macro_f1": 0.3430365922541091,
   "weighted_f1": 0.533773850847355,
   "seconds": 224.3
  },
  "XGBoost": {
   "accuracy": 0.5802919708029197,
   "macro_f1": 0.34474792508113816,
   "weighted_f1": 0.5378318753512596,
   "seconds": 537.5
  },
  "LightGBM": {
   "accuracy": 0.5985401459854015,
   "macro_f1": 0.3689288383183772,
   "weighted_f1": 0.5602931524432472,
   "seconds": 128.3
  },
  "CatBoost": {
   "accuracy": 0.5547445255474452,
   "macro_f1": 0.3220562326491092,
   "weighted_f1": 0.5117509266589699,
   "seconds": 382.5
  },
  "MLP (1x256)": {
   "accuracy": 0.5638686131386861,
   "macro_f1": 0.34552155534108575,
   "weighted_f1": 0.5223016242763102,
   "seconds": 7.2
  }
 }
}