{
 "task": "pathologic_stage",
 "n_samples": 2738,
 "n_genes": 20530,
 "n_classes": 4,
 "n_train": 2190,
 "n_test": 548,
 "baselines": {
  "Majority (floor)": {
   "accuracy": 0.3521897810218978,
   "macro_f1": 0.13022941970310392,
   "weighted_f1": 0.18346188323137996,
   "seconds": 0.0
  },
  "k-NN": {
   "accuracy": 0.5383211678832117,
   "macro_f1": 0.47980400305981696,
   "weighted_f1": 0.5011329227930823,
   "seconds": 0.6
  },
  "RBF SVM": {
   "accuracy": 0.5675182481751825,
   "macro_f1": 0.4813565180943147,
   "weighted_f1": 0.5096077986864425,
   "seconds": 57.1
  },
  "Random Forest": {
   "accuracy": 0.5620437956204379,
   "macro_f1": 0.47838168346218896,
   "weighted_f1": 0.5037140541103423,
   "seconds": 4.1
  },
  "Extra Trees": {
   "accuracy": 0.5693430656934306,
   "macro_f1": 0.4868001870090544,
   "weighted_f1": 0.5121046509786196,
   "seconds": 2.2
  },
  "Hist GBM": {
   "accuracy": 0.5620437956204379,
   "macro_f1": 0.49943441528784205,
   "weighted_f1": 0.5193233063300399,
   "seconds": 231.5
  },
  "XGBoost": {
   "accuracy": 0.5529197080291971,
   "macro_f1": 0.5021407452913502,
   "weighted_f1": 0.51512843881809,
   "seconds": 590.3
  },
  "LightGBM": {
   "accuracy": 0.5748175182481752,
   "macro_f1": 0.5071178103774582,
   "weighted_f1": 0.5287157005447297,
   "seconds": 136.8
  },
  "CatBoost": {
   "accuracy": 0.5565693430656934,
   "macro_f1": 0.4911208429604302,
   "weighted_f1": 0.5114354710265366,
   "seconds": 377.4
  },
  "MLP (1x256)": {
   "accuracy": 0.5145985401459854,
   "macro_f1": 0.4845193147244373,
   "weighted_f1": 0.5014538329467396,
   "seconds": 9.4
  }
 }
}