{
 "task": "pathologic_T",
 "n_samples": 2738,
 "n_genes": 20530,
 "n_classes": 4,
 "n_train": 2190,
 "n_test": 548,
 "baselines": {
  "Majority (floor)": {
   "accuracy": 0.4835766423357664,
   "macro_f1": 0.16297662976629768,
   "weighted_f1": 0.3152467656063422,
   "seconds": 0.0
  },
  "k-NN": {
   "accuracy": 0.4762773722627737,
   "macro_f1": 0.3625921095705424,
   "weighted_f1": 0.4511853319237755,
   "seconds": 0.5
  },
  "RBF SVM": {
   "accuracy": 0.5273722627737226,
   "macro_f1": 0.40667503465134347,
   "weighted_f1": 0.46931407492232585,
   "seconds": 59.3
  },
  "Random Forest": {
   "accuracy": 0.49635036496350365,
   "macro_f1": 0.3831005955073119,
   "weighted_f1": 0.4415657762393518,
   "seconds": 4.3
  },
  "Extra Trees": {
   "accuracy": 0.5072992700729927,
   "macro_f1": 0.4064772698070054,
   "weighted_f1": 0.46089742399337014,
   "seconds": 2.2
  },
  "Hist GBM": {
   "accuracy": 0.5200729927007299,
   "macro_f1": 0.4370244792760674,
   "weighted_f1": 0.48835409869705115,
   "seconds": 235.0
  },
  "XGBoost": {
   "accuracy": 0.5164233576642335,
   "macro_f1": 0.41752841470660357,
   "weighted_f1": 0.474708785163569,
   "seconds": 593.4
  },
  "LightGBM": {
   "accuracy": 0.5164233576642335,
   "macro_f1": 0.4252157285659781,
   "weighted_f1": 0.4780792606816884,
   "seconds": 139.2
  },
  "CatBoost": {
   "accuracy": 0.5072992700729927,
   "macro_f1": 0.4177133141880168,
   "weighted_f1": 0.47232201576087907,
   "seconds": 377.4
  },
  "MLP (1x256)": {
   "accuracy": 0.48905109489051096,
   "macro_f1": 0.3918190839788818,
   "weighted_f1": 0.4695981113043087,
   "seconds": 6.9
  }
 }
}