{
 "task": "tumor_status",
 "n_samples": 2738,
 "n_genes": 20530,
 "n_classes": 2,
 "n_train": 2190,
 "n_test": 548,
 "baselines": {
  "Majority (floor)": {
   "accuracy": 0.781021897810219,
   "macro_f1": 0.4385245901639344,
   "weighted_f1": 0.6849946152925691,
   "seconds": 0.0
  },
  "k-NN": {
   "accuracy": 0.7883211678832117,
   "macro_f1": 0.5131127450980392,
   "weighted_f1": 0.7188510805782166,
   "seconds": 0.5
  },
  "RBF SVM": {
   "accuracy": 0.7846715328467153,
   "macro_f1": 0.4558184939576531,
   "weighted_f1": 0.6935807849854259,
   "seconds": 41.4
  },
  "Random Forest": {
   "accuracy": 0.7828467153284672,
   "macro_f1": 0.4472388217842763,
   "weighted_f1": 0.6893166466358238,
   "seconds": 6.5
  },
  "Extra Trees": {
   "accuracy": 0.7828467153284672,
   "macro_f1": 0.45510908346493534,
   "weighted_f1": 0.6926224731448596,
   "seconds": 2.4
  },
  "Hist GBM": {
   "accuracy": 0.791970802919708,
   "macro_f1": 0.5274575655804665,
   "weighted_f1": 0.726165070703604,
   "seconds": 103.7
  },
  "XGBoost": {
   "accuracy": 0.7956204379562044,
   "macro_f1": 0.5299019607843137,
   "weighted_f1": 0.7285458709031057,
   "seconds": 144.0
  },
  "LightGBM": {
   "accuracy": 0.791970802919708,
   "macro_f1": 0.5153753064200826,
   "weighted_f1": 0.7211516661347798,
   "seconds": 49.3
  },
  "CatBoost": {
   "accuracy": 0.7828467153284672,
   "macro_f1": 0.5214816662875424,
   "weighted_f1": 0.7202481727186654,
   "seconds": 122.6
  },
  "MLP (1x256)": {
   "accuracy": 0.7481751824817519,
   "macro_f1": 0.489730371649888,
   "weighted_f1": 0.693835504306847,
   "seconds": 6.4
  }
 }
}