{
 "dataset": "prototype",
 "n_samples": 90579,
 "n_features": 752,
 "n_classes": 10,
 "n_train": 53894,
 "n_test": 27174,
 "transformer_params": 18960,
 "total_params": 67125,
 "config": {
  "heads": [
   "cell_type"
  ],
  "cohorts": null,
  "n_hvg": null,
  "n_channels": 1,
  "batch_size": 128,
  "val_frac": 0.15,
  "test_frac": 0.15,
  "d_model": 48,
  "n_heads": 4,
  "d_ff": 96,
  "dropout": 0.1,
  "n_markers": 128,
  "marker_mode": "router",
  "pathway_pool": "mean",
  "compress_mode": "aggregate",
  "recursive_marker_refine": true,
  "peak_init": true,
  "anneal_markers": true,
  "recursion_depth": 4,
  "share_weights": true,
  "share_strategy": "cycle",
  "n_unique_blocks": null,
  "step_cache": false,
  "adaptive_depth": false,
  "marker_ffn": false,
  "recursion_mode": "fixed",
  "router_capacity": null,
  "router_alpha": 1.0,
  "router_temp": 1.0,
  "router_type": "linear",
  "router_z_coeff": 0.001,
  "router_balance_coeff": 0.1,
  "gene_interaction": "none",
  "interaction_knn": 16,
  "router_prior_beta": 1.0,
  "router_prior_anneal": true,
  "pathway_attn_bias": false,
  "pathway_attn_lambda": 2.0,
  "lambda_marker": 0.1,
  "gamma_diversity": 0.05,
  "beta_compression": 0.01,
  "lr": 0.001,
  "weight_decay": 1e-05,
  "epochs": 80,
  "patience": 12,
  "seed": 0,
  "device": "cuda"
 },
 "heads": {
  "cell_type": {
   "accuracy": 0.9458673732244057,
   "macro_f1": 0.9427209602744442,
   "weighted_f1": 0.9458789893263869,
   "per_class": {
    "0": {
     "precision": 0.9572553430821147,
     "recall": 0.9906868451688009,
     "f1-score": 0.9736842105263158,
     "support": 859.0
    },
    "1": {
     "precision": 0.9564787339268052,
     "recall": 0.9527093596059113,
     "f1-score": 0.9545903257650543,
     "support": 1015.0
    },
    "2": {
     "precision": 0.9448275862068966,
     "recall": 0.9575955265610439,
     "f1-score": 0.9511687109465402,
     "support": 2146.0
    },
    "3": {
     "precision": 0.965074267362505,
     "recall": 0.9483234714003945,
     "f1-score": 0.9566255471547951,
     "support": 2535.0
    },
    "4": {
     "precision": 0.8954361640670133,
     "recall": 0.9117647058823529,
     "f1-score": 0.9035266686097347,
     "support": 1700.0
    },
    "5": {
     "precision": 0.887546468401487,
     "recall": 0.8954524144397562,
     "f1-score": 0.8914819136522754,
     "support": 2133.0
    },
    "6": {
     "precision": 0.9261469600895188,
     "recall": 0.9206525769373378,
     "f1-score": 0.9233915953886203,
     "support": 2697.0
    },
    "7": {
     "precision": 0.9567281358407888,
     "recall": 0.9422765689624168,
     "f1-score": 0.9494473636528357,
     "support": 5561.0
    },
    "8": {
     "precision": 0.9362990260594893,
     "recall": 0.9382748615141123,
     "f1-score": 0.9372859025032938,
     "support": 3791.0
    },
    "9": {
     "precision": 0.9828020134228188,
     "recall": 0.9892336922102597,
     "f1-score": 0.9860073645449763,
     "support": 4737.0
    },
    "accuracy": 0.9458673732244057,
    "macro avg": {
     "precision": 0.9408594698459438,
     "recall": 0.9446970022682386,
     "f1-score": 0.9427209602744442,
     "support": 27174.0
    },
    "weighted avg": {
     "precision": 0.9459695252288572,
     "recall": 0.9458673732244057,
     "f1-score": 0.9458789893263869,
     "support": 27174.0
    }
   }
  }
 }
}