{
 "dataset": "tabula_muris",
 "n_samples": 54865,
 "n_features": 1089,
 "n_classes": 55,
 "n_train": 32645,
 "n_test": 16458,
 "transformer_params": 18960,
 "total_params": 87711,
 "config": {
  "heads": [
   "cell_type"
  ],
  "cohorts": null,
  "n_hvg": null,
  "n_channels": 1,
  "batch_size": 128,
  "val_frac": 0.15,
  "test_frac": 0.15,
  "d_model": 48,
  "n_heads": 4,
  "d_ff": 96,
  "dropout": 0.1,
  "n_markers": 128,
  "marker_mode": "router",
  "pathway_pool": "mean",
  "compress_mode": "aggregate",
  "recursive_marker_refine": true,
  "peak_init": true,
  "anneal_markers": true,
  "recursion_depth": 4,
  "share_weights": true,
  "share_strategy": "cycle",
  "n_unique_blocks": null,
  "step_cache": false,
  "adaptive_depth": false,
  "marker_ffn": false,
  "recursion_mode": "fixed",
  "router_capacity": null,
  "router_alpha": 1.0,
  "router_temp": 1.0,
  "router_type": "linear",
  "router_z_coeff": 0.001,
  "router_balance_coeff": 0.1,
  "gene_interaction": "none",
  "interaction_knn": 16,
  "router_prior_beta": 1.0,
  "router_prior_anneal": true,
  "pathway_attn_bias": false,
  "pathway_attn_lambda": 2.0,
  "lambda_marker": 0.1,
  "gamma_diversity": 0.05,
  "beta_compression": 0.01,
  "lr": 0.001,
  "weight_decay": 1e-05,
  "epochs": 80,
  "patience": 12,
  "seed": 0,
  "device": "cuda"
 },
 "heads": {
  "cell_type": {
   "accuracy": 0.8278648681492283,
   "macro_f1": 0.7368134898353151,
   "weighted_f1": 0.8315265525545666,
   "per_class": {
    "0": {
     "precision": 0.9708568943018704,
     "recall": 0.8971061093247589,
     "f1-score": 0.9325255901399624,
     "support": 2488.0
    },
    "1": {
     "precision": 0.2962962962962963,
     "recall": 0.6153846153846154,
     "f1-score": 0.4,
     "support": 13.0
    },
    "2": {
     "precision": 0.5862068965517241,
     "recall": 0.85,
     "f1-score": 0.6938775510204082,
     "support": 20.0
    },
    "3": {
     "precision": 0.7142857142857143,
     "recall": 0.45454545454545453,
     "f1-score": 0.5555555555555556,
     "support": 11.0
    },
    "4": {
     "precision": 0.95897903372835,
     "recall": 0.7951625094482238,
     "f1-score": 0.8694214876033057,
     "support": 1323.0
    },
    "5": {
     "precision": 0.8611111111111112,
     "recall": 0.8942307692307693,
     "f1-score": 0.8773584905660378,
     "support": 104.0
    },
    "6": {
     "precision": 0.956140350877193,
     "recall": 0.923728813559322,
     "f1-score": 0.9396551724137931,
     "support": 118.0
    },
    "7": {
     "precision": 0.9775747508305648,
     "recall": 0.8869630746043707,
     "f1-score": 0.9300671671276175,
     "support": 1327.0
    },
    "8": {
     "precision": 0.8947368421052632,
     "recall": 0.9444444444444444,
     "f1-score": 0.918918918918919,
     "support": 18.0
    },
    "9": {
     "precision": 0.9281767955801105,
     "recall": 0.9307479224376731,
     "f1-score": 0.9294605809128631,
     "support": 361.0
    },
    "10": {
     "precision": 0.9691011235955056,
     "recall": 0.9857142857142858,
     "f1-score": 0.9773371104815864,
     "support": 350.0
    },
    "11": {
     "precision": 0.5875251509054326,
     "recall": 0.8538011695906432,
     "f1-score": 0.6960667461263409,
     "support": 342.0
    },
    "12": {
     "precision": 0.75,
     "recall": 1.0,
     "f1-score": 0.8571428571428571,
     "support": 18.0
    },
    "13": {
     "precision": 0.7894736842105263,
     "recall": 1.0,
     "f1-score": 0.8823529411764706,
     "support": 15.0
    },
    "14": {
     "precision": 0.5185185185185185,
     "recall": 0.5833333333333334,
     "f1-score": 0.5490196078431373,
     "support": 48.0
    },
    "15": {
     "precision": 0.6428571428571429,
     "recall": 0.6923076923076923,
     "f1-score": 0.6666666666666666,
     "support": 13.0
    },
    "16": {
     "precision": 0.8,
     "recall": 1.0,
     "f1-score": 0.8888888888888888,
     "support": 8.0
    },
    "17": {
     "precision": 0.6129032258064516,
     "recall": 1.0,
     "f1-score": 0.76,
     "support": 19.0
    },
    "18": {
     "precision": 0.6521739130434783,
     "recall": 0.7894736842105263,
     "f1-score": 0.7142857142857143,
     "support": 19.0
    },
    "19": {
     "precision": 0.9268635724331927,
     "recall": 0.772567409144197,
     "f1-score": 0.8427109974424553,
     "support": 853.0
    },
    "20": {
     "precision": 0.8571428571428571,
     "recall": 0.75,
     "f1-score": 0.8,
     "support": 8.0
    },
    "21": {
     "precision": 0.7547169811320755,
     "recall": 0.9195402298850575,
     "f1-score": 0.8290155440414507,
     "support": 261.0
    },
    "22": {
     "precision": 0.8035714285714286,
     "recall": 0.9782608695652174,
     "f1-score": 0.8823529411764706,
     "support": 46.0
    },
    "23": {
     "precision": 0.4778761061946903,
     "recall": 0.7941176470588235,
     "f1-score": 0.5966850828729282,
     "support": 68.0
    },
    "24": {
     "precision": 0.9339622641509434,
     "recall": 0.908256880733945,
     "f1-score": 0.9209302325581395,
     "support": 218.0
    },
    "25": {
     "precision": 0.8672566371681416,
     "recall": 0.8672566371681416,
     "f1-score": 0.8672566371681416,
     "support": 113.0
    },
    "26": {
     "precision": 0.8135593220338984,
     "recall": 0.8135593220338984,
     "f1-score": 0.8135593220338984,
     "support": 118.0
    },
    "27": {
     "precision": 0.9981024667931688,
     "recall": 0.994328922495274,
     "f1-score": 0.9962121212121212,
     "support": 529.0
    },
    "28": {
     "precision": 0.12133891213389121,
     "recall": 0.8529411764705882,
     "f1-score": 0.21245421245421245,
     "support": 34.0
    },
    "29": {
     "precision": 0.6905187835420393,
     "recall": 0.9507389162561576,
     "f1-score": 0.8,
     "support": 406.0
    },
    "30": {
     "precision": 0.8827586206896552,
     "recall": 0.9707475622968581,
     "f1-score": 0.9246646026831785,
     "support": 923.0
    },
    "31": {
     "precision": 0.7357142857142858,
     "recall": 0.8728813559322034,
     "f1-score": 0.7984496124031008,
     "support": 118.0
    },
    "32": {
     "precision": 0.09090909090909091,
     "recall": 0.07142857142857142,
     "f1-score": 0.08,
     "support": 14.0
    },
    "33": {
     "precision": 0.8072289156626506,
     "recall": 0.5037593984962406,
     "f1-score": 0.6203703703703703,
     "support": 133.0
    },
    "34": {
     "precision": 0.7262569832402235,
     "recall": 0.9219858156028369,
     "f1-score": 0.8125,
     "support": 141.0
    },
    "35": {
     "precision": 0.9915492957746479,
     "recall": 0.9805013927576601,
     "f1-score": 0.9859943977591037,
     "support": 359.0
    },
    "36": {
     "precision": 0.8780487804878049,
     "recall": 0.9113924050632911,
     "f1-score": 0.8944099378881988,
     "support": 79.0
    },
    "37": {
     "precision": 0.5542168674698795,
     "recall": 0.4742268041237113,
     "f1-score": 0.5111111111111111,
     "support": 97.0
    },
    "38": {
     "precision": 0.855072463768116,
     "recall": 0.855072463768116,
     "f1-score": 0.855072463768116,
     "support": 138.0
    },
    "39": {
     "precision": 0.8482758620689655,
     "recall": 0.8848920863309353,
     "f1-score": 0.8661971830985915,
     "support": 139.0
    },
    "40": {
     "precision": 0.47,
     "recall": 0.23737373737373738,
     "f1-score": 0.31543624161073824,
     "support": 396.0
    },
    "41": {
     "precision": 0.5,
     "recall": 0.7142857142857143,
     "f1-score": 0.5882352941176471,
     "support": 7.0
    },
    "42": {
     "precision": 0.5652173913043478,
     "recall": 0.8666666666666667,
     "f1-score": 0.6842105263157895,
     "support": 15.0
    },
    "43": {
     "precision": 0.9632152588555858,
     "recall": 0.9010195412064571,
     "f1-score": 0.931079894644425,
     "support": 2354.0
    },
    "44": {
     "precision": 0.31222707423580787,
     "recall": 0.8387096774193549,
     "f1-score": 0.45505171042163883,