{
 "dataset": "baron",
 "n_samples": 8569,
 "n_features": 1936,
 "n_classes": 14,
 "n_train": 5098,
 "n_test": 2571,
 "transformer_params": 84484,
 "total_params": 304449,
 "config": {
  "heads": [
   "cell_type"
  ],
  "cohorts": null,
  "n_hvg": null,
  "n_channels": 1,
  "batch_size": 128,
  "val_frac": 0.15,
  "test_frac": 0.15,
  "d_model": 96,
  "n_heads": 4,
  "d_ff": 192,
  "dropout": 0.1,
  "n_markers": 128,
  "marker_mode": "router",
  "pathway_pool": "mean",
  "compress_mode": "aggregate",
  "recursive_marker_refine": true,
  "peak_init": true,
  "anneal_markers": true,
  "recursion_depth": 4,
  "share_weights": true,
  "share_strategy": "cycle",
  "n_unique_blocks": null,
  "step_cache": false,
  "adaptive_depth": false,
  "marker_ffn": false,
  "recursion_mode": "token",
  "router_capacity": null,
  "router_alpha": 1.0,
  "router_temp": 1.0,
  "router_type": "mlp",
  "router_z_coeff": 0.001,
  "router_balance_coeff": 0.1,
  "gene_interaction": "none",
  "interaction_knn": 16,
  "router_prior_beta": 1.0,
  "router_prior_anneal": true,
  "pathway_attn_bias": false,
  "pathway_attn_lambda": 2.0,
  "lambda_marker": 0.1,
  "gamma_diversity": 0.05,
  "beta_compression": 0.01,
  "lr": 0.001,
  "weight_decay": 1e-05,
  "epochs": 80,
  "patience": 12,
  "seed": 0,
  "device": "cuda"
 },
 "heads": {
  "cell_type": {
   "accuracy": 0.8634772462077013,
   "macro_f1": 0.6085837843661309,
   "weighted_f1": 0.8727843061076732,
   "per_class": {
    "0": {
     "precision": 0.946236559139785,
     "recall": 0.9198606271777003,
     "f1-score": 0.9328621908127208,
     "support": 287.0
    },
    "1": {
     "precision": 0.875,
     "recall": 0.7411764705882353,
     "f1-score": 0.802547770700637,
     "support": 85.0
    },
    "2": {
     "precision": 0.9446153846153846,
     "recall": 0.8796561604584527,
     "f1-score": 0.9109792284866469,
     "support": 698.0
    },
    "3": {
     "precision": 0.9535864978902954,
     "recall": 0.8944591029023746,
     "f1-score": 0.9230769230769231,
     "support": 758.0
    },
    "4": {
     "precision": 0.7061611374407583,
     "recall": 0.8277777777777777,
     "f1-score": 0.7621483375959079,
     "support": 180.0
    },
    "5": {
     "precision": 0.9125,
     "recall": 0.9040247678018576,
     "f1-score": 0.9082426127527217,
     "support": 323.0
    },
    "6": {
     "precision": 0.8412698412698413,
     "recall": 0.6973684210526315,
     "f1-score": 0.762589928057554,
     "support": 76.0
    },
    "7": {
     "precision": 0.058823529411764705,
     "recall": 0.2,
     "f1-score": 0.09090909090909091,
     "support": 5.0
    },
    "8": {
     "precision": 0.3709677419354839,
     "recall": 0.5974025974025974,
     "f1-score": 0.4577114427860697,
     "support": 77.0
    },
    "9": {
     "precision": 0.6818181818181818,
     "recall": 0.8823529411764706,
     "f1-score": 0.7692307692307693,
     "support": 17.0
    },
    "10": {
     "precision": 0.2222222222222222,
     "recall": 0.2857142857142857,
     "f1-score": 0.25,
     "support": 7.0
    },
    "11": {
     "precision": 0.5061728395061729,
     "recall": 0.7884615384615384,
     "f1-score": 0.6165413533834586,
     "support": 52.0
    },
    "12": {
     "precision": 0.25,
     "recall": 0.5,
     "f1-score": 0.3333333333333333,
     "support": 4.0
    },
    "13": {
     "precision": 0.0,
     "recall": 0.0,
     "f1-score": 0.0,
     "support": 2.0
    },
    "accuracy": 0.8634772462077013,
    "macro avg": {
     "precision": 0.5906695668035635,
     "recall": 0.6513039064652802,
     "f1-score": 0.6085837843661309,
     "support": 2571.0
    },
    "weighted avg": {
     "precision": 0.8880646033015254,
     "recall": 0.8634772462077013,
     "f1-score": 0.8727843061076732,
     "support": 2571.0
    }
   }
  }
 }
}