{
 "dataset": "common_class",
 "n_samples": 27499,
 "n_features": 1089,
 "n_classes": 19,
 "n_train": 16361,
 "n_test": 8250,
 "transformer_params": 84484,
 "total_params": 224107,
 "config": {
  "heads": [
   "cell_type"
  ],
  "cohorts": null,
  "n_hvg": null,
  "n_channels": 1,
  "batch_size": 128,
  "val_frac": 0.15,
  "test_frac": 0.15,
  "d_model": 96,
  "n_heads": 4,
  "d_ff": 192,
  "dropout": 0.1,
  "n_markers": 128,
  "marker_mode": "router",
  "pathway_pool": "mean",
  "compress_mode": "aggregate",
  "recursive_marker_refine": true,
  "peak_init": true,
  "anneal_markers": true,
  "recursion_depth": 4,
  "share_weights": true,
  "share_strategy": "cycle",
  "n_unique_blocks": null,
  "step_cache": false,
  "adaptive_depth": false,
  "marker_ffn": false,
  "recursion_mode": "token",
  "router_capacity": null,
  "router_alpha": 1.0,
  "router_temp": 1.0,
  "router_type": "mlp",
  "router_z_coeff": 0.001,
  "router_balance_coeff": 0.1,
  "gene_interaction": "none",
  "interaction_knn": 16,
  "router_prior_beta": 1.0,
  "router_prior_anneal": true,
  "pathway_attn_bias": false,
  "pathway_attn_lambda": 2.0,
  "lambda_marker": 0.1,
  "gamma_diversity": 0.05,
  "beta_compression": 0.01,
  "lr": 0.001,
  "weight_decay": 1e-05,
  "epochs": 80,
  "patience": 12,
  "seed": 0,
  "device": "cuda"
 },
 "heads": {
  "cell_type": {
   "accuracy": 0.7787878787878788,
   "macro_f1": 0.6435620857153967,
   "weighted_f1": 0.7854340563571792,
   "per_class": {
    "0": {
     "precision": 0.5217391304347826,
     "recall": 0.7894736842105263,
     "f1-score": 0.6282722513089005,
     "support": 76.0
    },
    "1": {
     "precision": 0.7469135802469136,
     "recall": 0.37003058103975534,
     "f1-score": 0.4948875255623722,
     "support": 327.0
    },
    "2": {
     "precision": 0.44021739130434784,
     "recall": 0.680672268907563,
     "f1-score": 0.5346534653465347,
     "support": 238.0
    },
    "3": {
     "precision": 0.6057692307692307,
     "recall": 0.7544910179640718,
     "f1-score": 0.672,
     "support": 167.0
    },
    "4": {
     "precision": 0.34935897435897434,
     "recall": 0.68125,
     "f1-score": 0.461864406779661,
     "support": 160.0
    },
    "5": {
     "precision": 0.6310160427807486,
     "recall": 0.4816326530612245,
     "f1-score": 0.5462962962962963,
     "support": 245.0
    },
    "6": {
     "precision": 0.3389830508474576,
     "recall": 0.5042016806722689,
     "f1-score": 0.40540540540540543,
     "support": 119.0
    },
    "7": {
     "precision": 0.8415384615384616,
     "recall": 0.8152011922503726,
     "f1-score": 0.8281604844814534,
     "support": 671.0
    },
    "8": {
     "precision": 0.39473684210526316,
     "recall": 0.3125,
     "f1-score": 0.3488372093023256,
     "support": 144.0
    },
    "9": {
     "precision": 0.5392491467576792,
     "recall": 0.7669902912621359,
     "f1-score": 0.6332665330661322,
     "support": 412.0
    },
    "10": {
     "precision": 0.5450236966824644,
     "recall": 0.6927710843373494,
     "f1-score": 0.610079575596817,
     "support": 166.0
    },
    "11": {
     "precision": 0.7175141242937854,
     "recall": 0.7455968688845401,
     "f1-score": 0.7312859884836852,
     "support": 511.0
    },
    "12": {
     "precision": 0.7377326565143824,
     "recall": 0.8257575757575758,
     "f1-score": 0.7792672028596962,
     "support": 528.0
    },
    "13": {
     "precision": 0.5161290322580645,
     "recall": 0.5106382978723404,
     "f1-score": 0.5133689839572193,
     "support": 94.0
    },
    "14": {
     "precision": 0.9285714285714286,
     "recall": 0.9285714285714286,
     "f1-score": 0.9285714285714286,
     "support": 14.0
    },
    "15": {
     "precision": 0.47651006711409394,
     "recall": 0.35323383084577115,
     "f1-score": 0.4057142857142857,
     "support": 201.0
    },
    "16": {
     "precision": 0.9806157354618016,
     "recall": 0.9728506787330317,
     "f1-score": 0.97671777399205,
     "support": 884.0
    },
    "17": {
     "precision": 0.9801255230125523,
     "recall": 0.8606858542559707,
     "f1-score": 0.9165308118682752,
     "support": 3266.0
    },
    "18": {
     "precision": 0.7027027027027027,
     "recall": 0.9629629629629629,
     "f1-score": 0.8125,
     "support": 27.0
    },
    "accuracy": 0.7787878787878788,
    "macro avg": {
     "precision": 0.6312866746186913,
     "recall": 0.6847111553467837,
     "f1-score": 0.6435620857153967,
     "support": 8250.0
    },
    "weighted avg": {
     "precision": 0.8091172016699729,
     "recall": 0.7787878787878788,
     "f1-score": 0.7854340563571792,
     "support": 8250.0
    }
   }
  }
 }
}