{
 "dataset": "prototype",
 "n_samples": 90579,
 "n_features": 752,
 "n_classes": 10,
 "n_train": 53894,
 "n_test": 27174,
 "transformer_params": 84484,
 "total_params": 190009,
 "config": {
  "heads": [
   "cell_type"
  ],
  "cohorts": null,
  "n_hvg": null,
  "n_channels": 1,
  "batch_size": 128,
  "val_frac": 0.15,
  "test_frac": 0.15,
  "d_model": 96,
  "n_heads": 4,
  "d_ff": 192,
  "dropout": 0.1,
  "n_markers": 128,
  "marker_mode": "router",
  "pathway_pool": "mean",
  "compress_mode": "aggregate",
  "recursive_marker_refine": true,
  "peak_init": true,
  "anneal_markers": true,
  "recursion_depth": 4,
  "share_weights": true,
  "share_strategy": "cycle",
  "n_unique_blocks": null,
  "step_cache": false,
  "adaptive_depth": false,
  "marker_ffn": false,
  "recursion_mode": "token",
  "router_capacity": null,
  "router_alpha": 1.0,
  "router_temp": 1.0,
  "router_type": "mlp",
  "router_z_coeff": 0.001,
  "router_balance_coeff": 0.1,
  "gene_interaction": "none",
  "interaction_knn": 16,
  "router_prior_beta": 1.0,
  "router_prior_anneal": true,
  "pathway_attn_bias": false,
  "pathway_attn_lambda": 2.0,
  "lambda_marker": 0.1,
  "gamma_diversity": 0.05,
  "beta_compression": 0.01,
  "lr": 0.001,
  "weight_decay": 1e-05,
  "epochs": 80,
  "patience": 12,
  "seed": 0,
  "device": "cuda"
 },
 "heads": {
  "cell_type": {
   "accuracy": 0.9468241701626555,
   "macro_f1": 0.9404433720039254,
   "weighted_f1": 0.9467620346945319,
   "per_class": {
    "0": {
     "precision": 0.9554285714285714,
     "recall": 0.9732246798603027,
     "f1-score": 0.9642445213379469,
     "support": 859.0
    },
    "1": {
     "precision": 0.9603567888999008,
     "recall": 0.954679802955665,
     "f1-score": 0.9575098814229249,
     "support": 1015.0
    },
    "2": {
     "precision": 0.9449112978524743,
     "recall": 0.9431500465983225,
     "f1-score": 0.9440298507462687,
     "support": 2146.0
    },
    "3": {
     "precision": 0.9500195236235845,
     "recall": 0.9597633136094674,
     "f1-score": 0.9548665620094191,
     "support": 2535.0
    },
    "4": {
     "precision": 0.9021871202916161,
     "recall": 0.8735294117647059,
     "f1-score": 0.8876270173341303,
     "support": 1700.0
    },
    "5": {
     "precision": 0.8722426470588235,
     "recall": 0.8898265353961556,
     "f1-score": 0.8809468554188907,
     "support": 2133.0
    },
    "6": {
     "precision": 0.9245567710298,
     "recall": 0.9087875417130145,
     "f1-score": 0.9166043380703066,
     "support": 2697.0
    },
    "7": {
     "precision": 0.9602088584803745,
     "recall": 0.9590001798237727,
     "f1-score": 0.959604138551507,
     "support": 5561.0
    },
    "8": {
     "precision": 0.9522553415985228,
     "recall": 0.9522553415985228,
     "f1-score": 0.9522553415985228,
     "support": 3791.0
    },
    "9": {
     "precision": 0.9834346823233382,
     "recall": 0.9900781085074942,
     "f1-score": 0.9867452135493373,
     "support": 4737.0
    },
    "accuracy": 0.9468241701626555,
    "macro avg": {
     "precision": 0.9405601602587005,
     "recall": 0.9404294961827423,
     "f1-score": 0.9404433720039254,
     "support": 27174.0
    },
    "weighted avg": {
     "precision": 0.9467707093354804,
     "recall": 0.9468241701626555,
     "f1-score": 0.9467620346945319,
     "support": 27174.0
    }
   }
  }
 }
}