{
 "dataset": "Spleen",
 "mode": "learned_anchor",
 "K": 4,
 "seed": 0,
 "n_markers": 128,
 "test_macro_f1": 48.92114260918468,
 "test_accuracy": 58.98225857856156,
 "val_macro_f1": 50.08817432136253,
 "n_features": 1089,
 "n_classes": 28,
 "n_samples": 94129,
 "learned_lambda": 0.4636237621307373,
 "bio_anchor_have": true
}