{
 "dataset": "Spleen",
 "mode": "learned_anchor",
 "K": 4,
 "seed": 2,
 "n_markers": 128,
 "test_macro_f1": 56.15850541306598,
 "test_accuracy": 64.69775841920747,
 "val_macro_f1": 54.0605274475219,
 "n_features": 1089,
 "n_classes": 28,
 "n_samples": 94129,
 "learned_lambda": 0.40627583861351013,
 "bio_anchor_have": true
}