{
 "dataset": "Spleen",
 "mode": "learned_anchor",
 "K": 4,
 "seed": 1,
 "n_markers": 128,
 "test_macro_f1": 49.124829449636664,
 "test_accuracy": 60.73515351110167,
 "val_macro_f1": 50.97756832154351,
 "n_features": 1089,
 "n_classes": 28,
 "n_samples": 94129,
 "learned_lambda": 0.5482614636421204,
 "bio_anchor_have": true
}