{
 "dataset": "baron",
 "n_samples": 8569,
 "n_features": 1936,
 "n_classes": 14,
 "n_train": 5098,
 "n_test": 2571,
 "transformer_params": 75168,
 "total_params": 295133,
 "config": {
  "heads": [
   "cell_type"
  ],
  "cohorts": null,
  "n_hvg": null,
  "n_channels": 1,
  "batch_size": 128,
  "val_frac": 0.15,
  "test_frac": 0.15,
  "d_model": 96,
  "n_heads": 4,
  "d_ff": 192,
  "dropout": 0.1,
  "n_markers": 128,
  "marker_mode": "router",
  "pathway_pool": "mean",
  "compress_mode": "aggregate",
  "recursive_marker_refine": true,
  "peak_init": true,
  "anneal_markers": true,
  "recursion_depth": 4,
  "share_weights": true,
  "share_strategy": "cycle",
  "n_unique_blocks": null,
  "step_cache": false,
  "adaptive_depth": false,
  "marker_ffn": false,
  "recursion_mode": "expert",
  "router_capacity": null,
  "router_alpha": 1.0,
  "router_temp": 1.0,
  "router_type": "linear",
  "router_z_coeff": 0.001,
  "router_balance_coeff": 0.1,
  "gene_interaction": "none",
  "interaction_knn": 16,
  "router_prior_beta": 1.0,
  "router_prior_anneal": true,
  "pathway_attn_bias": false,
  "pathway_attn_lambda": 2.0,
  "lambda_marker": 0.1,
  "gamma_diversity": 0.05,
  "beta_compression": 0.01,
  "lr": 0.001,
  "weight_decay": 1e-05,
  "epochs": 80,
  "patience": 12,
  "seed": 0,
  "device": "cuda"
 },
 "heads": {
  "cell_type": {
   "accuracy": 0.8603656164916375,
   "macro_f1": 0.603196527572123,
   "weighted_f1": 0.869132417081212,
   "per_class": {
    "0": {
     "precision": 0.9093959731543624,
     "recall": 0.9442508710801394,
     "f1-score": 0.9264957264957265,
     "support": 287.0
    },
    "1": {
     "precision": 0.693069306930693,
     "recall": 0.8235294117647058,
     "f1-score": 0.7526881720430108,
     "support": 85.0
    },
    "2": {
     "precision": 0.9741935483870968,
     "recall": 0.8653295128939829,
     "f1-score": 0.9165402124430956,
     "support": 698.0
    },
    "3": {
     "precision": 0.9638728323699421,
     "recall": 0.8799472295514512,
     "f1-score": 0.92,
     "support": 758.0
    },
    "4": {
     "precision": 0.6085106382978723,
     "recall": 0.7944444444444444,
     "f1-score": 0.689156626506024,
     "support": 180.0
    },
    "5": {
     "precision": 0.926984126984127,
     "recall": 0.9040247678018576,
     "f1-score": 0.9153605015673981,
     "support": 323.0
    },
    "6": {
     "precision": 0.7702702702702703,
     "recall": 0.75,
     "f1-score": 0.76,
     "support": 76.0
    },
    "7": {
     "precision": 0.16666666666666666,
     "recall": 0.2,
     "f1-score": 0.18181818181818182,
     "support": 5.0
    },
    "8": {
     "precision": 0.4,
     "recall": 0.7792207792207793,
     "f1-score": 0.5286343612334802,
     "support": 77.0
    },
    "9": {
     "precision": 0.631578947368421,
     "recall": 0.7058823529411765,
     "f1-score": 0.6666666666666666,
     "support": 17.0
    },
    "10": {
     "precision": 0.3,
     "recall": 0.42857142857142855,
     "f1-score": 0.35294117647058826,
     "support": 7.0
    },
    "11": {
     "precision": 0.7209302325581395,
     "recall": 0.5961538461538461,
     "f1-score": 0.6526315789473685,
     "support": 52.0
    },
    "12": {
     "precision": 0.14285714285714285,
     "recall": 0.25,
     "f1-score": 0.18181818181818182,
     "support": 4.0
    },
    "13": {
     "precision": 0.0,
     "recall": 0.0,
     "f1-score": 0.0,
     "support": 2.0
    },
    "accuracy": 0.8603656164916375,
    "macro avg": {
     "precision": 0.586309263274624,
     "recall": 0.6372396174588436,
     "f1-score": 0.603196527572123,
     "support": 2571.0
    },
    "weighted avg": {
     "precision": 0.8870200480933877,
     "recall": 0.8603656164916375,
     "f1-score": 0.869132417081212,
     "support": 2571.0
    }
   }
  }
 }
}