{
 "dataset": "common_class",
 "n_samples": 27499,
 "n_features": 1089,
 "n_classes": 19,
 "n_train": 16361,
 "n_test": 8250,
 "transformer_params": 75168,
 "total_params": 214791,
 "config": {
  "heads": [
   "cell_type"
  ],
  "cohorts": null,
  "n_hvg": null,
  "n_channels": 1,
  "batch_size": 128,
  "val_frac": 0.15,
  "test_frac": 0.15,
  "d_model": 96,
  "n_heads": 4,
  "d_ff": 192,
  "dropout": 0.1,
  "n_markers": 128,
  "marker_mode": "router",
  "pathway_pool": "mean",
  "compress_mode": "aggregate",
  "recursive_marker_refine": true,
  "peak_init": true,
  "anneal_markers": true,
  "recursion_depth": 4,
  "share_weights": true,
  "share_strategy": "cycle",
  "n_unique_blocks": null,
  "step_cache": false,
  "adaptive_depth": false,
  "marker_ffn": false,
  "recursion_mode": "expert",
  "router_capacity": null,
  "router_alpha": 1.0,
  "router_temp": 1.0,
  "router_type": "linear",
  "router_z_coeff": 0.001,
  "router_balance_coeff": 0.1,
  "gene_interaction": "none",
  "interaction_knn": 16,
  "router_prior_beta": 1.0,
  "router_prior_anneal": true,
  "pathway_attn_bias": false,
  "pathway_attn_lambda": 2.0,
  "lambda_marker": 0.1,
  "gamma_diversity": 0.05,
  "beta_compression": 0.01,
  "lr": 0.001,
  "weight_decay": 1e-05,
  "epochs": 80,
  "patience": 12,
  "seed": 0,
  "device": "cuda"
 },
 "heads": {
  "cell_type": {
   "accuracy": 0.8192727272727273,
   "macro_f1": 0.6858588136090825,
   "weighted_f1": 0.8260579718736764,
   "per_class": {
    "0": {
     "precision": 0.5106382978723404,
     "recall": 0.631578947368421,
     "f1-score": 0.5647058823529412,
     "support": 76.0
    },
    "1": {
     "precision": 0.603030303030303,
     "recall": 0.6085626911314985,
     "f1-score": 0.6057838660578386,
     "support": 327.0
    },
    "2": {
     "precision": 0.46096654275092935,
     "recall": 0.5210084033613446,
     "f1-score": 0.4891518737672584,
     "support": 238.0
    },
    "3": {
     "precision": 0.5608695652173913,
     "recall": 0.7724550898203593,
     "f1-score": 0.6498740554156172,
     "support": 167.0
    },
    "4": {
     "precision": 0.653179190751445,
     "recall": 0.70625,
     "f1-score": 0.6786786786786787,
     "support": 160.0
    },
    "5": {
     "precision": 0.7474226804123711,
     "recall": 0.5918367346938775,
     "f1-score": 0.6605922551252847,
     "support": 245.0
    },
    "6": {
     "precision": 0.483695652173913,
     "recall": 0.7478991596638656,
     "f1-score": 0.5874587458745875,
     "support": 119.0
    },
    "7": {
     "precision": 0.9008,
     "recall": 0.8390461997019374,
     "f1-score": 0.8688271604938271,
     "support": 671.0
    },
    "8": {
     "precision": 0.3392226148409894,
     "recall": 0.6666666666666666,
     "f1-score": 0.4496487119437939,
     "support": 144.0
    },
    "9": {
     "precision": 0.6966292134831461,
     "recall": 0.45145631067961167,
     "f1-score": 0.5478645066273933,
     "support": 412.0
    },
    "10": {
     "precision": 0.5346534653465347,
     "recall": 0.6506024096385542,
     "f1-score": 0.5869565217391305,
     "support": 166.0
    },
    "11": {
     "precision": 0.7808510638297872,
     "recall": 0.7181996086105675,
     "f1-score": 0.7482161060142711,
     "support": 511.0
    },
    "12": {
     "precision": 0.8628571428571429,
     "recall": 0.8579545454545454,
     "f1-score": 0.8603988603988604,
     "support": 528.0
    },
    "13": {
     "precision": 0.30434782608695654,
     "recall": 0.7446808510638298,
     "f1-score": 0.43209876543209874,
     "support": 94.0
    },
    "14": {
     "precision": 1.0,
     "recall": 0.9285714285714286,
     "f1-score": 0.9629629629629629,
     "support": 14.0
    },
    "15": {
     "precision": 0.6791044776119403,
     "recall": 0.4527363184079602,
     "f1-score": 0.5432835820895522,
     "support": 201.0
    },
    "16": {
     "precision": 0.9884393063583815,
     "recall": 0.9671945701357466,
     "f1-score": 0.9777015437392796,
     "support": 884.0
    },
    "17": {
     "precision": 0.9859335038363172,
     "recall": 0.9442743417023882,
     "f1-score": 0.9646543634657492,
     "support": 3266.0
    },
    "18": {
     "precision": 0.7647058823529411,
     "recall": 0.9629629629629629,
     "f1-score": 0.8524590163934426,
     "support": 27.0
    },
    "accuracy": 0.8192727272727273,
    "macro avg": {
     "precision": 0.6767024594112017,
     "recall": 0.7244177494545034,
     "f1-score": 0.6858588136090825,
     "support": 8250.0
    },
    "weighted avg": {
     "precision": 0.8438555929377444,
     "recall": 0.8192727272727273,
     "f1-score": 0.8260579718736764,
     "support": 8250.0
    }
   }
  }
 }
}