{
 "dataset": "segerstolpe",
 "arch": "recursive",
 "K": 4,
 "seed": 0,
 "test_macro_f1": 8.380981626909211,
 "test_accuracy": 16.95447409733124,
 "transformer_params": 74784,
 "total_params": 293973,
 "n_markers": 128,
 "d_model": 96,
 "d_ff": 192,
 "flops_nominal": 62914560.0,
 "flops_effective": 62914560.0,
 "compute_saving": 0.0
}