{
 "dataset": "segerstolpe",
 "arch": "vanilla",
 "K": 4,
 "seed": 2,
 "test_macro_f1": 8.148837822890398,
 "test_accuracy": 21.978021978021978,
 "transformer_params": 299136,
 "total_params": 518325,
 "n_markers": 128,
 "d_model": 96,
 "d_ff": 192,
 "flops_nominal": 62914560.0,
 "flops_effective": 62914560.0,
 "compute_saving": 0.0
}