{
 "dataset": "segerstolpe",
 "arch": "vanilla",
 "K": 4,
 "seed": 1,
 "test_macro_f1": 10.153937179610768,
 "test_accuracy": 17.111459968602826,
 "transformer_params": 299136,
 "total_params": 518325,
 "n_markers": 128,
 "d_model": 96,
 "d_ff": 192,
 "flops_nominal": 62914560.0,
 "flops_effective": 62914560.0,
 "compute_saving": 0.0
}