{
 "dataset": "Xin",
 "mode": "learned",
 "K": 4,
 "seed": 1,
 "n_markers": 512,
 "test_macro_f1": 71.90948355205144,
 "test_accuracy": 88.83928571428571,
 "n_features": 2000,
 "n_classes": 4,
 "n_samples": 1492,
 "learned_lambda": 0.2173238843679428
}