{
 "dataset": "Xin",
 "mode": "learned",
 "K": 4,
 "seed": 2,
 "n_markers": 512,
 "test_macro_f1": 70.026550205935,
 "test_accuracy": 89.73214285714286,
 "n_features": 2000,
 "n_classes": 4,
 "n_samples": 1492,
 "learned_lambda": 0.21539786458015442
}