{
 "dataset": "Xin",
 "mode": "learned",
 "K": 4,
 "seed": 0,
 "n_markers": 512,
 "test_macro_f1": 49.28050606016707,
 "test_accuracy": 86.38392857142857,
 "n_features": 2000,
 "n_classes": 4,
 "n_samples": 1492,
 "learned_lambda": 0.2054898738861084
}