{
 "dataset": "pancreas",
 "n_samples": 14767,
 "n_features": 1936,
 "n_classes": 15,
 "n_train": 10744,
 "n_test": 2127,
 "transformer_params": 75168,
 "total_params": 295327,
 "config": {
  "heads": [
   "cell_type"
  ],
  "cohorts": null,
  "n_hvg": null,
  "batch_size": 128,
  "val_frac": 0.15,
  "test_frac": 0.15,
  "d_model": 96,
  "n_heads": 4,
  "d_ff": 192,
  "dropout": 0.1,
  "n_markers": 128,
  "marker_mode": "router",
  "compress_mode": "aggregate",
  "recursive_marker_refine": true,
  "peak_init": true,
  "anneal_markers": true,
  "recursion_depth": 4,
  "share_weights": true,
  "adaptive_depth": false,
  "marker_ffn": false,
  "recursion_mode": "token",
  "router_capacity": null,
  "router_alpha": 1.0,
  "router_temp": 1.0,
  "router_type": "linear",
  "router_z_coeff": 0.001,
  "router_balance_coeff": 0.1,
  "gene_interaction": "none",
  "interaction_knn": 16,
  "router_prior_beta": 1.0,
  "router_prior_anneal": true,
  "lambda_marker": 0.1,
  "gamma_diversity": 0.05,
  "beta_compression": 0.01,
  "lr": 0.001,
  "weight_decay": 1e-05,
  "epochs": 150,
  "patience": 15,
  "seed": 0,
  "device": "cuda"
 },
 "heads": {
  "cell_type": {
   "accuracy": 0.8965679360601787,
   "macro_f1": 0.514273252759556,
   "weighted_f1": 0.8982962877919818,
   "per_class": {
    "0": {
     "precision": 0.0,
     "recall": 0.0,
     "f1-score": 0.0,
     "support": 5.0
    },
    "1": {
     "precision": 0.9887005649717514,
     "recall": 0.9459459459459459,
     "f1-score": 0.9668508287292817,
     "support": 185.0
    },
    "2": {
     "precision": 0.9830713422007256,
     "recall": 0.917607223476298,
     "f1-score": 0.9492119089316988,
     "support": 886.0
    },
    "3": {
     "precision": 0.9045936395759717,
     "recall": 0.9481481481481482,
     "f1-score": 0.9258589511754068,
     "support": 270.0
    },
    "4": {
     "precision": 0.7394366197183099,
     "recall": 0.9210526315789473,
     "f1-score": 0.8203125,
     "support": 114.0
    },
    "5": {
     "precision": 0.9670050761421319,
     "recall": 0.9870466321243523,
     "f1-score": 0.9769230769230769,
     "support": 386.0
    },
    "6": {
     "precision": 1.0,
     "recall": 1.0,
     "f1-score": 1.0,
     "support": 16.0
    },
    "7": {
     "precision": 1.0,
     "recall": 0.5714285714285714,
     "f1-score": 0.7272727272727273,
     "support": 7.0
    },
    "8": {
     "precision": 0.6814159292035398,
     "recall": 0.7817258883248731,
     "f1-score": 0.7281323877068558,
     "support": 197.0
    },
    "9": {
     "precision": 0.0,
     "recall": 0.0,
     "f1-score": 0.0,
     "support": 0.0
    },
    "10": {
     "precision": 0.0,
     "recall": 0.0,
     "f1-score": 0.0,
     "support": 7.0
    },
    "11": {
     "precision": 0.0,
     "recall": 0.0,
     "f1-score": 0.0,
     "support": 0.0
    },
    "13": {
     "precision": 1.0,
     "recall": 0.05555555555555555,
     "f1-score": 0.10526315789473684,
     "support": 54.0
    },
    "14": {
     "precision": 0.0,
     "recall": 0.0,
     "f1-score": 0.0,
     "support": 0.0
    },
    "accuracy": 0.8965679360601787,
    "macro avg": {
     "precision": 0.5903016551294593,
     "recall": 0.509179328327335,
     "f1-score": 0.514273252759556,
     "support": 2127.0
    },
    "weighted avg": {
     "precision": 0.9247530646389172,
     "recall": 0.8965679360601787,
     "f1-score": 0.8982962877919818,
     "support": 2127.0
    }
   }
  }
 }
}