{
 "dataset": "tabula_muris",
 "n_samples": 54865,
 "n_features": 1089,
 "n_classes": 55,
 "n_train": 32645,
 "n_test": 16458,
 "transformer_params": 75168,
 "total_params": 221775,
 "config": {
  "heads": [
   "cell_type"
  ],
  "cohorts": null,
  "n_hvg": null,
  "batch_size": 128,
  "val_frac": 0.15,
  "test_frac": 0.15,
  "d_model": 96,
  "n_heads": 4,
  "d_ff": 192,
  "dropout": 0.1,
  "n_markers": 128,
  "marker_mode": "router",
  "compress_mode": "aggregate",
  "recursive_marker_refine": true,
  "peak_init": true,
  "anneal_markers": true,
  "recursion_depth": 4,
  "share_weights": true,
  "adaptive_depth": false,
  "marker_ffn": false,
  "recursion_mode": "token",
  "router_capacity": null,
  "router_alpha": 1.0,
  "router_temp": 1.0,
  "router_type": "linear",
  "router_z_coeff": 0.001,
  "router_balance_coeff": 0.1,
  "gene_interaction": "none",
  "interaction_knn": 16,
  "router_prior_beta": 1.0,
  "router_prior_anneal": true,
  "lambda_marker": 0.1,
  "gamma_diversity": 0.05,
  "beta_compression": 0.01,
  "lr": 0.001,
  "weight_decay": 1e-05,
  "epochs": 150,
  "patience": 15,
  "seed": 0,
  "device": "cuda"
 },
 "heads": {
  "cell_type": {
   "accuracy": 0.8524122007534329,
   "macro_f1": 0.7491786627129832,
   "weighted_f1": 0.8480087022859076,
   "per_class": {
    "0": {
     "precision": 0.9379548065875144,
     "recall": 0.9843247588424437,
     "f1-score": 0.960580505981565,
     "support": 2488.0
    },
    "1": {
     "precision": 0.25925925925925924,
     "recall": 0.5384615384615384,
     "f1-score": 0.35,
     "support": 13.0
    },
    "2": {
     "precision": 0.6363636363636364,
     "recall": 0.7,
     "f1-score": 0.6666666666666666,
     "support": 20.0
    },
    "3": {
     "precision": 0.7777777777777778,
     "recall": 0.6363636363636364,
     "f1-score": 0.7,
     "support": 11.0
    },
    "4": {
     "precision": 0.9306759098786829,
     "recall": 0.8117913832199547,
     "f1-score": 0.8671780379491321,
     "support": 1323.0
    },
    "5": {
     "precision": 0.9108910891089109,
     "recall": 0.8846153846153846,
     "f1-score": 0.8975609756097561,
     "support": 104.0
    },
    "6": {
     "precision": 0.9354838709677419,
     "recall": 0.9830508474576272,
     "f1-score": 0.9586776859504132,
     "support": 118.0
    },
    "7": {
     "precision": 0.9527078565980168,
     "recall": 0.9412207987942728,
     "f1-score": 0.9469294920394238,
     "support": 1327.0
    },
    "8": {
     "precision": 0.5833333333333334,
     "recall": 0.7777777777777778,
     "f1-score": 0.6666666666666666,
     "support": 18.0
    },
    "9": {
     "precision": 0.8768472906403941,
     "recall": 0.9861495844875346,
     "f1-score": 0.9282920469361148,
     "support": 361.0
    },
    "10": {
     "precision": 0.9664804469273743,
     "recall": 0.9885714285714285,
     "f1-score": 0.9774011299435028,
     "support": 350.0
    },
    "11": {
     "precision": 0.5200729927007299,
     "recall": 0.8333333333333334,
     "f1-score": 0.6404494382022472,
     "support": 342.0
    },
    "12": {
     "precision": 0.8181818181818182,
     "recall": 1.0,
     "f1-score": 0.9,
     "support": 18.0
    },
    "13": {
     "precision": 0.8823529411764706,
     "recall": 1.0,
     "f1-score": 0.9375,
     "support": 15.0
    },
    "14": {
     "precision": 0.5,
     "recall": 0.625,
     "f1-score": 0.5555555555555556,
     "support": 48.0
    },
    "15": {
     "precision": 0.34375,
     "recall": 0.8461538461538461,
     "f1-score": 0.4888888888888889,
     "support": 13.0
    },
    "16": {
     "precision": 0.5714285714285714,
     "recall": 0.5,
     "f1-score": 0.5333333333333333,
     "support": 8.0
    },
    "17": {
     "precision": 0.8181818181818182,
     "recall": 0.9473684210526315,
     "f1-score": 0.8780487804878049,
     "support": 19.0
    },
    "18": {
     "precision": 0.7083333333333334,
     "recall": 0.8947368421052632,
     "f1-score": 0.7906976744186046,
     "support": 19.0
    },
    "19": {
     "precision": 0.9038189533239038,
     "recall": 0.7491207502930832,
     "f1-score": 0.8192307692307692,
     "support": 853.0
    },
    "20": {
     "precision": 1.0,
     "recall": 0.25,
     "f1-score": 0.4,
     "support": 8.0
    },
    "21": {
     "precision": 0.795774647887324,
     "recall": 0.8659003831417624,
     "f1-score": 0.8293577981651377,
     "support": 261.0
    },
    "22": {
     "precision": 0.8113207547169812,
     "recall": 0.9347826086956522,
     "f1-score": 0.8686868686868687,
     "support": 46.0
    },
    "23": {
     "precision": 0.796875,
     "recall": 0.75,
     "f1-score": 0.7727272727272727,
     "support": 68.0
    },
    "24": {
     "precision": 0.9369369369369369,
     "recall": 0.9541284403669725,
     "f1-score": 0.9454545454545454,
     "support": 218.0
    },
    "25": {
     "precision": 0.8828828828828829,
     "recall": 0.8672566371681416,
     "f1-score": 0.875,
     "support": 113.0
    },
    "26": {
     "precision": 0.8938053097345132,
     "recall": 0.8559322033898306,
     "f1-score": 0.8744588744588745,
     "support": 118.0
    },
    "27": {
     "precision": 0.996219281663516,
     "recall": 0.996219281663516,
     "f1-score": 0.996219281663516,
     "support": 529.0
    },
    "28": {
     "precision": 0.8055555555555556,
     "recall": 0.8529411764705882,
     "f1-score": 0.8285714285714286,
     "support": 34.0
    },
    "29": {
     "precision": 0.918854415274463,
     "recall": 0.9482758620689655,
     "f1-score": 0.9333333333333333,
     "support": 406.0
    },
    "30": {
     "precision": 0.9298056155507559,
     "recall": 0.9328277356446371,
     "f1-score": 0.9313142239048134,
     "support": 923.0
    },
    "31": {
     "precision": 0.6167664670658682,
     "recall": 0.8728813559322034,
     "f1-score": 0.7228070175438597,
     "support": 118.0
    },
    "32": {
     "precision": 0.14285714285714285,
     "recall": 0.21428571428571427,
     "f1-score": 0.17142857142857143,
     "support": 14.0
    },
    "33": {
     "precision": 0.8269230769230769,
     "recall": 0.6466165413533834,
     "f1-score": 0.7257383966244726,
     "support": 133.0
    },
    "34": {
     "precision": 0.7670454545454546,
     "recall": 0.9574468085106383,
     "f1-score": 0.8517350157728707,
     "support": 141.0
    },
    "35": {
     "precision": 0.9861111111111112,
     "recall": 0.9888579387186629,
     "f1-score": 0.9874826147426982,
     "support": 359.0
    },
    "36": {
     "precision": 0.9176470588235294,
     "recall": 0.9873417721518988,
     "f1-score": 0.9512195121951219,
     "support": 79.0
    },
    "37": {
     "precision": 0.44715447154471544,
     "recall": 0.5670103092783505,
     "f1-score": 0.5,
     "support": 97.0
    },
    "38": {
     "precision": 0.9154929577464789,
     "recall": 0.9420289855072463,
     "f1-score": 0.9285714285714286,
     "support": 138.0
    },
    "39": {
     "precision": 0.8321167883211679,
     "recall": 0.8201438848920863,
     "f1-score": 0.8260869565217391,
     "support": 139.0
    },
    "40": {
     "precision": 0.4975369458128079,
     "recall": 0.255050505050505,
     "f1-score": 0.337228714524207,
     "support": 396.0
    },
    "41": {
     "precision": 0.4444444444444444,
     "recall": 0.5714285714285714,
     "f1-score": 0.5,
     "support": 7.0
    },
    "42": {
     "precision": 0.65,
     "recall": 0.8666666666666667,
     "f1-score": 0.7428571428571429,
     "support": 15.0
    },
    "43": {
     "precision": 0.9518123667377398,
     "recall": 0.9481733220050977,
     "f1-score": 0.9499893594381783,
     "support": 2354.0
    },
    "44": {
     "precision": 0.36363636363636365,
     "recall": 0.9032258064516129,
     "f1-score": 0.5185185185185185,
     "support": 341.0
    },
    "45": {
     "precision": 0.8375,
     "recall": 0.8535031847133758,
     "f1-score": 0.8454258675078864,
     "support": 157.0
    },
    "46": {
     "precision": 0.38461538461538464,