{
 "dataset": "baron",
 "n_samples": 8569,
 "n_features": 1936,
 "n_classes": 14,
 "n_train": 5098,
 "n_test": 2571,
 "transformer_params": 297792,
 "total_params": 774557,
 "config": {
  "heads": [
   "cell_type"
  ],
  "cohorts": null,
  "n_hvg": null,
  "n_channels": 1,
  "batch_size": 128,
  "val_frac": 0.15,
  "test_frac": 0.15,
  "d_model": 192,
  "n_heads": 4,
  "d_ff": 384,
  "dropout": 0.1,
  "n_markers": 128,
  "marker_mode": "router",
  "pathway_pool": "mean",
  "compress_mode": "aggregate",
  "recursive_marker_refine": true,
  "peak_init": true,
  "anneal_markers": true,
  "recursion_depth": 4,
  "share_weights": true,
  "share_strategy": "cycle",
  "n_unique_blocks": null,
  "step_cache": false,
  "adaptive_depth": false,
  "marker_ffn": false,
  "recursion_mode": "expert",
  "router_capacity": null,
  "router_alpha": 1.0,
  "router_temp": 1.0,
  "router_type": "linear",
  "router_z_coeff": 0.001,
  "router_balance_coeff": 0.1,
  "gene_interaction": "none",
  "interaction_knn": 16,
  "router_prior_beta": 1.0,
  "router_prior_anneal": true,
  "pathway_attn_bias": false,
  "pathway_attn_lambda": 2.0,
  "lambda_marker": 0.1,
  "gamma_diversity": 0.05,
  "beta_compression": 0.01,
  "lr": 0.001,
  "weight_decay": 1e-05,
  "epochs": 80,
  "patience": 12,
  "seed": 0,
  "device": "cuda"
 },
 "heads": {
  "cell_type": {
   "accuracy": 0.8716452742123687,
   "macro_f1": 0.6242370768346474,
   "weighted_f1": 0.8728794907425811,
   "per_class": {
    "0": {
     "precision": 0.9194630872483222,
     "recall": 0.9547038327526133,
     "f1-score": 0.9367521367521368,
     "support": 287.0
    },
    "1": {
     "precision": 0.797752808988764,
     "recall": 0.8352941176470589,
     "f1-score": 0.8160919540229885,
     "support": 85.0
    },
    "2": {
     "precision": 0.9312320916905444,
     "recall": 0.9312320916905444,
     "f1-score": 0.9312320916905444,
     "support": 698.0
    },
    "3": {
     "precision": 0.9173669467787114,
     "recall": 0.8641160949868074,
     "f1-score": 0.8899456521739131,
     "support": 758.0
    },
    "4": {
     "precision": 0.6919191919191919,
     "recall": 0.7611111111111111,
     "f1-score": 0.7248677248677249,
     "support": 180.0
    },
    "5": {
     "precision": 0.9111111111111111,
     "recall": 0.8885448916408669,
     "f1-score": 0.8996865203761756,
     "support": 323.0
    },
    "6": {
     "precision": 0.8552631578947368,
     "recall": 0.8552631578947368,
     "f1-score": 0.8552631578947368,
     "support": 76.0
    },
    "7": {
     "precision": 0.4,
     "recall": 0.4,
     "f1-score": 0.4,
     "support": 5.0
    },
    "8": {
     "precision": 0.5294117647058824,
     "recall": 0.7012987012987013,
     "f1-score": 0.6033519553072626,
     "support": 77.0
    },
    "9": {
     "precision": 0.9333333333333333,
     "recall": 0.8235294117647058,
     "f1-score": 0.875,
     "support": 17.0
    },
    "10": {
     "precision": 0.5,
     "recall": 0.14285714285714285,
     "f1-score": 0.2222222222222222,
     "support": 7.0
    },
    "11": {
     "precision": 0.5740740740740741,
     "recall": 0.5961538461538461,
     "f1-score": 0.5849056603773585,
     "support": 52.0
    },
    "12": {
     "precision": 0.0,
     "recall": 0.0,
     "f1-score": 0.0,
     "support": 4.0
    },
    "13": {
     "precision": 0.0,
     "recall": 0.0,
     "f1-score": 0.0,
     "support": 2.0
    },
    "accuracy": 0.8716452742123687,
    "macro avg": {
     "precision": 0.6400662548389052,
     "recall": 0.6252931714141525,
     "f1-score": 0.6242370768346474,
     "support": 2571.0
    },
    "weighted avg": {
     "precision": 0.8762647251255511,
     "recall": 0.8716452742123687,
     "f1-score": 0.8728794907425811,
     "support": 2571.0
    }
   }
  }
 }
}