{
 "dataset": "common_class",
 "n_samples": 27499,
 "n_features": 1089,
 "n_classes": 19,
 "n_train": 16361,
 "n_test": 8250,
 "transformer_params": 297792,
 "total_params": 613863,
 "config": {
  "heads": [
   "cell_type"
  ],
  "cohorts": null,
  "n_hvg": null,
  "n_channels": 1,
  "batch_size": 128,
  "val_frac": 0.15,
  "test_frac": 0.15,
  "d_model": 192,
  "n_heads": 4,
  "d_ff": 384,
  "dropout": 0.1,
  "n_markers": 128,
  "marker_mode": "router",
  "pathway_pool": "mean",
  "compress_mode": "aggregate",
  "recursive_marker_refine": true,
  "peak_init": true,
  "anneal_markers": true,
  "recursion_depth": 4,
  "share_weights": true,
  "share_strategy": "cycle",
  "n_unique_blocks": null,
  "step_cache": false,
  "adaptive_depth": false,
  "marker_ffn": false,
  "recursion_mode": "expert",
  "router_capacity": null,
  "router_alpha": 1.0,
  "router_temp": 1.0,
  "router_type": "linear",
  "router_z_coeff": 0.001,
  "router_balance_coeff": 0.1,
  "gene_interaction": "none",
  "interaction_knn": 16,
  "router_prior_beta": 1.0,
  "router_prior_anneal": true,
  "pathway_attn_bias": false,
  "pathway_attn_lambda": 2.0,
  "lambda_marker": 0.1,
  "gamma_diversity": 0.05,
  "beta_compression": 0.01,
  "lr": 0.001,
  "weight_decay": 1e-05,
  "epochs": 80,
  "patience": 12,
  "seed": 0,
  "device": "cuda"
 },
 "heads": {
  "cell_type": {
   "accuracy": 0.7483636363636363,
   "macro_f1": 0.6153608525271217,
   "weighted_f1": 0.7669846092533295,
   "per_class": {
    "0": {
     "precision": 0.6222222222222222,
     "recall": 0.7368421052631579,
     "f1-score": 0.6746987951807228,
     "support": 76.0
    },
    "1": {
     "precision": 0.5648854961832062,
     "recall": 0.6788990825688074,
     "f1-score": 0.6166666666666667,
     "support": 327.0
    },
    "2": {
     "precision": 0.7400881057268722,
     "recall": 0.7058823529411765,
     "f1-score": 0.7225806451612903,
     "support": 238.0
    },
    "3": {
     "precision": 0.6666666666666666,
     "recall": 0.718562874251497,
     "f1-score": 0.69164265129683,
     "support": 167.0
    },
    "4": {
     "precision": 0.6629834254143646,
     "recall": 0.75,
     "f1-score": 0.7038123167155426,
     "support": 160.0
    },
    "5": {
     "precision": 0.7920792079207921,
     "recall": 0.6530612244897959,
     "f1-score": 0.7158836689038032,
     "support": 245.0
    },
    "6": {
     "precision": 0.27450980392156865,
     "recall": 0.5882352941176471,
     "f1-score": 0.37433155080213903,
     "support": 119.0
    },
    "7": {
     "precision": 0.687797147385103,
     "recall": 0.646795827123696,
     "f1-score": 0.6666666666666666,
     "support": 671.0
    },
    "8": {
     "precision": 0.4463276836158192,
     "recall": 0.5486111111111112,
     "f1-score": 0.49221183800623053,
     "support": 144.0
    },
    "9": {
     "precision": 0.5040160642570282,
     "recall": 0.6092233009708737,
     "f1-score": 0.5516483516483517,
     "support": 412.0
    },
    "10": {
     "precision": 0.5068493150684932,
     "recall": 0.4457831325301205,
     "f1-score": 0.47435897435897434,
     "support": 166.0
    },
    "11": {
     "precision": 0.7795918367346939,
     "recall": 0.7475538160469667,
     "f1-score": 0.7632367632367633,
     "support": 511.0
    },
    "12": {
     "precision": 0.7074235807860262,
     "recall": 0.6136363636363636,
     "f1-score": 0.6572008113590264,
     "support": 528.0
    },
    "13": {
     "precision": 0.25,
     "recall": 0.30851063829787234,
     "f1-score": 0.2761904761904762,
     "support": 94.0
    },
    "14": {
     "precision": 0.2857142857142857,
     "recall": 0.2857142857142857,
     "f1-score": 0.2857142857142857,
     "support": 14.0
    },
    "15": {
     "precision": 0.19924098671726756,
     "recall": 0.5223880597014925,
     "f1-score": 0.28846153846153844,
     "support": 201.0
    },
    "16": {
     "precision": 0.9839080459770115,
     "recall": 0.9683257918552036,
     "f1-score": 0.976054732041049,
     "support": 884.0
    },
    "17": {
     "precision": 0.9753801593048516,
     "recall": 0.8248622167789345,
     "f1-score": 0.893828798938288,
     "support": 3266.0
    },
    "18": {
     "precision": 0.7878787878787878,
     "recall": 0.9629629629629629,
     "f1-score": 0.8666666666666667,
     "support": 27.0
    },
    "accuracy": 0.7483636363636363,
    "macro avg": {
     "precision": 0.6019769906050032,
     "recall": 0.6482026547558929,
     "f1-score": 0.6153608525271217,
     "support": 8250.0
    },
    "weighted avg": {
     "precision": 0.7982953217193581,
     "recall": 0.7483636363636363,
     "f1-score": 0.7669846092533295,
     "support": 8250.0
    }
   }
  }
 }
}