{
 "dataset": "prototype",
 "n_samples": 90579,
 "n_features": 752,
 "n_classes": 10,
 "n_train": 53894,
 "n_test": 27174,
 "transformer_params": 297792,
 "total_params": 545685,
 "config": {
  "heads": [
   "cell_type"
  ],
  "cohorts": null,
  "n_hvg": null,
  "n_channels": 1,
  "batch_size": 128,
  "val_frac": 0.15,
  "test_frac": 0.15,
  "d_model": 192,
  "n_heads": 4,
  "d_ff": 384,
  "dropout": 0.1,
  "n_markers": 128,
  "marker_mode": "router",
  "pathway_pool": "mean",
  "compress_mode": "aggregate",
  "recursive_marker_refine": true,
  "peak_init": true,
  "anneal_markers": true,
  "recursion_depth": 4,
  "share_weights": true,
  "share_strategy": "cycle",
  "n_unique_blocks": null,
  "step_cache": false,
  "adaptive_depth": false,
  "marker_ffn": false,
  "recursion_mode": "expert",
  "router_capacity": null,
  "router_alpha": 1.0,
  "router_temp": 1.0,
  "router_type": "linear",
  "router_z_coeff": 0.001,
  "router_balance_coeff": 0.1,
  "gene_interaction": "none",
  "interaction_knn": 16,
  "router_prior_beta": 1.0,
  "router_prior_anneal": true,
  "pathway_attn_bias": false,
  "pathway_attn_lambda": 2.0,
  "lambda_marker": 0.1,
  "gamma_diversity": 0.05,
  "beta_compression": 0.01,
  "lr": 0.001,
  "weight_decay": 1e-05,
  "epochs": 80,
  "patience": 12,
  "seed": 0,
  "device": "cuda"
 },
 "heads": {
  "cell_type": {
   "accuracy": 0.9587473320085376,
   "macro_f1": 0.952994474458469,
   "weighted_f1": 0.9588321818077702,
   "per_class": {
    "0": {
     "precision": 0.95578231292517,
     "recall": 0.9813736903376019,
     "f1-score": 0.9684089603676048,
     "support": 859.0
    },
    "1": {
     "precision": 0.9714285714285714,
     "recall": 0.9379310344827586,
     "f1-score": 0.9543859649122807,
     "support": 1015.0
    },
    "2": {
     "precision": 0.9387199273717658,
     "recall": 0.9636533084808947,
     "f1-score": 0.951023223729593,
     "support": 2146.0
    },
    "3": {
     "precision": 0.9693795326349718,
     "recall": 0.9491124260355029,
     "f1-score": 0.9591389276460036,
     "support": 2535.0
    },
    "4": {
     "precision": 0.8985260770975056,
     "recall": 0.9323529411764706,
     "f1-score": 0.9151270207852193,
     "support": 1700.0
    },
    "5": {
     "precision": 0.923368022705771,
     "recall": 0.9151429910923582,
     "f1-score": 0.9192371085472097,
     "support": 2133.0
    },
    "6": {
     "precision": 0.9324324324324325,
     "recall": 0.946607341490545,
     "f1-score": 0.9394664213431463,
     "support": 2697.0
    },
    "7": {
     "precision": 0.9751044884608395,
     "recall": 0.9649343643229635,
     "f1-score": 0.9699927693420102,
     "support": 5561.0
    },
    "8": {
     "precision": 0.9632931305715784,
     "recall": 0.9691374307570562,
     "f1-score": 0.9662064431295201,
     "support": 3791.0
    },
    "9": {
     "precision": 0.9914784831700043,
     "recall": 0.9824783618323834,
     "f1-score": 0.9869579047821015,
     "support": 4737.0
    },
    "accuracy": 0.9587473320085376,
    "macro avg": {
     "precision": 0.9519512978798611,
     "recall": 0.9542723890008535,
     "f1-score": 0.952994474458469,
     "support": 27174.0
    },
    "weighted avg": {
     "precision": 0.9590685792685478,
     "recall": 0.9587473320085376,
     "f1-score": 0.9588321818077702,
     "support": 27174.0
    }
   }
  }
 }
}