{
 "dataset": "tabula_muris",
 "n_samples": 54865,
 "n_features": 1089,
 "n_classes": 55,
 "n_train": 32645,
 "n_test": 16458,
 "transformer_params": 297792,
 "total_params": 627759,
 "config": {
  "heads": [
   "cell_type"
  ],
  "cohorts": null,
  "n_hvg": null,
  "n_channels": 1,
  "batch_size": 128,
  "val_frac": 0.15,
  "test_frac": 0.15,
  "d_model": 192,
  "n_heads": 4,
  "d_ff": 384,
  "dropout": 0.1,
  "n_markers": 128,
  "marker_mode": "router",
  "pathway_pool": "mean",
  "compress_mode": "aggregate",
  "recursive_marker_refine": true,
  "peak_init": true,
  "anneal_markers": true,
  "recursion_depth": 4,
  "share_weights": true,
  "share_strategy": "cycle",
  "n_unique_blocks": null,
  "step_cache": false,
  "adaptive_depth": false,
  "marker_ffn": false,
  "recursion_mode": "expert",
  "router_capacity": null,
  "router_alpha": 1.0,
  "router_temp": 1.0,
  "router_type": "linear",
  "router_z_coeff": 0.001,
  "router_balance_coeff": 0.1,
  "gene_interaction": "none",
  "interaction_knn": 16,
  "router_prior_beta": 1.0,
  "router_prior_anneal": true,
  "pathway_attn_bias": false,
  "pathway_attn_lambda": 2.0,
  "lambda_marker": 0.1,
  "gamma_diversity": 0.05,
  "beta_compression": 0.01,
  "lr": 0.001,
  "weight_decay": 1e-05,
  "epochs": 80,
  "patience": 12,
  "seed": 0,
  "device": "cuda"
 },
 "heads": {
  "cell_type": {
   "accuracy": 0.8360675659253858,
   "macro_f1": 0.7400589349665886,
   "weighted_f1": 0.8391210148842099,
   "per_class": {
    "0": {
     "precision": 0.9632107023411371,
     "recall": 0.9260450160771704,
     "f1-score": 0.9442622950819672,
     "support": 2488.0
    },
    "1": {
     "precision": 0.11392405063291139,
     "recall": 0.6923076923076923,
     "f1-score": 0.1956521739130435,
     "support": 13.0
    },
    "2": {
     "precision": 0.38235294117647056,
     "recall": 0.65,
     "f1-score": 0.48148148148148145,
     "support": 20.0
    },
    "3": {
     "precision": 0.8,
     "recall": 0.7272727272727273,
     "f1-score": 0.7619047619047619,
     "support": 11.0
    },
    "4": {
     "precision": 0.9555774925962488,
     "recall": 0.7316704459561603,
     "f1-score": 0.8287671232876712,
     "support": 1323.0
    },
    "5": {
     "precision": 0.9711538461538461,
     "recall": 0.9711538461538461,
     "f1-score": 0.9711538461538461,
     "support": 104.0
    },
    "6": {
     "precision": 0.9504132231404959,
     "recall": 0.9745762711864406,
     "f1-score": 0.9623430962343096,
     "support": 118.0
    },
    "7": {
     "precision": 0.9458167330677291,
     "recall": 0.8944988696307461,
     "f1-score": 0.919442292796282,
     "support": 1327.0
    },
    "8": {
     "precision": 0.5833333333333334,
     "recall": 0.7777777777777778,
     "f1-score": 0.6666666666666666,
     "support": 18.0
    },
    "9": {
     "precision": 0.9513513513513514,
     "recall": 0.9750692520775623,
     "f1-score": 0.9630642954856361,
     "support": 361.0
    },
    "10": {
     "precision": 0.9772727272727273,
     "recall": 0.9828571428571429,
     "f1-score": 0.98005698005698,
     "support": 350.0
    },
    "11": {
     "precision": 0.5183044315992292,
     "recall": 0.7865497076023392,
     "f1-score": 0.6248548199767712,
     "support": 342.0
    },
    "12": {
     "precision": 0.782608695652174,
     "recall": 1.0,
     "f1-score": 0.8780487804878049,
     "support": 18.0
    },
    "13": {
     "precision": 0.8125,
     "recall": 0.8666666666666667,
     "f1-score": 0.8387096774193549,
     "support": 15.0
    },
    "14": {
     "precision": 0.46511627906976744,
     "recall": 0.4166666666666667,
     "f1-score": 0.43956043956043955,
     "support": 48.0
    },
    "15": {
     "precision": 0.5714285714285714,
     "recall": 0.6153846153846154,
     "f1-score": 0.5925925925925926,
     "support": 13.0
    },
    "16": {
     "precision": 0.4666666666666667,
     "recall": 0.875,
     "f1-score": 0.6086956521739131,
     "support": 8.0
    },
    "17": {
     "precision": 0.4375,
     "recall": 0.7368421052631579,
     "f1-score": 0.5490196078431373,
     "support": 19.0
    },
    "18": {
     "precision": 0.7727272727272727,
     "recall": 0.8947368421052632,
     "f1-score": 0.8292682926829268,
     "support": 19.0
    },
    "19": {
     "precision": 0.9098360655737705,
     "recall": 0.7807737397420867,
     "f1-score": 0.840378548895899,
     "support": 853.0
    },
    "20": {
     "precision": 0.7142857142857143,
     "recall": 0.625,
     "f1-score": 0.6666666666666666,
     "support": 8.0
    },
    "21": {
     "precision": 0.8194945848375451,
     "recall": 0.8697318007662835,
     "f1-score": 0.8438661710037175,
     "support": 261.0
    },
    "22": {
     "precision": 0.7457627118644068,
     "recall": 0.9565217391304348,
     "f1-score": 0.8380952380952381,
     "support": 46.0
    },
    "23": {
     "precision": 0.6511627906976745,
     "recall": 0.8235294117647058,
     "f1-score": 0.7272727272727273,
     "support": 68.0
    },
    "24": {
     "precision": 0.9638009049773756,
     "recall": 0.9770642201834863,
     "f1-score": 0.9703872437357631,
     "support": 218.0
    },
    "25": {
     "precision": 0.9243697478991597,
     "recall": 0.9734513274336283,
     "f1-score": 0.9482758620689655,
     "support": 113.0
    },
    "26": {
     "precision": 0.9157894736842105,
     "recall": 0.7372881355932204,
     "f1-score": 0.8169014084507042,
     "support": 118.0
    },
    "27": {
     "precision": 0.9962335216572504,
     "recall": 1.0,
     "f1-score": 0.9981132075471698,
     "support": 529.0
    },
    "28": {
     "precision": 0.16783216783216784,
     "recall": 0.7058823529411765,
     "f1-score": 0.2711864406779661,
     "support": 34.0
    },
    "29": {
     "precision": 0.7443181818181818,
     "recall": 0.9679802955665024,
     "f1-score": 0.841541755888651,
     "support": 406.0
    },
    "30": {
     "precision": 0.875,
     "recall": 0.9100758396533044,
     "f1-score": 0.8921933085501859,
     "support": 923.0
    },
    "31": {
     "precision": 0.8333333333333334,
     "recall": 0.847457627118644,
     "f1-score": 0.8403361344537815,
     "support": 118.0
    },
    "32": {
     "precision": 0.391304347826087,
     "recall": 0.6428571428571429,
     "f1-score": 0.4864864864864865,
     "support": 14.0
    },
    "33": {
     "precision": 0.8956521739130435,
     "recall": 0.7744360902255639,
     "f1-score": 0.8306451612903226,
     "support": 133.0
    },
    "34": {
     "precision": 0.8874172185430463,
     "recall": 0.950354609929078,
     "f1-score": 0.9178082191780822,
     "support": 141.0
    },
    "35": {
     "precision": 0.9916666666666667,
     "recall": 0.9944289693593314,
     "f1-score": 0.9930458970792768,
     "support": 359.0
    },
    "36": {
     "precision": 0.7333333333333333,
     "recall": 0.9746835443037974,
     "f1-score": 0.8369565217391305,
     "support": 79.0
    },
    "37": {
     "precision": 0.4854368932038835,
     "recall": 0.5154639175257731,
     "f1-score": 0.5,
     "support": 97.0
    },
    "38": {
     "precision": 0.9407407407407408,
     "recall": 0.9202898550724637,
     "f1-score": 0.9304029304029304,
     "support": 138.0
    },
    "39": {
     "precision": 0.8088235294117647,
     "recall": 0.7913669064748201,
     "f1-score": 0.8,
     "support": 139.0
    },
    "40": {
     "precision": 0.48770491803278687,
     "recall": 0.3005050505050505,
     "f1-score": 0.371875,
     "support": 396.0
    },
    "41": {
     "precision": 0.5,
     "recall": 0.8571428571428571,
     "f1-score": 0.631578947368421,
     "support": 7.0
    },
    "42": {
     "precision": 0.7333333333333333,
     "recall": 0.7333333333333333,
     "f1-score": 0.7333333333333333,
     "support": 15.0
    },
    "43": {
     "precision": 0.9723320158102767,
     "recall": 0.9405267629566695,
     "f1-score": 0.9561649751673504,
     "support": 2354.0
    },
    "44": {
     "precision": 0.34767441860465115,