{
 "dataset": "tcell",
 "arch": "recursive",
 "K": 4,
 "seed": 2,
 "test_macro_f1": 49.10006097497217,
 "test_accuracy": 64.11217548243788,
 "transformer_params": 74784,
 "total_params": 212079,
 "n_markers": 128,
 "d_model": 96,
 "d_ff": 192,
 "flops_nominal": 62914560.0,
 "flops_effective": 62914560.0,
 "compute_saving": 0.0
}