{
 "dataset": "tcell",
 "arch": "recursive",
 "K": 4,
 "seed": 1,
 "test_macro_f1": 47.23908366342876,
 "test_accuracy": 64.86186311259198,
 "transformer_params": 74784,
 "total_params": 212079,
 "n_markers": 128,
 "d_model": 96,
 "d_ff": 192,
 "flops_nominal": 62914560.0,
 "flops_effective": 62914560.0,
 "compute_saving": 0.0
}