{
 "dataset": "tcell",
 "arch": "vanilla",
 "K": 4,
 "seed": 1,
 "test_macro_f1": 47.174846645868705,
 "test_accuracy": 66.26405664306539,
 "transformer_params": 299136,
 "total_params": 436431,
 "n_markers": 128,
 "d_model": 96,
 "d_ff": 192,
 "flops_nominal": 62914560.0,
 "flops_effective": 62914560.0,
 "compute_saving": 0.0
}