{
 "dataset": "Oesophagus",
 "mode": "learned_anchor",
 "K": 4,
 "seed": 1,
 "n_markers": 128,
 "test_macro_f1": 52.975470841573255,
 "test_accuracy": 80.53060451013833,
 "val_macro_f1": 54.39333451331518,
 "n_features": 1089,
 "n_classes": 18,
 "n_samples": 87947,
 "learned_lambda": 0.3030070662498474,
 "bio_anchor_have": true
}