{
 "dataset": "Oesophagus",
 "mode": "learned_anchor",
 "K": 4,
 "seed": 2,
 "n_markers": 128,
 "test_macro_f1": 55.28826545572315,
 "test_accuracy": 81.47053249952624,
 "val_macro_f1": 55.6631326098729,
 "n_features": 1089,
 "n_classes": 18,
 "n_samples": 87947,
 "learned_lambda": 0.29980045557022095,
 "bio_anchor_have": true
}