{
 "dataset": "Oesophagus",
 "mode": "learned_anchor",
 "K": 4,
 "seed": 0,
 "n_markers": 128,
 "test_macro_f1": 60.85188189826959,
 "test_accuracy": 81.34546143642221,
 "val_macro_f1": 59.16362245333977,
 "n_features": 1089,
 "n_classes": 18,
 "n_samples": 87947,
 "learned_lambda": 0.21633143723011017,
 "bio_anchor_have": true
}