{
 "dataset": "Baron",
 "mode": "learned",
 "K": 4,
 "seed": 2,
 "n_markers": 256,
 "test_macro_f1": 79.59775247106083,
 "test_accuracy": 95.29366005445353,
 "n_features": 2000,
 "n_classes": 13,
 "n_samples": 8569,
 "learned_lambda": 0.27690184116363525
}