{
 "dataset": "common_class",
 "n_samples": 27499,
 "n_features": 1089,
 "n_classes": 19,
 "n_train": 16361,
 "n_test": 8250,
 "transformer_params": 75840,
 "total_params": 141063,
 "config": {
  "heads": [
   "cell_type"
  ],
  "cohorts": null,
  "n_hvg": null,
  "n_channels": 1,
  "batch_size": 128,
  "val_frac": 0.15,
  "test_frac": 0.15,
  "d_model": 48,
  "n_heads": 4,
  "d_ff": 96,
  "dropout": 0.1,
  "n_markers": 128,
  "marker_mode": "router",
  "pathway_pool": "mean",
  "compress_mode": "aggregate",
  "recursive_marker_refine": true,
  "peak_init": true,
  "anneal_markers": true,
  "recursion_depth": 4,
  "share_weights": false,
  "share_strategy": "cycle",
  "n_unique_blocks": null,
  "step_cache": false,
  "adaptive_depth": false,
  "marker_ffn": false,
  "recursion_mode": "fixed",
  "router_capacity": null,
  "router_alpha": 1.0,
  "router_temp": 1.0,
  "router_type": "linear",
  "router_z_coeff": 0.001,
  "router_balance_coeff": 0.1,
  "gene_interaction": "none",
  "interaction_knn": 16,
  "router_prior_beta": 1.0,
  "router_prior_anneal": true,
  "pathway_attn_bias": false,
  "pathway_attn_lambda": 2.0,
  "lambda_marker": 0.1,
  "gamma_diversity": 0.05,
  "beta_compression": 0.01,
  "lr": 0.001,
  "weight_decay": 1e-05,
  "epochs": 80,
  "patience": 12,
  "seed": 0,
  "device": "cuda"
 },
 "heads": {
  "cell_type": {
   "accuracy": 0.8909090909090909,
   "macro_f1": 0.7882634503294317,
   "weighted_f1": 0.8916422041981369,
   "per_class": {
    "0": {
     "precision": 0.7777777777777778,
     "recall": 0.8289473684210527,
     "f1-score": 0.802547770700637,
     "support": 76.0
    },
    "1": {
     "precision": 0.7247706422018348,
     "recall": 0.7247706422018348,
     "f1-score": 0.7247706422018348,
     "support": 327.0
    },
    "2": {
     "precision": 0.6701030927835051,
     "recall": 0.819327731092437,
     "f1-score": 0.7372400756143668,
     "support": 238.0
    },
    "3": {
     "precision": 0.7840909090909091,
     "recall": 0.8263473053892215,
     "f1-score": 0.8046647230320699,
     "support": 167.0
    },
    "4": {
     "precision": 0.85,
     "recall": 0.74375,
     "f1-score": 0.7933333333333333,
     "support": 160.0
    },
    "5": {
     "precision": 0.7425742574257426,
     "recall": 0.6122448979591837,
     "f1-score": 0.6711409395973155,
     "support": 245.0
    },
    "6": {
     "precision": 0.671875,
     "recall": 0.7226890756302521,
     "f1-score": 0.6963562753036437,
     "support": 119.0
    },
    "7": {
     "precision": 0.8997005988023952,
     "recall": 0.8956780923994039,
     "f1-score": 0.8976848394324123,
     "support": 671.0
    },
    "8": {
     "precision": 0.6373056994818653,
     "recall": 0.8541666666666666,
     "f1-score": 0.7299703264094956,
     "support": 144.0
    },
    "9": {
     "precision": 0.8888888888888888,
     "recall": 0.8349514563106796,
     "f1-score": 0.8610763454317898,
     "support": 412.0
    },
    "10": {
     "precision": 0.815028901734104,
     "recall": 0.8493975903614458,
     "f1-score": 0.831858407079646,
     "support": 166.0
    },
    "11": {
     "precision": 0.847457627118644,
     "recall": 0.8806262230919765,
     "f1-score": 0.8637236084452975,
     "support": 511.0
    },
    "12": {
     "precision": 0.9113680154142582,
     "recall": 0.8958333333333334,
     "f1-score": 0.9035339063992359,
     "support": 528.0
    },
    "13": {
     "precision": 0.6434782608695652,
     "recall": 0.7872340425531915,
     "f1-score": 0.7081339712918661,
     "support": 94.0
    },
    "14": {
     "precision": 0.7142857142857143,
     "recall": 0.7142857142857143,
     "f1-score": 0.7142857142857143,
     "support": 14.0
    },
    "15": {
     "precision": 0.5319148936170213,
     "recall": 0.4975124378109453,
     "f1-score": 0.5141388174807198,
     "support": 201.0
    },
    "16": {
     "precision": 0.9797979797979798,
     "recall": 0.9875565610859729,
     "f1-score": 0.9836619718309859,
     "support": 884.0
    },
    "17": {
     "precision": 0.9856160100062539,
     "recall": 0.9650949173300674,
     "f1-score": 0.9752475247524752,
     "support": 3266.0
    },
    "18": {
     "precision": 0.75,
     "recall": 0.7777777777777778,
     "f1-score": 0.7636363636363637,
     "support": 27.0
    },
    "accuracy": 0.8909090909090909,
    "macro avg": {
     "precision": 0.7803175931208661,
     "recall": 0.8009574649316398,
     "f1-score": 0.7882634503294317,
     "support": 8250.0
    },
    "weighted avg": {
     "precision": 0.894361103281201,
     "recall": 0.8909090909090909,
     "f1-score": 0.8916422041981369,
     "support": 8250.0
    }
   }
  }
 }
}