{
 "dataset": "tabula_muris",
 "n_samples": 54865,
 "n_features": 1089,
 "n_classes": 55,
 "n_train": 32645,
 "n_test": 16458,
 "transformer_params": 75840,
 "total_params": 144591,
 "config": {
  "heads": [
   "cell_type"
  ],
  "cohorts": null,
  "n_hvg": null,
  "n_channels": 1,
  "batch_size": 128,
  "val_frac": 0.15,
  "test_frac": 0.15,
  "d_model": 48,
  "n_heads": 4,
  "d_ff": 96,
  "dropout": 0.1,
  "n_markers": 128,
  "marker_mode": "router",
  "pathway_pool": "mean",
  "compress_mode": "aggregate",
  "recursive_marker_refine": true,
  "peak_init": true,
  "anneal_markers": true,
  "recursion_depth": 4,
  "share_weights": false,
  "share_strategy": "cycle",
  "n_unique_blocks": null,
  "step_cache": false,
  "adaptive_depth": false,
  "marker_ffn": false,
  "recursion_mode": "fixed",
  "router_capacity": null,
  "router_alpha": 1.0,
  "router_temp": 1.0,
  "router_type": "linear",
  "router_z_coeff": 0.001,
  "router_balance_coeff": 0.1,
  "gene_interaction": "none",
  "interaction_knn": 16,
  "router_prior_beta": 1.0,
  "router_prior_anneal": true,
  "pathway_attn_bias": false,
  "pathway_attn_lambda": 2.0,
  "lambda_marker": 0.1,
  "gamma_diversity": 0.05,
  "beta_compression": 0.01,
  "lr": 0.001,
  "weight_decay": 1e-05,
  "epochs": 80,
  "patience": 12,
  "seed": 0,
  "device": "cuda"
 },
 "heads": {
  "cell_type": {
   "accuracy": 0.8358852837525823,
   "macro_f1": 0.7445778183853907,
   "weighted_f1": 0.8330069760175673,
   "per_class": {
    "0": {
     "precision": 0.8850226928895613,
     "recall": 0.9405144694533762,
     "f1-score": 0.911925175370226,
     "support": 2488.0
    },
    "1": {
     "precision": 0.125,
     "recall": 0.3076923076923077,
     "f1-score": 0.17777777777777778,
     "support": 13.0
    },
    "2": {
     "precision": 0.6666666666666666,
     "recall": 0.7,
     "f1-score": 0.6829268292682927,
     "support": 20.0
    },
    "3": {
     "precision": 0.3333333333333333,
     "recall": 0.36363636363636365,
     "f1-score": 0.34782608695652173,
     "support": 11.0
    },
    "4": {
     "precision": 0.9171396140749148,
     "recall": 0.6107331821617535,
     "f1-score": 0.7332123411978222,
     "support": 1323.0
    },
    "5": {
     "precision": 0.9047619047619048,
     "recall": 0.7307692307692307,
     "f1-score": 0.8085106382978723,
     "support": 104.0
    },
    "6": {
     "precision": 0.875,
     "recall": 0.9491525423728814,
     "f1-score": 0.9105691056910569,
     "support": 118.0
    },
    "7": {
     "precision": 0.9731270358306189,
     "recall": 0.9005275056518462,
     "f1-score": 0.9354207436399217,
     "support": 1327.0
    },
    "8": {
     "precision": 0.9411764705882353,
     "recall": 0.8888888888888888,
     "f1-score": 0.9142857142857143,
     "support": 18.0
    },
    "9": {
     "precision": 0.9829931972789115,
     "recall": 0.8005540166204986,
     "f1-score": 0.8824427480916031,
     "support": 361.0
    },
    "10": {
     "precision": 0.9852507374631269,
     "recall": 0.9542857142857143,
     "f1-score": 0.969521044992743,
     "support": 350.0
    },
    "11": {
     "precision": 0.6466809421841542,
     "recall": 0.8830409356725146,
     "f1-score": 0.7466007416563659,
     "support": 342.0
    },
    "12": {
     "precision": 0.9,
     "recall": 1.0,
     "f1-score": 0.9473684210526315,
     "support": 18.0
    },
    "13": {
     "precision": 0.7894736842105263,
     "recall": 1.0,
     "f1-score": 0.8823529411764706,
     "support": 15.0
    },
    "14": {
     "precision": 0.6046511627906976,
     "recall": 0.5416666666666666,
     "f1-score": 0.5714285714285714,
     "support": 48.0
    },
    "15": {
     "precision": 0.6875,
     "recall": 0.8461538461538461,
     "f1-score": 0.7586206896551724,
     "support": 13.0
    },
    "16": {
     "precision": 0.5454545454545454,
     "recall": 0.75,
     "f1-score": 0.631578947368421,
     "support": 8.0
    },
    "17": {
     "precision": 0.9444444444444444,
     "recall": 0.8947368421052632,
     "f1-score": 0.918918918918919,
     "support": 19.0
    },
    "18": {
     "precision": 0.7083333333333334,
     "recall": 0.8947368421052632,
     "f1-score": 0.7906976744186046,
     "support": 19.0
    },
    "19": {
     "precision": 0.8723958333333334,
     "recall": 0.7854630715123095,
     "f1-score": 0.8266502159161012,
     "support": 853.0
    },
    "20": {
     "precision": 0.5555555555555556,
     "recall": 0.625,
     "f1-score": 0.5882352941176471,
     "support": 8.0
    },
    "21": {
     "precision": 0.8035087719298246,
     "recall": 0.8773946360153256,
     "f1-score": 0.8388278388278388,
     "support": 261.0
    },
    "22": {
     "precision": 0.8979591836734694,
     "recall": 0.9565217391304348,
     "f1-score": 0.9263157894736842,
     "support": 46.0
    },
    "23": {
     "precision": 0.8243243243243243,
     "recall": 0.8970588235294118,
     "f1-score": 0.8591549295774648,
     "support": 68.0
    },
    "24": {
     "precision": 0.9636363636363636,
     "recall": 0.9724770642201835,
     "f1-score": 0.9680365296803652,
     "support": 218.0
    },
    "25": {
     "precision": 0.9145299145299145,
     "recall": 0.9469026548672567,
     "f1-score": 0.9304347826086956,
     "support": 113.0
    },
    "26": {
     "precision": 0.8596491228070176,
     "recall": 0.8305084745762712,
     "f1-score": 0.8448275862068966,
     "support": 118.0
    },
    "27": {
     "precision": 0.9906367041198502,
     "recall": 1.0,
     "f1-score": 0.9952963311382879,
     "support": 529.0
    },
    "28": {
     "precision": 0.4878048780487805,
     "recall": 0.5882352941176471,
     "f1-score": 0.5333333333333333,
     "support": 34.0
    },
    "29": {
     "precision": 0.6288,
     "recall": 0.9679802955665024,
     "f1-score": 0.7623666343355965,
     "support": 406.0
    },
    "30": {
     "precision": 0.8901098901098901,
     "recall": 0.9653304442036836,
     "f1-score": 0.9261954261954262,
     "support": 923.0
    },
    "31": {
     "precision": 0.6293103448275862,
     "recall": 0.6186440677966102,
     "f1-score": 0.6239316239316239,
     "support": 118.0
    },
    "32": {
     "precision": 0.0,
     "recall": 0.0,
     "f1-score": 0.0,
     "support": 14.0
    },
    "33": {
     "precision": 0.696969696969697,
     "recall": 0.6917293233082706,
     "f1-score": 0.6943396226415094,
     "support": 133.0
    },
    "34": {
     "precision": 0.76875,
     "recall": 0.8723404255319149,
     "f1-score": 0.8172757475083057,
     "support": 141.0
    },
    "35": {
     "precision": 0.9971910112359551,
     "recall": 0.9888579387186629,
     "f1-score": 0.993006993006993,
     "support": 359.0
    },
    "36": {
     "precision": 0.8461538461538461,
     "recall": 0.9746835443037974,
     "f1-score": 0.9058823529411765,
     "support": 79.0
    },
    "37": {
     "precision": 0.5,
     "recall": 0.5773195876288659,
     "f1-score": 0.5358851674641149,
     "support": 97.0
    },
    "38": {
     "precision": 0.8918918918918919,
     "recall": 0.9565217391304348,
     "f1-score": 0.9230769230769231,
     "support": 138.0
    },
    "39": {
     "precision": 0.8394160583941606,
     "recall": 0.8273381294964028,
     "f1-score": 0.8333333333333334,
     "support": 139.0
    },
    "40": {
     "precision": 0.6076388888888888,
     "recall": 0.44191919191919193,
     "f1-score": 0.5116959064327485,
     "support": 396.0
    },
    "41": {
     "precision": 0.5,
     "recall": 0.5714285714285714,
     "f1-score": 0.5333333333333333,
     "support": 7.0
    },
    "42": {
     "precision": 0.6086956521739131,
     "recall": 0.9333333333333333,
     "f1-score": 0.7368421052631579,
     "support": 15.0
    },
    "43": {
     "precision": 0.9763213530655391,
     "recall": 0.9808836023789295,
     "f1-score": 0.9785971604153423,
     "support": 2354.0
    },
    "44": {
     "precision": 0.34562697576396206,
     "recall": 0.9618768328445748,
     "f1-score": 0.5085271317829457,