{
 "dataset": "Xin",
 "mode": "learned",
 "K": 4,
 "seed": 1,
 "n_markers": 2000,
 "test_macro_f1": 60.94334642084034,
 "test_accuracy": 82.58928571428571,
 "n_features": 2000,
 "n_classes": 4,
 "n_samples": 1492,
 "learned_lambda": 0.2234095335006714
}