{
 "dataset": "Xin",
 "mode": "learned",
 "K": 4,
 "seed": 2,
 "n_markers": 2000,
 "test_macro_f1": 65.93305226787717,
 "test_accuracy": 85.26785714285714,
 "n_features": 2000,
 "n_classes": 4,
 "n_samples": 1492,
 "learned_lambda": 0.22056616842746735
}