{
 "dataset": "Oesophagus",
 "mode": "learned",
 "K": 4,
 "seed": 1,
 "n_markers": 128,
 "test_macro_f1": 71.96671527631392,
 "test_accuracy": 87.89842713663066,
 "val_macro_f1": 73.38563202016276,
 "n_features": 1089,
 "n_classes": 18,
 "n_samples": 87947,
 "learned_lambda": 0.690650999546051,
 "bio_anchor_have": false
}