{
 "dataset": "Oesophagus",
 "mode": "learned",
 "K": 4,
 "seed": 2,
 "n_markers": 128,
 "test_macro_f1": 70.24285047171503,
 "test_accuracy": 88.17888952056092,
 "val_macro_f1": 70.55255939994531,
 "n_features": 1089,
 "n_classes": 18,
 "n_samples": 87947,
 "learned_lambda": 0.7225932478904724,
 "bio_anchor_have": false
}