{
 "dataset": "Oesophagus",
 "mode": "learned",
 "K": 4,
 "seed": 0,
 "n_markers": 128,
 "test_macro_f1": 70.26642354725871,
 "test_accuracy": 87.81125639567937,
 "val_macro_f1": 69.84469533842973,
 "n_features": 1089,
 "n_classes": 18,
 "n_samples": 87947,
 "learned_lambda": 0.5004135966300964,
 "bio_anchor_have": false
}