{
 "dataset": "Baron",
 "mode": "learned",
 "K": 4,
 "seed": 0,
 "n_markers": 2000,
 "test_macro_f1": 80.07322985827707,
 "test_accuracy": 95.6048230260599,
 "n_features": 2000,
 "n_classes": 13,
 "n_samples": 8569,
 "learned_lambda": 0.2683088183403015
}