{
 "dataset": "Baron",
 "mode": "learned",
 "K": 4,
 "seed": 2,
 "n_markers": 2000,
 "test_macro_f1": 83.18384875437953,
 "test_accuracy": 96.8494749124854,
 "n_features": 2000,
 "n_classes": 13,
 "n_samples": 8569,
 "learned_lambda": 0.2540900707244873
}