{
 "dataset": "Baron",
 "mode": "learned",
 "K": 4,
 "seed": 1,
 "n_markers": 2000,
 "test_macro_f1": 78.06747789095799,
 "test_accuracy": 96.30493971217426,
 "n_features": 2000,
 "n_classes": 13,
 "n_samples": 8569,
 "learned_lambda": 0.26774823665618896
}