{
 "family": "pnet",
 "cohort": "brca",
 "task": "response",
 "mode": "learned_bio",
 "K": 4,
 "seed": 8,
 "test_macro_f1": 15.169118258123495,
 "test_accuracy": 37.17948717948718,
 "n_features": 3000,
 "n_classes": 5,
 "n_samples": 518,
 "learned_lambda": 0.20566362142562866,
 "learned_beta": 0.9740769863128662,
 "graph_diag": {
  "n_genes": 3000,
  "n_genes_in_reactome": 3000,
  "reactome_coverage_frac": 1.0,
  "mean_degree": 26.318666666666665,
  "isolated_frac": 0.0,
  "corr_pi_pc1": 0.026736004278063774
 }
}