{
 "family": "pnet",
 "cohort": "brca",
 "task": "response",
 "mode": "learned_bio",
 "K": 4,
 "seed": 5,
 "test_macro_f1": 15.890989482538778,
 "test_accuracy": 22.435897435897438,
 "n_features": 3000,
 "n_classes": 5,
 "n_samples": 518,
 "learned_lambda": 0.20816880464553833,
 "learned_beta": 0.9740769863128662,
 "graph_diag": {
  "n_genes": 3000,
  "n_genes_in_reactome": 3000,
  "reactome_coverage_frac": 1.0,
  "mean_degree": 26.318666666666665,
  "isolated_frac": 0.0,
  "corr_pi_pc1": 0.03578275442123413
 }
}