{
 "dataset": "common_class",
 "arch": "mor",
 "K": 4,
 "seed": 1,
 "test_macro_f1": 64.26871304993199,
 "test_accuracy": 80.27878787878788,
 "transformer_params": 75168,
 "total_params": 214791,
 "n_markers": 128,
 "d_model": 96,
 "d_ff": 192,
 "flops_nominal": 62914560.0,
 "mean_token_depth": 2.750000238418579,
 "active_fraction_per_step": [
  1.0,
  0.75,
  0.5,
  0.5
 ],
 "flops_effective": 38928384.0,
 "compute_saving": 0.38125
}