{
 "dataset": "common_class",
 "arch": "recursive",
 "K": 4,
 "seed": 0,
 "test_macro_f1": 68.72110461116907,
 "test_accuracy": 82.52121212121212,
 "transformer_params": 74784,
 "total_params": 214407,
 "n_markers": 128,
 "d_model": 96,
 "d_ff": 192,
 "flops_nominal": 62914560.0,
 "flops_effective": 62914560.0,
 "compute_saving": 0.0
}