{
 "dataset": "common_class",
 "arch": "recursive",
 "K": 4,
 "seed": 2,
 "test_macro_f1": 62.39210726119223,
 "test_accuracy": 80.72727272727272,
 "transformer_params": 74784,
 "total_params": 214407,
 "n_markers": 128,
 "d_model": 96,
 "d_ff": 192,
 "flops_nominal": 62914560.0,
 "flops_effective": 62914560.0,
 "compute_saving": 0.0
}