{
 "dataset": "common_class",
 "arch": "vanilla",
 "K": 4,
 "seed": 1,
 "test_macro_f1": 71.46256168606082,
 "test_accuracy": 84.0969696969697,
 "transformer_params": 299136,
 "total_params": 438759,
 "n_markers": 128,
 "d_model": 96,
 "d_ff": 192,
 "flops_nominal": 62914560.0,
 "flops_effective": 62914560.0,
 "compute_saving": 0.0
}