{
 "dataset": "baron",
 "n_samples": 8569,
 "n_features": 1936,
 "n_classes": 14,
 "n_train": 5098,
 "n_test": 2571,
 "transformer_params": 224352,
 "total_params": 444317,
 "config": {
  "heads": [
   "cell_type"
  ],
  "cohorts": null,
  "n_hvg": null,
  "n_channels": 1,
  "batch_size": 128,
  "val_frac": 0.15,
  "test_frac": 0.15,
  "d_model": 96,
  "n_heads": 4,
  "d_ff": 192,
  "dropout": 0.1,
  "n_markers": 128,
  "marker_mode": "router",
  "pathway_pool": "mean",
  "compress_mode": "aggregate",
  "recursive_marker_refine": true,
  "peak_init": true,
  "anneal_markers": true,
  "recursion_depth": 6,
  "share_weights": true,
  "share_strategy": "middle_sequence",
  "n_unique_blocks": 3,
  "step_cache": false,
  "adaptive_depth": false,
  "marker_ffn": false,
  "recursion_mode": "fixed",
  "router_capacity": null,
  "router_alpha": 1.0,
  "router_temp": 1.0,
  "router_type": "linear",
  "router_z_coeff": 0.001,
  "router_balance_coeff": 0.1,
  "gene_interaction": "none",
  "interaction_knn": 16,
  "router_prior_beta": 1.0,
  "router_prior_anneal": true,
  "pathway_attn_bias": false,
  "pathway_attn_lambda": 2.0,
  "lambda_marker": 0.1,
  "gamma_diversity": 0.05,
  "beta_compression": 0.01,
  "lr": 0.001,
  "weight_decay": 1e-05,
  "epochs": 80,
  "patience": 12,
  "seed": 0,
  "device": "cuda"
 },
 "heads": {
  "cell_type": {
   "accuracy": 0.881758070789576,
   "macro_f1": 0.6104173332210854,
   "weighted_f1": 0.8837366441528485,
   "per_class": {
    "0": {
     "precision": 0.942652329749104,
     "recall": 0.9163763066202091,
     "f1-score": 0.9293286219081273,
     "support": 287.0
    },
    "1": {
     "precision": 0.7395833333333334,
     "recall": 0.8352941176470589,
     "f1-score": 0.7845303867403315,
     "support": 85.0
    },
    "2": {
     "precision": 0.9546120058565154,
     "recall": 0.9340974212034384,
     "f1-score": 0.944243301955105,
     "support": 698.0
    },
    "3": {
     "precision": 0.9683908045977011,
     "recall": 0.8891820580474934,
     "f1-score": 0.9270976616231087,
     "support": 758.0
    },
    "4": {
     "precision": 0.6535087719298246,
     "recall": 0.8277777777777777,
     "f1-score": 0.7303921568627451,
     "support": 180.0
    },
    "5": {
     "precision": 0.8859649122807017,
     "recall": 0.9380804953560371,
     "f1-score": 0.9112781954887218,
     "support": 323.0
    },
    "6": {
     "precision": 0.7045454545454546,
     "recall": 0.8157894736842105,
     "f1-score": 0.7560975609756098,
     "support": 76.0
    },
    "7": {
     "precision": 0.0,
     "recall": 0.0,
     "f1-score": 0.0,
     "support": 5.0
    },
    "8": {
     "precision": 0.5764705882352941,
     "recall": 0.6363636363636364,
     "f1-score": 0.6049382716049383,
     "support": 77.0
    },
    "9": {
     "precision": 0.5652173913043478,
     "recall": 0.7647058823529411,
     "f1-score": 0.65,
     "support": 17.0
    },
    "10": {
     "precision": 0.2857142857142857,
     "recall": 0.2857142857142857,
     "f1-score": 0.2857142857142857,
     "support": 7.0
    },
    "11": {
     "precision": 0.7368421052631579,
     "recall": 0.5384615384615384,
     "f1-score": 0.6222222222222222,
     "support": 52.0
    },
    "12": {
     "precision": 1.0,
     "recall": 0.25,
     "f1-score": 0.4,
     "support": 4.0
    },
    "13": {
     "precision": 0.0,
     "recall": 0.0,
     "f1-score": 0.0,
     "support": 2.0
    },
    "accuracy": 0.881758070789576,
    "macro avg": {
     "precision": 0.6438215702006943,
     "recall": 0.6165602138020448,
     "f1-score": 0.6104173332210854,
     "support": 2571.0
    },
    "weighted avg": {
     "precision": 0.8904790480450008,
     "recall": 0.881758070789576,
     "f1-score": 0.8837366441528485,
     "support": 2571.0
    }
   }
  }
 }
}