{
 "dataset": "prototype",
 "n_samples": 90579,
 "n_features": 752,
 "n_classes": 10,
 "n_train": 53894,
 "n_test": 27174,
 "transformer_params": 224352,
 "total_params": 329877,
 "config": {
  "heads": [
   "cell_type"
  ],
  "cohorts": null,
  "n_hvg": null,
  "n_channels": 1,
  "batch_size": 128,
  "val_frac": 0.15,
  "test_frac": 0.15,
  "d_model": 96,
  "n_heads": 4,
  "d_ff": 192,
  "dropout": 0.1,
  "n_markers": 128,
  "marker_mode": "router",
  "pathway_pool": "mean",
  "compress_mode": "aggregate",
  "recursive_marker_refine": true,
  "peak_init": true,
  "anneal_markers": true,
  "recursion_depth": 6,
  "share_weights": true,
  "share_strategy": "middle_sequence",
  "n_unique_blocks": 3,
  "step_cache": false,
  "adaptive_depth": false,
  "marker_ffn": false,
  "recursion_mode": "fixed",
  "router_capacity": null,
  "router_alpha": 1.0,
  "router_temp": 1.0,
  "router_type": "linear",
  "router_z_coeff": 0.001,
  "router_balance_coeff": 0.1,
  "gene_interaction": "none",
  "interaction_knn": 16,
  "router_prior_beta": 1.0,
  "router_prior_anneal": true,
  "pathway_attn_bias": false,
  "pathway_attn_lambda": 2.0,
  "lambda_marker": 0.1,
  "gamma_diversity": 0.05,
  "beta_compression": 0.01,
  "lr": 0.001,
  "weight_decay": 1e-05,
  "epochs": 80,
  "patience": 12,
  "seed": 0,
  "device": "cuda"
 },
 "heads": {
  "cell_type": {
   "accuracy": 0.9541105468462501,
   "macro_f1": 0.9490320758658226,
   "weighted_f1": 0.9541048252719887,
   "per_class": {
    "0": {
     "precision": 0.9689655172413794,
     "recall": 0.9813736903376019,
     "f1-score": 0.9751301330248698,
     "support": 859.0
    },
    "1": {
     "precision": 0.9643564356435643,
     "recall": 0.9596059113300492,
     "f1-score": 0.9619753086419753,
     "support": 1015.0
    },
    "2": {
     "precision": 0.9549046954904695,
     "recall": 0.9571295433364398,
     "f1-score": 0.956015824994182,
     "support": 2146.0
    },
    "3": {
     "precision": 0.9562475364603863,
     "recall": 0.9570019723865878,
     "f1-score": 0.9566246056782335,
     "support": 2535.0
    },
    "4": {
     "precision": 0.9027533684827183,
     "recall": 0.9064705882352941,
     "f1-score": 0.9046081596712651,
     "support": 1700.0
    },
    "5": {
     "precision": 0.88837424733673,
     "recall": 0.8992030004688233,
     "f1-score": 0.8937558247903076,
     "support": 2133.0
    },
    "6": {
     "precision": 0.9360902255639098,
     "recall": 0.9232480533926585,
     "f1-score": 0.9296247899943999,
     "support": 2697.0
    },
    "7": {
     "precision": 0.9623214285714285,
     "recall": 0.9690703110951268,
     "f1-score": 0.9656840784875907,
     "support": 5561.0
    },
    "8": {
     "precision": 0.9703424103531949,
     "recall": 0.9493537325243999,
     "f1-score": 0.9597333333333333,
     "support": 3791.0
    },
    "9": {
     "precision": 0.9836512261580381,
     "recall": 0.9907114207304201,
     "f1-score": 0.9871687000420698,
     "support": 4737.0
    },
    "accuracy": 0.9541105468462501,
    "macro avg": {
     "precision": 0.9488007091301819,
     "recall": 0.9493168223837403,
     "f1-score": 0.9490320758658226,
     "support": 27174.0
    },
    "weighted avg": {
     "precision": 0.9541579405872975,
     "recall": 0.9541105468462501,
     "f1-score": 0.9541048252719887,
     "support": 27174.0
    }
   }
  }
 }
}