{
 "dataset": "Baron",
 "mode": "learned",
 "K": 4,
 "seed": 0,
 "n_markers": 128,
 "test_macro_f1": 82.90209700664019,
 "test_accuracy": 94.51575262543757,
 "val_macro_f1": 89.48277412035863,
 "n_features": 2000,
 "n_classes": 13,
 "n_samples": 8569,
 "learned_lambda": 0.2649170458316803,
 "bio_anchor_have": false
}