{
 "dataset": "Baron",
 "mode": "learned",
 "K": 4,
 "seed": 2,
 "n_markers": 128,
 "test_macro_f1": 77.01234672138449,
 "test_accuracy": 95.99377674056787,
 "val_macro_f1": 78.68286369763689,
 "n_features": 2000,
 "n_classes": 13,
 "n_samples": 8569,
 "learned_lambda": 0.284156858921051,
 "bio_anchor_have": false
}