{
 "dataset": "Baron",
 "mode": "learned",
 "K": 4,
 "seed": 1,
 "n_markers": 128,
 "test_macro_f1": 75.11817015920928,
 "test_accuracy": 96.53831194087904,
 "val_macro_f1": 85.52825919461361,
 "n_features": 2000,
 "n_classes": 13,
 "n_samples": 8569,
 "learned_lambda": 0.26910796761512756,
 "bio_anchor_have": false
}