{
  "config": {
    "heads": [
      "cancer_type"
    ],
    "cohorts": null,
    "n_hvg": 4000,
    "batch_size": 64,
    "val_frac": 0.15,
    "test_frac": 0.15,
    "d_model": 128,
    "n_heads": 4,
    "d_ff": 256,
    "dropout": 0.1,
    "n_markers": 256,
    "marker_mode": "router",
    "compress_mode": "aggregate",
    "recursive_marker_refine": true,
    "recursion_depth": 1,
    "share_weights": true,
    "adaptive_depth": false,
    "marker_ffn": false,
    "recursion_mode": "expert",
    "router_capacity": null,
    "router_alpha": 1.0,
    "router_temp": 1.0,
    "router_type": "linear",
    "router_z_coeff": 0.001,
    "router_balance_coeff": 0.1,
    "lambda_marker": 0.1,
    "gamma_diversity": 0.05,
    "beta_compression": 0.01,
    "lr": 0.0003,
    "weight_decay": 0.01,
    "epochs": 25,
    "patience": 25,
    "seed": 42,
    "device": "auto"
  },
  "heads": {
    "cancer_type": {
      "accuracy": 0.9808795411089866,
      "macro_f1": 0.9813060502715675,
      "weighted_f1": 0.9809343642006659,
      "per_class": {
        "0": {
          "precision": 0.988950276243094,
          "recall": 0.9781420765027322,
          "f1-score": 0.9835164835164835,
          "support": 183.0
        },
        "1": {
          "precision": 0.9438202247191011,
          "recall": 0.9882352941176471,
          "f1-score": 0.9655172413793104,
          "support": 85.0
        },
        "2": {
          "precision": 0.9820359281437125,
          "recall": 0.9704142011834319,
          "f1-score": 0.9761904761904762,
          "support": 169.0
        },
        "3": {
          "precision": 1.0,
          "recall": 1.0,
          "f1-score": 1.0,
          "support": 86.0
        },
        "accuracy": 0.9808795411089866,
        "macro avg": {
          "precision": 0.9787016072764769,
          "recall": 0.9841978929509528,
          "f1-score": 0.9813060502715675,
          "support": 523.0
        },
        "weighted avg": {
          "precision": 0.9811982629252336,
          "recall": 0.9808795411089866,
          "f1-score": 0.9809343642006659,
          "support": 523.0
        }
      },
      "class_names": {
        "0": "Breast (BRCA)",
        "1": "Head--neck (HNSC)",
        "2": "Lung (LUNG)",
        "3": "Prostate (PRAD)"
      }
    }
  },
  "transformer_params": 132608,
  "total_params": 712073,
  "approx_flops_per_sample": 67108864,
  "approx_flops_nominal": 67108864,
  "compute_saving_ratio": 1.0,
  "mean_recursion_depth": 1.0,
  "active_tokens_per_step": [
    256.0
  ],
  "name": "depth1",
  "wall_seconds": 27.8
}