{
  "config": {
    "heads": [
      "cancer_type"
    ],
    "cohorts": null,
    "n_hvg": 4000,
    "batch_size": 64,
    "val_frac": 0.15,
    "test_frac": 0.15,
    "d_model": 128,
    "n_heads": 4,
    "d_ff": 256,
    "dropout": 0.1,
    "n_markers": 256,
    "marker_mode": "router",
    "compress_mode": "aggregate",
    "recursive_marker_refine": true,
    "recursion_depth": 4,
    "share_weights": true,
    "adaptive_depth": false,
    "marker_ffn": false,
    "recursion_mode": "fixed",
    "router_capacity": null,
    "router_alpha": 1.0,
    "router_temp": 1.0,
    "router_type": "linear",
    "router_z_coeff": 0.001,
    "router_balance_coeff": 0.1,
    "lambda_marker": 0.1,
    "gamma_diversity": 0.05,
    "beta_compression": 0.01,
    "lr": 0.0003,
    "weight_decay": 0.01,
    "epochs": 25,
    "patience": 25,
    "seed": 42,
    "device": "auto"
  },
  "heads": {
    "cancer_type": {
      "accuracy": 0.9847036328871893,
      "macro_f1": 0.9840575934293145,
      "weighted_f1": 0.9846996886109953,
      "per_class": {
        "0": {
          "precision": 0.978494623655914,
          "recall": 0.994535519125683,
          "f1-score": 0.986449864498645,
          "support": 183.0
        },
        "1": {
          "precision": 0.9647058823529412,
          "recall": 0.9647058823529412,
          "f1-score": 0.9647058823529412,
          "support": 85.0
        },
        "2": {
          "precision": 0.9939759036144579,
          "recall": 0.9763313609467456,
          "f1-score": 0.9850746268656716,
          "support": 169.0
        },
        "3": {
          "precision": 1.0,
          "recall": 1.0,
          "f1-score": 1.0,
          "support": 86.0
        },
        "accuracy": 0.9847036328871893,
        "macro avg": {
          "precision": 0.9842941024058283,
          "recall": 0.9838931906063424,
          "f1-score": 0.9840575934293145,
          "support": 523.0
        },
        "weighted avg": {
          "precision": 0.9847924356402976,
          "recall": 0.9847036328871893,
          "f1-score": 0.9846996886109953,
          "support": 523.0
        }
      },
      "class_names": {
        "0": "Breast (BRCA)",
        "1": "Head--neck (HNSC)",
        "2": "Lung (LUNG)",
        "3": "Prostate (PRAD)"
      }
    }
  },
  "transformer_params": 132480,
  "total_params": 711945,
  "approx_flops_per_sample": 268435456,
  "approx_flops_nominal": 268435456,
  "compute_saving_ratio": 1.0,
  "mean_recursion_depth": 4.0,
  "active_tokens_per_step": [
    256.0,
    256.0,
    256.0,
    256.0
  ],
  "name": "fixed_depth",
  "wall_seconds": 36.7
}