{
  "config": {
    "heads": [
      "cancer_type"
    ],
    "cohorts": null,
    "n_hvg": 4000,
    "batch_size": 64,
    "val_frac": 0.15,
    "test_frac": 0.15,
    "d_model": 128,
    "n_heads": 4,
    "d_ff": 256,
    "dropout": 0.1,
    "n_markers": 256,
    "marker_mode": "router",
    "compress_mode": "aggregate",
    "recursive_marker_refine": true,
    "recursion_depth": 4,
    "share_weights": true,
    "adaptive_depth": false,
    "marker_ffn": false,
    "recursion_mode": "token",
    "router_capacity": null,
    "router_alpha": 1.0,
    "router_temp": 1.0,
    "router_type": "linear",
    "router_z_coeff": 0.001,
    "router_balance_coeff": 0.1,
    "lambda_marker": 0.1,
    "gamma_diversity": 0.05,
    "beta_compression": 0.01,
    "lr": 0.0003,
    "weight_decay": 0.01,
    "epochs": 25,
    "patience": 25,
    "seed": 42,
    "device": "auto"
  },
  "heads": {
    "cancer_type": {
      "accuracy": 0.988527724665392,
      "macro_f1": 0.9891794667062482,
      "weighted_f1": 0.9885375861378662,
      "per_class": {
        "0": {
          "precision": 0.994475138121547,
          "recall": 0.9836065573770492,
          "f1-score": 0.989010989010989,
          "support": 183.0
        },
        "1": {
          "precision": 0.9767441860465116,
          "recall": 0.9882352941176471,
          "f1-score": 0.9824561403508771,
          "support": 85.0
        },
        "2": {
          "precision": 0.9823529411764705,
          "recall": 0.9881656804733728,
          "f1-score": 0.9852507374631269,
          "support": 169.0
        },
        "3": {
          "precision": 1.0,
          "recall": 1.0,
          "f1-score": 1.0,
          "support": 86.0
        },
        "accuracy": 0.988527724665392,
        "macro avg": {
          "precision": 0.9883930663361323,
          "recall": 0.9900018829920173,
          "f1-score": 0.9891794667062482,
          "support": 523.0
        },
        "weighted avg": {
          "precision": 0.9885848052562525,
          "recall": 0.988527724665392,
          "f1-score": 0.9885375861378662,
          "support": 523.0
        }
      },
      "class_names": {
        "0": "Breast (BRCA)",
        "1": "Head--neck (HNSC)",
        "2": "Lung (LUNG)",
        "3": "Prostate (PRAD)"
      }
    }
  },
  "transformer_params": 132992,
  "total_params": 712457,
  "approx_flops_per_sample": 159125967,
  "approx_flops_nominal": 268435456,
  "compute_saving_ratio": 0.5927904196888902,
  "mean_recursion_depth": 2.687126636505127,
  "active_tokens_per_step": [
    256.0,
    201.34608459472656,
    147.1739959716797,
    83.38432312011719
  ],
  "name": "mor_token",
  "wall_seconds": 39.0
}