{
  "config": {
    "heads": [
      "cancer_type"
    ],
    "cohorts": null,
    "n_hvg": 4000,
    "batch_size": 64,
    "val_frac": 0.15,
    "test_frac": 0.15,
    "d_model": 128,
    "n_heads": 4,
    "d_ff": 256,
    "dropout": 0.1,
    "n_markers": 256,
    "marker_mode": "router",
    "compress_mode": "aggregate",
    "recursive_marker_refine": false,
    "recursion_depth": 4,
    "share_weights": true,
    "adaptive_depth": false,
    "marker_ffn": false,
    "recursion_mode": "expert",
    "router_capacity": null,
    "router_alpha": 1.0,
    "router_temp": 1.0,
    "router_type": "linear",
    "router_z_coeff": 0.001,
    "router_balance_coeff": 0.1,
    "lambda_marker": 0.1,
    "gamma_diversity": 0.05,
    "beta_compression": 0.01,
    "lr": 0.0003,
    "weight_decay": 0.01,
    "epochs": 25,
    "patience": 25,
    "seed": 42,
    "device": "auto"
  },
  "heads": {
    "cancer_type": {
      "accuracy": 0.9770554493307839,
      "macro_f1": 0.9790445286723202,
      "weighted_f1": 0.9770776599911815,
      "per_class": {
        "0": {
          "precision": 0.9834254143646409,
          "recall": 0.9726775956284153,
          "f1-score": 0.978021978021978,
          "support": 183.0
        },
        "1": {
          "precision": 0.9761904761904762,
          "recall": 0.9647058823529412,
          "f1-score": 0.9704142011834319,
          "support": 85.0
        },
        "2": {
          "precision": 0.9593023255813954,
          "recall": 0.9763313609467456,
          "f1-score": 0.967741935483871,
          "support": 169.0
        },
        "3": {
          "precision": 1.0,
          "recall": 1.0,
          "f1-score": 1.0,
          "support": 86.0
        },
        "accuracy": 0.9770554493307839,
        "macro avg": {
          "precision": 0.9797295540341281,
          "recall": 0.9784287097320254,
          "f1-score": 0.9790445286723202,
          "support": 523.0
        },
        "weighted avg": {
          "precision": 0.9771799891552113,
          "recall": 0.9770554493307839,
          "f1-score": 0.9770776599911815,
          "support": 523.0
        }
      },
      "class_names": {
        "0": "Breast (BRCA)",
        "1": "Head--neck (HNSC)",
        "2": "Lung (LUNG)",
        "3": "Prostate (PRAD)"
      }
    }
  },
  "transformer_params": 132992,
  "total_params": 712457,
  "approx_flops_per_sample": 161480704,
  "approx_flops_nominal": 268435456,
  "compute_saving_ratio": 0.6015625,
  "mean_recursion_depth": 2.75,
  "active_tokens_per_step": [
    256.0,
    192.0,
    128.0,
    128.0
  ],
  "name": "no_refine",
  "wall_seconds": 35.7
}