{
  "config": {
    "heads": [
      "cancer_type"
    ],
    "cohorts": null,
    "n_hvg": 4000,
    "batch_size": 64,
    "val_frac": 0.15,
    "test_frac": 0.15,
    "d_model": 128,
    "n_heads": 4,
    "d_ff": 256,
    "dropout": 0.1,
    "n_markers": 256,
    "marker_mode": "variance",
    "compress_mode": "drop",
    "recursive_marker_refine": true,
    "recursion_depth": 4,
    "share_weights": true,
    "adaptive_depth": false,
    "marker_ffn": false,
    "recursion_mode": "fixed",
    "router_capacity": null,
    "router_alpha": 1.0,
    "router_temp": 1.0,
    "router_type": "linear",
    "router_z_coeff": 0.001,
    "router_balance_coeff": 0.1,
    "lambda_marker": 0.1,
    "gamma_diversity": 0.05,
    "beta_compression": 0.01,
    "lr": 0.0003,
    "weight_decay": 0.01,
    "epochs": 25,
    "patience": 25,
    "seed": 42,
    "device": "auto"
  },
  "heads": {
    "cancer_type": {
      "accuracy": 0.9789674952198852,
      "macro_f1": 0.9769839032681499,
      "weighted_f1": 0.9791563621201644,
      "per_class": {
        "0": {
          "precision": 0.9945054945054945,
          "recall": 0.9890710382513661,
          "f1-score": 0.9917808219178083,
          "support": 183.0
        },
        "1": {
          "precision": 0.9120879120879121,
          "recall": 0.9764705882352941,
          "f1-score": 0.9431818181818182,
          "support": 85.0
        },
        "2": {
          "precision": 0.9878048780487805,
          "recall": 0.9585798816568047,
          "f1-score": 0.972972972972973,
          "support": 169.0
        },
        "3": {
          "precision": 1.0,
          "recall": 1.0,
          "f1-score": 1.0,
          "support": 86.0
        },
        "accuracy": 0.9789674952198852,
        "macro avg": {
          "precision": 0.9735995711605467,
          "recall": 0.9810303770358663,
          "f1-score": 0.9769839032681499,
          "support": 523.0
        },
        "weighted avg": {
          "precision": 0.9798489529870399,
          "recall": 0.9789674952198852,
          "f1-score": 0.9791563621201644,
          "support": 523.0
        }
      },
      "class_names": {
        "0": "Breast (BRCA)",
        "1": "Head--neck (HNSC)",
        "2": "Lung (LUNG)",
        "3": "Prostate (PRAD)"
      }
    }
  },
  "transformer_params": 132480,
  "total_params": 662665,
  "approx_flops_per_sample": 268435456,
  "approx_flops_nominal": 268435456,
  "compute_saving_ratio": 1.0,
  "mean_recursion_depth": 4.0,
  "active_tokens_per_step": [
    256.0,
    256.0,
    256.0,
    256.0
  ],
  "name": "sel_variance",
  "wall_seconds": 38.8
}