{
 "task": "pathologic_T",
 "seed": 0,
 "n_classes": 4,
 "accuracy": 0.41605839416058393,
 "macro_f1": 0.38550636895439316,
 "weighted_f1": 0.4209777571460552,
 "transformer_params": 132992,
 "recursion_depth": 4,
 "n_markers": 64,
 "flops_eff": 6848512,
 "flops_nominal": 10485760,
 "compute_saving_ratio": 0.653125,
 "mean_recursion_depth": 2.75
}