{
 "task": "pathologic_N",
 "seed": 2,
 "n_classes": 4,
 "accuracy": 0.3813868613138686,
 "macro_f1": 0.3131162346964922,
 "weighted_f1": 0.3995052829958808,
 "transformer_params": 132992,
 "recursion_depth": 4,
 "n_markers": 64,
 "flops_eff": 6848512,
 "flops_nominal": 10485760,
 "compute_saving_ratio": 0.653125,
 "mean_recursion_depth": 2.75
}