{
 "task": "pathologic_N",
 "seed": 1,
 "n_classes": 4,
 "accuracy": 0.4124087591240876,
 "macro_f1": 0.3102181876318298,
 "weighted_f1": 0.42264680603469995,
 "transformer_params": 132992,
 "recursion_depth": 4,
 "n_markers": 128,
 "flops_eff": 15859712,
 "flops_nominal": 25165824,
 "compute_saving_ratio": 0.6302083333333334,
 "mean_recursion_depth": 2.75
}