{
 "task": "pathologic_N",
 "seed": 0,
 "n_classes": 4,
 "accuracy": 0.40875912408759124,
 "macro_f1": 0.30022974249940937,
 "weighted_f1": 0.401397448962876,
 "transformer_params": 132992,
 "recursion_depth": 4,
 "n_markers": 64,
 "flops_eff": 6848512,
 "flops_nominal": 10485760,
 "compute_saving_ratio": 0.653125,
 "mean_recursion_depth": 2.75
}