{
 "task": "pathologic_N",
 "seed": 2,
 "n_classes": 4,
 "accuracy": 0.36496350364963503,
 "macro_f1": 0.295182103703563,
 "weighted_f1": 0.3796970593874445,
 "transformer_params": 132992,
 "recursion_depth": 4,
 "n_markers": 128,
 "flops_eff": 15859712,
 "flops_nominal": 25165824,
 "compute_saving_ratio": 0.6302083333333334,
 "mean_recursion_depth": 2.75
}