{
 "task": "pathologic_stage",
 "seed": 1,
 "n_classes": 4,
 "accuracy": 0.4927007299270073,
 "macro_f1": 0.43645871909661565,
 "weighted_f1": 0.461209480695021,
 "transformer_params": 132992,
 "recursion_depth": 4,
 "n_markers": 64,
 "flops_eff": 6848512,
 "flops_nominal": 10485760,
 "compute_saving_ratio": 0.653125,
 "mean_recursion_depth": 2.75
}