{
 "task": "pathologic_T",
 "seed": 0,
 "n_classes": 4,
 "accuracy": 0.3978102189781022,
 "macro_f1": 0.38016982128632903,
 "weighted_f1": 0.4061856150358936,
 "transformer_params": 132992,
 "recursion_depth": 4,
 "n_markers": 512,
 "flops_eff": 115343360,
 "flops_nominal": 201326592,
 "compute_saving_ratio": 0.5729166666666666,
 "mean_recursion_depth": 2.749999761581421
}