{
 "task": "pathologic_N",
 "seed": 1,
 "n_classes": 4,
 "accuracy": 0.3467153284671533,
 "macro_f1": 0.26167422254036427,
 "weighted_f1": 0.3307074887039253,
 "transformer_params": 132992,
 "recursion_depth": 4,
 "n_markers": 32,
 "flops_eff": 3153920,
 "flops_nominal": 4718592,
 "compute_saving_ratio": 0.6684027777777778,
 "mean_recursion_depth": 2.75
}