{
 "task": "pathologic_stage",
 "seed": 1,
 "n_classes": 4,
 "accuracy": 0.48722627737226276,
 "macro_f1": 0.46100467980791104,
 "weighted_f1": 0.47043456353139357,
 "transformer_params": 132992,
 "recursion_depth": 4,
 "n_markers": 32,
 "flops_eff": 3153920,
 "flops_nominal": 4718592,
 "compute_saving_ratio": 0.6684027777777778,
 "mean_recursion_depth": 2.75
}