{
 "task": "pathologic_T",
 "seed": 1,
 "n_classes": 4,
 "accuracy": 0.3795620437956204,
 "macro_f1": 0.3779277197482943,
 "weighted_f1": 0.37582238364557935,
 "transformer_params": 132992,
 "recursion_depth": 4,
 "n_markers": 512,
 "flops_eff": 115343360,
 "flops_nominal": 201326592,
 "compute_saving_ratio": 0.5729166666666666,
 "mean_recursion_depth": 2.75
}