{
 "task": "pathologic_stage",
 "seed": 2,
 "n_classes": 4,
 "accuracy": 0.4708029197080292,
 "macro_f1": 0.3912850652977798,
 "weighted_f1": 0.4272561180668899,
 "transformer_params": 132992,
 "recursion_depth": 4,
 "n_markers": 32,
 "flops_eff": 3153920,
 "flops_nominal": 4718592,
 "compute_saving_ratio": 0.6684027777777778,
 "mean_recursion_depth": 2.75
}