{
 "task": "pathologic_stage",
 "seed": 1,
 "n_classes": 4,
 "accuracy": 0.5346715328467153,
 "macro_f1": 0.45835817611662233,
 "weighted_f1": 0.4810111265432072,
 "transformer_params": 132992,
 "recursion_depth": 4,
 "n_markers": 128,
 "flops_eff": 15859712,
 "flops_nominal": 25165824,
 "compute_saving_ratio": 0.6302083333333334,
 "mean_recursion_depth": 2.749999761581421
}