{
 "task": "pathologic_N",
 "seed": 0,
 "n_classes": 4,
 "accuracy": 0.41605839416058393,
 "macro_f1": 0.3375327133300702,
 "weighted_f1": 0.4464728650319827,
 "transformer_params": 132992,
 "recursion_depth": 4,
 "n_markers": 512,
 "flops_eff": 115343360,
 "flops_nominal": 201326592,
 "compute_saving_ratio": 0.5729166666666666,
 "mean_recursion_depth": 2.75
}