{
 "task": "pathologic_N",
 "seed": 0,
 "n_classes": 4,
 "accuracy": 0.458029197080292,
 "macro_f1": 0.34353618554504894,
 "weighted_f1": 0.4693029592099722,
 "transformer_params": 132992,
 "recursion_depth": 4,
 "n_markers": 32,
 "flops_eff": 3153920,
 "flops_nominal": 4718592,
 "compute_saving_ratio": 0.6684027777777778,
 "mean_recursion_depth": 2.75
}