{
 "task": "pathologic_stage",
 "seed": 0,
 "n_classes": 4,
 "accuracy": 0.5,
 "macro_f1": 0.44652784401528123,
 "weighted_f1": 0.4718753058554254,
 "transformer_params": 132992,
 "recursion_depth": 4,
 "n_markers": 128,
 "flops_eff": 15859712,
 "flops_nominal": 25165824,
 "compute_saving_ratio": 0.6302083333333334,
 "mean_recursion_depth": 2.75
}