{
 "task": "pathologic_stage",
 "seed": 0,
 "n_classes": 4,
 "accuracy": 0.5072992700729927,
 "macro_f1": 0.4576936240078192,
 "weighted_f1": 0.4818745914462798,
 "transformer_params": 132992,
 "recursion_depth": 4,
 "n_markers": 512,
 "flops_eff": 115343360,
 "flops_nominal": 201326592,
 "compute_saving_ratio": 0.5729166666666666,
 "mean_recursion_depth": 2.75
}