{
 "dataset": "Oesophagus",
 "mode": "learned",
 "K": 4,
 "seed": 2,
 "n_markers": 1089,
 "test_macro_f1": 70.59080035421019,
 "test_accuracy": 87.39056281978397,
 "n_features": 1089,
 "n_classes": 18,
 "n_samples": 87947,
 "learned_lambda": 0.5572821497917175
}