{
 "dataset": "Oesophagus",
 "mode": "learned",
 "K": 4,
 "seed": 0,
 "n_markers": 1089,
 "test_macro_f1": 74.37216635605786,
 "test_accuracy": 87.11768050028425,
 "n_features": 1089,
 "n_classes": 18,
 "n_samples": 87947,
 "learned_lambda": 0.472507506608963
}