{
 "dataset": "Oesophagus",
 "mode": "learned",
 "K": 4,
 "seed": 1,
 "n_markers": 1089,
 "test_macro_f1": 71.54317370977029,
 "test_accuracy": 89.44097024824711,
 "n_features": 1089,
 "n_classes": 18,
 "n_samples": 87947,
 "learned_lambda": 0.6459618210792542
}