{
 "dataset": "baron",
 "n_samples": 8569,
 "n_features": 1936,
 "n_classes": 14,
 "n_train": 5098,
 "n_test": 2571,
 "transformer_params": 224352,
 "total_params": 444317,
 "config": {
  "heads": [
   "cell_type"
  ],
  "cohorts": null,
  "n_hvg": null,
  "n_channels": 1,
  "batch_size": 128,
  "val_frac": 0.15,
  "test_frac": 0.15,
  "d_model": 96,
  "n_heads": 4,
  "d_ff": 192,
  "dropout": 0.1,
  "n_markers": 128,
  "marker_mode": "router",
  "pathway_pool": "mean",
  "compress_mode": "aggregate",
  "recursive_marker_refine": true,
  "peak_init": true,
  "anneal_markers": true,
  "recursion_depth": 6,
  "share_weights": true,
  "share_strategy": "cycle",
  "n_unique_blocks": 3,
  "step_cache": false,
  "adaptive_depth": false,
  "marker_ffn": false,
  "recursion_mode": "fixed",
  "router_capacity": null,
  "router_alpha": 1.0,
  "router_temp": 1.0,
  "router_type": "linear",
  "router_z_coeff": 0.001,
  "router_balance_coeff": 0.1,
  "gene_interaction": "none",
  "interaction_knn": 16,
  "router_prior_beta": 1.0,
  "router_prior_anneal": true,
  "pathway_attn_bias": false,
  "pathway_attn_lambda": 2.0,
  "lambda_marker": 0.1,
  "gamma_diversity": 0.05,
  "beta_compression": 0.01,
  "lr": 0.001,
  "weight_decay": 1e-05,
  "epochs": 80,
  "patience": 12,
  "seed": 0,
  "device": "cuda"
 },
 "heads": {
  "cell_type": {
   "accuracy": 0.8860365616491638,
   "macro_f1": 0.7054317122818621,
   "weighted_f1": 0.8872681039209042,
   "per_class": {
    "0": {
     "precision": 0.983739837398374,
     "recall": 0.8432055749128919,
     "f1-score": 0.9080675422138836,
     "support": 287.0
    },
    "1": {
     "precision": 0.7604166666666666,
     "recall": 0.8588235294117647,
     "f1-score": 0.8066298342541437,
     "support": 85.0
    },
    "2": {
     "precision": 0.9663608562691132,
     "recall": 0.9054441260744985,
     "f1-score": 0.9349112426035503,
     "support": 698.0
    },
    "3": {
     "precision": 0.9303547963206308,
     "recall": 0.9340369393139841,
     "f1-score": 0.9321922317314022,
     "support": 758.0
    },
    "4": {
     "precision": 0.670995670995671,
     "recall": 0.8611111111111112,
     "f1-score": 0.754257907542579,
     "support": 180.0
    },
    "5": {
     "precision": 0.8635097493036211,
     "recall": 0.9597523219814241,
     "f1-score": 0.9090909090909091,
     "support": 323.0
    },
    "6": {
     "precision": 0.9482758620689655,
     "recall": 0.7236842105263158,
     "f1-score": 0.8208955223880597,
     "support": 76.0
    },
    "7": {
     "precision": 0.0,
     "recall": 0.0,
     "f1-score": 0.0,
     "support": 5.0
    },
    "8": {
     "precision": 0.5714285714285714,
     "recall": 0.6233766233766234,
     "f1-score": 0.5962732919254659,
     "support": 77.0
    },
    "9": {
     "precision": 0.6956521739130435,
     "recall": 0.9411764705882353,
     "f1-score": 0.8,
     "support": 17.0
    },
    "10": {
     "precision": 1.0,
     "recall": 0.42857142857142855,
     "f1-score": 0.6,
     "support": 7.0
    },
    "11": {
     "precision": 0.66,
     "recall": 0.6346153846153846,
     "f1-score": 0.6470588235294118,
     "support": 52.0
    },
    "12": {
     "precision": 1.0,
     "recall": 0.5,
     "f1-score": 0.6666666666666666,
     "support": 4.0
    },
    "13": {
     "precision": 0.5,
     "recall": 0.5,
     "f1-score": 0.5,
     "support": 2.0
    },
    "accuracy": 0.8860365616491638,
    "macro avg": {
     "precision": 0.7536238703117613,
     "recall": 0.6938426943202617,
     "f1-score": 0.7054317122818621,
     "support": 2571.0
    },
    "weighted avg": {
     "precision": 0.8948290492279007,
     "recall": 0.8860365616491638,
     "f1-score": 0.8872681039209042,
     "support": 2571.0
    }
   }
  }
 }
}