{
 "dataset": "common_class",
 "n_samples": 27499,
 "n_features": 1089,
 "n_classes": 19,
 "n_train": 16361,
 "n_test": 8250,
 "transformer_params": 224352,
 "total_params": 363975,
 "config": {
  "heads": [
   "cell_type"
  ],
  "cohorts": null,
  "n_hvg": null,
  "n_channels": 1,
  "batch_size": 128,
  "val_frac": 0.15,
  "test_frac": 0.15,
  "d_model": 96,
  "n_heads": 4,
  "d_ff": 192,
  "dropout": 0.1,
  "n_markers": 128,
  "marker_mode": "router",
  "pathway_pool": "mean",
  "compress_mode": "aggregate",
  "recursive_marker_refine": true,
  "peak_init": true,
  "anneal_markers": true,
  "recursion_depth": 6,
  "share_weights": true,
  "share_strategy": "cycle",
  "n_unique_blocks": 3,
  "step_cache": false,
  "adaptive_depth": false,
  "marker_ffn": false,
  "recursion_mode": "fixed",
  "router_capacity": null,
  "router_alpha": 1.0,
  "router_temp": 1.0,
  "router_type": "linear",
  "router_z_coeff": 0.001,
  "router_balance_coeff": 0.1,
  "gene_interaction": "none",
  "interaction_knn": 16,
  "router_prior_beta": 1.0,
  "router_prior_anneal": true,
  "pathway_attn_bias": false,
  "pathway_attn_lambda": 2.0,
  "lambda_marker": 0.1,
  "gamma_diversity": 0.05,
  "beta_compression": 0.01,
  "lr": 0.001,
  "weight_decay": 1e-05,
  "epochs": 80,
  "patience": 12,
  "seed": 0,
  "device": "cuda"
 },
 "heads": {
  "cell_type": {
   "accuracy": 0.8370909090909091,
   "macro_f1": 0.7164940387466276,
   "weighted_f1": 0.8453637906399655,
   "per_class": {
    "0": {
     "precision": 0.6458333333333334,
     "recall": 0.8157894736842105,
     "f1-score": 0.7209302325581395,
     "support": 76.0
    },
    "1": {
     "precision": 0.6787878787878788,
     "recall": 0.6850152905198776,
     "f1-score": 0.6818873668188736,
     "support": 327.0
    },
    "2": {
     "precision": 0.6327433628318584,
     "recall": 0.6008403361344538,
     "f1-score": 0.6163793103448276,
     "support": 238.0
    },
    "3": {
     "precision": 0.7116564417177914,
     "recall": 0.6946107784431138,
     "f1-score": 0.703030303030303,
     "support": 167.0
    },
    "4": {
     "precision": 0.7986577181208053,
     "recall": 0.74375,
     "f1-score": 0.7702265372168284,
     "support": 160.0
    },
    "5": {
     "precision": 0.7361702127659574,
     "recall": 0.7061224489795919,
     "f1-score": 0.7208333333333333,
     "support": 245.0
    },
    "6": {
     "precision": 0.5374149659863946,
     "recall": 0.6638655462184874,
     "f1-score": 0.5939849624060151,
     "support": 119.0
    },
    "7": {
     "precision": 0.8539156626506024,
     "recall": 0.8450074515648286,
     "f1-score": 0.849438202247191,
     "support": 671.0
    },
    "8": {
     "precision": 0.4630541871921182,
     "recall": 0.6527777777777778,
     "f1-score": 0.5417867435158501,
     "support": 144.0
    },
    "9": {
     "precision": 0.78,
     "recall": 0.7572815533980582,
     "f1-score": 0.7684729064039408,
     "support": 412.0
    },
    "10": {
     "precision": 0.663594470046083,
     "recall": 0.8674698795180723,
     "f1-score": 0.7519582245430809,
     "support": 166.0
    },
    "11": {
     "precision": 0.8431818181818181,
     "recall": 0.726027397260274,
     "f1-score": 0.7802313354363828,
     "support": 511.0
    },
    "12": {
     "precision": 0.8857142857142857,
     "recall": 0.8806818181818182,
     "f1-score": 0.8831908831908832,
     "support": 528.0
    },
    "13": {
     "precision": 0.35185185185185186,
     "recall": 0.6063829787234043,
     "f1-score": 0.4453125,
     "support": 94.0
    },
    "14": {
     "precision": 0.6842105263157895,
     "recall": 0.9285714285714286,
     "f1-score": 0.7878787878787878,
     "support": 14.0
    },
    "15": {
     "precision": 0.2993827160493827,
     "recall": 0.48258706467661694,
     "f1-score": 0.36952380952380953,
     "support": 201.0
    },
    "16": {
     "precision": 0.982837528604119,
     "recall": 0.9717194570135747,
     "f1-score": 0.9772468714448237,
     "support": 884.0
    },
    "17": {
     "precision": 0.9854737537140971,
     "recall": 0.9139620330679731,
     "f1-score": 0.9483717235901509,
     "support": 3266.0
    },
    "18": {
     "precision": 0.5531914893617021,
     "recall": 0.9629629629629629,
     "f1-score": 0.7027027027027027,
     "support": 27.0
    },
    "accuracy": 0.8370909090909091,
    "macro avg": {
     "precision": 0.6888248528013614,
     "recall": 0.7634434566682382,
     "f1-score": 0.7164940387466276,
     "support": 8250.0
    },
    "weighted avg": {
     "precision": 0.8590828548926767,
     "recall": 0.8370909090909091,
     "f1-score": 0.8453637906399655,
     "support": 8250.0
    }
   }
  }
 }
}