{
 "dataset": "prototype",
 "n_samples": 90579,
 "n_features": 752,
 "n_classes": 10,
 "n_train": 53894,
 "n_test": 27174,
 "transformer_params": 224352,
 "total_params": 329877,
 "config": {
  "heads": [
   "cell_type"
  ],
  "cohorts": null,
  "n_hvg": null,
  "n_channels": 1,
  "batch_size": 128,
  "val_frac": 0.15,
  "test_frac": 0.15,
  "d_model": 96,
  "n_heads": 4,
  "d_ff": 192,
  "dropout": 0.1,
  "n_markers": 128,
  "marker_mode": "router",
  "pathway_pool": "mean",
  "compress_mode": "aggregate",
  "recursive_marker_refine": true,
  "peak_init": true,
  "anneal_markers": true,
  "recursion_depth": 6,
  "share_weights": true,
  "share_strategy": "cycle",
  "n_unique_blocks": 3,
  "step_cache": false,
  "adaptive_depth": false,
  "marker_ffn": false,
  "recursion_mode": "fixed",
  "router_capacity": null,
  "router_alpha": 1.0,
  "router_temp": 1.0,
  "router_type": "linear",
  "router_z_coeff": 0.001,
  "router_balance_coeff": 0.1,
  "gene_interaction": "none",
  "interaction_knn": 16,
  "router_prior_beta": 1.0,
  "router_prior_anneal": true,
  "pathway_attn_bias": false,
  "pathway_attn_lambda": 2.0,
  "lambda_marker": 0.1,
  "gamma_diversity": 0.05,
  "beta_compression": 0.01,
  "lr": 0.001,
  "weight_decay": 1e-05,
  "epochs": 80,
  "patience": 12,
  "seed": 0,
  "device": "cuda"
 },
 "heads": {
  "cell_type": {
   "accuracy": 0.9592993302421432,
   "macro_f1": 0.9519770836893153,
   "weighted_f1": 0.9592596030386149,
   "per_class": {
    "0": {
     "precision": 0.9558823529411765,
     "recall": 0.9837019790454016,
     "f1-score": 0.9695926563396443,
     "support": 859.0
    },
    "1": {
     "precision": 0.9717171717171718,
     "recall": 0.9477832512315271,
     "f1-score": 0.9596009975062344,
     "support": 1015.0
    },
    "2": {
     "precision": 0.9475138121546961,
     "recall": 0.9589934762348555,
     "f1-score": 0.953219082908754,
     "support": 2146.0
    },
    "3": {
     "precision": 0.9659675504550851,
     "recall": 0.9629191321499014,
     "f1-score": 0.9644409324377716,
     "support": 2535.0
    },
    "4": {
     "precision": 0.8952603861907549,
     "recall": 0.9,
     "f1-score": 0.8976239366383103,
     "support": 1700.0
    },
    "5": {
     "precision": 0.9088740458015268,
     "recall": 0.8931082981715893,
     "f1-score": 0.9009222038306929,
     "support": 2133.0
    },
    "6": {
     "precision": 0.938121546961326,
     "recall": 0.9443826473859844,
     "f1-score": 0.9412416851441242,
     "support": 2697.0
    },
    "7": {
     "precision": 0.9764473211075153,
     "recall": 0.9766229095486423,
     "f1-score": 0.9765351074350445,
     "support": 5561.0
    },
    "8": {
     "precision": 0.9743315508021391,
     "recall": 0.9612239514639936,
     "f1-score": 0.9677333687425309,
     "support": 3791.0
    },
    "9": {
     "precision": 0.9845155890353631,
     "recall": 0.9932446696221237,
     "f1-score": 0.9888608659100462,
     "support": 4737.0
    },
    "accuracy": 0.9592993302421432,
    "macro avg": {
     "precision": 0.9518631327166756,
     "recall": 0.9521980314854019,
     "f1-score": 0.9519770836893153,
     "support": 27174.0
    },
    "weighted avg": {
     "precision": 0.9592823238080874,
     "recall": 0.9592993302421432,
     "f1-score": 0.9592596030386149,
     "support": 27174.0
    }
   }
  }
 }
}