{
 "dataset": "tabula_muris",
 "n_samples": 54865,
 "n_features": 1089,
 "n_classes": 55,
 "n_train": 32645,
 "n_test": 16458,
 "transformer_params": 224352,
 "total_params": 370959,
 "config": {
  "heads": [
   "cell_type"
  ],
  "cohorts": null,
  "n_hvg": null,
  "n_channels": 1,
  "batch_size": 128,
  "val_frac": 0.15,
  "test_frac": 0.15,
  "d_model": 96,
  "n_heads": 4,
  "d_ff": 192,
  "dropout": 0.1,
  "n_markers": 128,
  "marker_mode": "router",
  "pathway_pool": "mean",
  "compress_mode": "aggregate",
  "recursive_marker_refine": true,
  "peak_init": true,
  "anneal_markers": true,
  "recursion_depth": 6,
  "share_weights": true,
  "share_strategy": "cycle",
  "n_unique_blocks": 3,
  "step_cache": false,
  "adaptive_depth": false,
  "marker_ffn": false,
  "recursion_mode": "fixed",
  "router_capacity": null,
  "router_alpha": 1.0,
  "router_temp": 1.0,
  "router_type": "linear",
  "router_z_coeff": 0.001,
  "router_balance_coeff": 0.1,
  "gene_interaction": "none",
  "interaction_knn": 16,
  "router_prior_beta": 1.0,
  "router_prior_anneal": true,
  "pathway_attn_bias": false,
  "pathway_attn_lambda": 2.0,
  "lambda_marker": 0.1,
  "gamma_diversity": 0.05,
  "beta_compression": 0.01,
  "lr": 0.001,
  "weight_decay": 1e-05,
  "epochs": 80,
  "patience": 12,
  "seed": 0,
  "device": "cuda"
 },
 "heads": {
  "cell_type": {
   "accuracy": 0.8806659375379755,
   "macro_f1": 0.8053196481346646,
   "weighted_f1": 0.8748973333483194,
   "per_class": {
    "0": {
     "precision": 0.9433526011560693,
     "recall": 0.9839228295819936,
     "f1-score": 0.9632107023411371,
     "support": 2488.0
    },
    "1": {
     "precision": 0.625,
     "recall": 0.38461538461538464,
     "f1-score": 0.47619047619047616,
     "support": 13.0
    },
    "2": {
     "precision": 0.625,
     "recall": 0.75,
     "f1-score": 0.6818181818181818,
     "support": 20.0
    },
    "3": {
     "precision": 0.8,
     "recall": 0.7272727272727273,
     "f1-score": 0.7619047619047619,
     "support": 11.0
    },
    "4": {
     "precision": 0.9021820917983446,
     "recall": 0.9062736205593348,
     "f1-score": 0.9042232277526395,
     "support": 1323.0
    },
    "5": {
     "precision": 0.9607843137254902,
     "recall": 0.9423076923076923,
     "f1-score": 0.9514563106796117,
     "support": 104.0
    },
    "6": {
     "precision": 0.9586776859504132,
     "recall": 0.9830508474576272,
     "f1-score": 0.9707112970711297,
     "support": 118.0
    },
    "7": {
     "precision": 0.9750972762645914,
     "recall": 0.9442351168048229,
     "f1-score": 0.9594180704441041,
     "support": 1327.0
    },
    "8": {
     "precision": 0.9375,
     "recall": 0.8333333333333334,
     "f1-score": 0.8823529411764706,
     "support": 18.0
    },
    "9": {
     "precision": 0.944,
     "recall": 0.9806094182825484,
     "f1-score": 0.9619565217391305,
     "support": 361.0
    },
    "10": {
     "precision": 0.9943181818181818,
     "recall": 1.0,
     "f1-score": 0.9971509971509972,
     "support": 350.0
    },
    "11": {
     "precision": 0.7353629976580797,
     "recall": 0.9181286549707602,
     "f1-score": 0.8166449934980494,
     "support": 342.0
    },
    "12": {
     "precision": 0.9473684210526315,
     "recall": 1.0,
     "f1-score": 0.972972972972973,
     "support": 18.0
    },
    "13": {
     "precision": 0.8333333333333334,
     "recall": 1.0,
     "f1-score": 0.9090909090909091,
     "support": 15.0
    },
    "14": {
     "precision": 0.5535714285714286,
     "recall": 0.6458333333333334,
     "f1-score": 0.5961538461538461,
     "support": 48.0
    },
    "15": {
     "precision": 0.38461538461538464,
     "recall": 0.38461538461538464,
     "f1-score": 0.38461538461538464,
     "support": 13.0
    },
    "16": {
     "precision": 1.0,
     "recall": 1.0,
     "f1-score": 1.0,
     "support": 8.0
    },
    "17": {
     "precision": 0.7727272727272727,
     "recall": 0.8947368421052632,
     "f1-score": 0.8292682926829268,
     "support": 19.0
    },
    "18": {
     "precision": 0.95,
     "recall": 1.0,
     "f1-score": 0.9743589743589743,
     "support": 19.0
    },
    "19": {
     "precision": 0.9285714285714286,
     "recall": 0.8534583821805393,
     "f1-score": 0.889431887599267,
     "support": 853.0
    },
    "20": {
     "precision": 1.0,
     "recall": 0.625,
     "f1-score": 0.7692307692307693,
     "support": 8.0
    },
    "21": {
     "precision": 0.8647686832740213,
     "recall": 0.9310344827586207,
     "f1-score": 0.8966789667896679,
     "support": 261.0
    },
    "22": {
     "precision": 0.8837209302325582,
     "recall": 0.8260869565217391,
     "f1-score": 0.8539325842696629,
     "support": 46.0
    },
    "23": {
     "precision": 0.8636363636363636,
     "recall": 0.8382352941176471,
     "f1-score": 0.8507462686567164,
     "support": 68.0
    },
    "24": {
     "precision": 0.9383259911894273,
     "recall": 0.9770642201834863,
     "f1-score": 0.9573033707865168,
     "support": 218.0
    },
    "25": {
     "precision": 0.9439252336448598,
     "recall": 0.8938053097345132,
     "f1-score": 0.9181818181818182,
     "support": 113.0
    },
    "26": {
     "precision": 0.8384615384615385,
     "recall": 0.923728813559322,
     "f1-score": 0.8790322580645161,
     "support": 118.0
    },
    "27": {
     "precision": 0.9943609022556391,
     "recall": 1.0,
     "f1-score": 0.9971724787935909,
     "support": 529.0
    },
    "28": {
     "precision": 0.65625,
     "recall": 0.6176470588235294,
     "f1-score": 0.6363636363636364,
     "support": 34.0
    },
    "29": {
     "precision": 0.96,
     "recall": 0.9458128078817734,
     "f1-score": 0.9528535980148883,
     "support": 406.0
    },
    "30": {
     "precision": 0.9299163179916318,
     "recall": 0.9631635969664138,
     "f1-score": 0.9462480042575838,
     "support": 923.0
    },
    "31": {
     "precision": 0.8583333333333333,
     "recall": 0.8728813559322034,
     "f1-score": 0.865546218487395,
     "support": 118.0
    },
    "32": {
     "precision": 0.15,
     "recall": 0.21428571428571427,
     "f1-score": 0.17647058823529413,
     "support": 14.0
    },
    "33": {
     "precision": 0.9224137931034483,
     "recall": 0.8045112781954887,
     "f1-score": 0.8594377510040161,
     "support": 133.0
    },
    "34": {
     "precision": 0.8709677419354839,
     "recall": 0.9574468085106383,
     "f1-score": 0.9121621621621622,
     "support": 141.0
    },
    "35": {
     "precision": 0.9835616438356164,
     "recall": 1.0,
     "f1-score": 0.9917127071823204,
     "support": 359.0
    },
    "36": {
     "precision": 0.8863636363636364,
     "recall": 0.9873417721518988,
     "f1-score": 0.9341317365269461,
     "support": 79.0
    },
    "37": {
     "precision": 0.5267857142857143,
     "recall": 0.6082474226804123,
     "f1-score": 0.5645933014354066,
     "support": 97.0
    },
    "38": {
     "precision": 0.9432624113475178,
     "recall": 0.9637681159420289,
     "f1-score": 0.953405017921147,
     "support": 138.0
    },
    "39": {
     "precision": 0.8732394366197183,
     "recall": 0.8920863309352518,
     "f1-score": 0.8825622775800712,
     "support": 139.0
    },
    "40": {
     "precision": 0.536697247706422,
     "recall": 0.29545454545454547,
     "f1-score": 0.3811074918566775,
     "support": 396.0
    },
    "41": {
     "precision": 0.6,
     "recall": 0.8571428571428571,
     "f1-score": 0.7058823529411765,
     "support": 7.0
    },
    "42": {
     "precision": 0.8125,
     "recall": 0.8666666666666667,
     "f1-score": 0.8387096774193549,
     "support": 15.0
    },
    "43": {
     "precision": 0.9607515657620042,
     "recall": 0.9774851316907391,
     "f1-score": 0.969046114971573,
     "support": 2354.0
    },
    "44": {
     "precision": 0.36177474402730375,
     "recall": 0.9325513196480938,
     "f1-score": 0.521311475409836,
     "support": 341.0
    },
    "45": {
     "precision": 0.7512953367875648,