{
 "dataset": "prostate",
 "arch": "vanilla",
 "K": 4,
 "seed": 2,
 "test_macro_f1": 62.48784283213382,
 "test_accuracy": 62.5615763546798,
 "transformer_params": 529920,
 "total_params": 1195340,
 "n_markers": 256,
 "d_model": 128,
 "d_ff": 256,
 "flops_nominal": 268435456.0,
 "flops_effective": 268435456.0,
 "compute_saving": 0.0
}