{
 "task": "pathologic_stage",
 "n_samples": 943,
 "n_genes": 20530,
 "n_classes": 4,
 "n_train": 640,
 "n_test": 189,
 "transformer_params": 530432,
 "total_params": 3225737,
 "mean_recursion_depth": 2.75,
 "compute_saving_ratio": 0.6015625,
 "config": {
  "heads": [
   "pathologic_stage"
  ],
  "cohorts": null,
  "n_hvg": null,
  "batch_size": 32,
  "val_frac": 0.15,
  "test_frac": 0.15,
  "d_model": 128,
  "n_heads": 4,
  "d_ff": 256,
  "dropout": 0.1,
  "n_markers": 256,
  "marker_mode": "router",
  "compress_mode": "aggregate",
  "recursive_marker_refine": true,
  "peak_init": true,
  "anneal_markers": true,
  "recursion_depth": 4,
  "share_weights": false,
  "adaptive_depth": false,
  "marker_ffn": false,
  "recursion_mode": "expert",
  "router_capacity": null,
  "router_alpha": 1.0,
  "router_temp": 1.0,
  "router_type": "linear",
  "router_z_coeff": 0.001,
  "router_balance_coeff": 0.1,
  "gene_interaction": "none",
  "interaction_knn": 16,
  "router_prior_beta": 1.0,
  "router_prior_anneal": true,
  "lambda_marker": 0.1,
  "gamma_diversity": 0.05,
  "beta_compression": 0.01,
  "lr": 0.0003,
  "weight_decay": 0.01,
  "epochs": 40,
  "patience": 8,
  "seed": 42,
  "device": "cuda"
 },
 "heads": {
  "pathologic_stage": {
   "accuracy": 0.41798941798941797,
   "macro_f1": 0.28728384054060396,
   "weighted_f1": 0.4342662828549405,
   "per_class": {
    "0": {
     "precision": 0.611764705882353,
     "recall": 0.5252525252525253,
     "f1-score": 0.5652173913043478,
     "support": 99.0
    },
    "1": {
     "precision": 0.34545454545454546,
     "recall": 0.35185185185185186,
     "f1-score": 0.3486238532110092,
     "support": 54.0
    },
    "2": {
     "precision": 0.21621621621621623,
     "recall": 0.25806451612903225,
     "f1-score": 0.23529411764705882,
     "support": 31.0
    },
    "3": {
     "precision": 0.0,
     "recall": 0.0,
     "f1-score": 0.0,
     "support": 5.0
    },
    "accuracy": 0.41798941798941797,
    "macro avg": {
     "precision": 0.29335886688827867,
     "recall": 0.28379222330835235,
     "f1-score": 0.28728384054060396,
     "support": 189.0
    },
    "weighted avg": {
     "precision": 0.45461351343704287,
     "recall": 0.41798941798941797,
     "f1-score": 0.4342662828549405,
     "support": 189.0
    }
   }
  }
 }
}