{
 "dataset": "pancreas",
 "arch": "recursive",
 "K": 4,
 "seed": 1,
 "test_macro_f1": 54.72989168897141,
 "test_accuracy": 93.70004701457452,
 "transformer_params": 74784,
 "total_params": 294943,
 "n_markers": 128,
 "d_model": 96,
 "d_ff": 192,
 "flops_nominal": 62914560.0,
 "flops_effective": 62914560.0,
 "compute_saving": 0.0
}