{
 "dataset": "Xin",
 "mode": "learned_anchor",
 "K": 4,
 "seed": 1,
 "n_markers": 128,
 "test_macro_f1": 66.87382731625259,
 "test_accuracy": 87.05357142857143,
 "val_macro_f1": 67.9089861751152,
 "n_features": 2000,
 "n_classes": 4,
 "n_samples": 1492,
 "learned_lambda": 0.2153930962085724,
 "bio_anchor_have": true
}