{
 "dataset": "Xin",
 "mode": "learned_anchor",
 "K": 4,
 "seed": 2,
 "n_markers": 128,
 "test_macro_f1": 72.31628724045306,
 "test_accuracy": 89.95535714285714,
 "val_macro_f1": 72.42582732273452,
 "n_features": 2000,
 "n_classes": 4,
 "n_samples": 1492,
 "learned_lambda": 0.2266412228345871,
 "bio_anchor_have": true
}