{
 "dataset": "Xin",
 "mode": "learned_anchor",
 "K": 4,
 "seed": 0,
 "n_markers": 128,
 "test_macro_f1": 64.88517390195716,
 "test_accuracy": 86.16071428571429,
 "val_macro_f1": 66.63863537592351,
 "n_features": 2000,
 "n_classes": 4,
 "n_samples": 1492,
 "learned_lambda": 0.2239387184381485,
 "bio_anchor_have": true
}