{
 "dataset": "pancreas",
 "arch": "mor",
 "K": 32,
 "seed": 1,
 "test_macro_f1": 5.348303754678256,
 "test_accuracy": 41.654913023037146,
 "transformer_params": 77856,
 "total_params": 298015,
 "n_markers": 128,
 "d_model": 96,
 "d_ff": 192,
 "flops_nominal": 503316480.0,
 "mean_token_depth": 16.75,
 "active_fraction_per_step": [
  1.0,
  0.75,
  0.5,
  0.5,
  0.5,
  0.5,
  0.5,
  0.5,
  0.5,
  0.5,
  0.5,
  0.5,
  0.5,
  0.5,
  0.5,
  0.5,
  0.5,
  0.5,
  0.5,
  0.5,
  0.5,
  0.5,
  0.5,
  0.5,
  0.5,
  0.5,
  0.5,
  0.5,
  0.5,
  0.5,
  0.5,
  0.5
 ],
 "flops_effective": 215089152.0,
 "compute_saving": 0.57265625
}