{
 "dataset": "pancreas",
 "arch": "recursive",
 "K": 32,
 "seed": 0,
 "test_macro_f1": 54.64191523022397,
 "test_accuracy": 84.5322049835449,
 "transformer_params": 74784,
 "total_params": 294943,
 "n_markers": 128,
 "d_model": 96,
 "d_ff": 192,
 "flops_nominal": 503316480.0,
 "flops_effective": 503316480.0,
 "compute_saving": 0.0
}