{
 "dataset": "pancreas",
 "arch": "recursive",
 "K": 32,
 "seed": 1,
 "test_macro_f1": 4.907499723053063,
 "test_accuracy": 41.654913023037146,
 "transformer_params": 74784,
 "total_params": 294943,
 "n_markers": 128,
 "d_model": 96,
 "d_ff": 192,
 "flops_nominal": 503316480.0,
 "flops_effective": 503316480.0,
 "compute_saving": 0.0
}