{
 "dataset": "pancreas",
 "arch": "vanilla",
 "K": 32,
 "seed": 0,
 "test_macro_f1": 54.50378564305435,
 "test_accuracy": 89.51574988246357,
 "transformer_params": 2393088,
 "total_params": 2613247,
 "n_markers": 128,
 "d_model": 96,
 "d_ff": 192,
 "flops_nominal": 503316480.0,
 "flops_effective": 503316480.0,
 "compute_saving": 0.0
}