{
 "dataset": "Xin",
 "mode": "learned",
 "K": 4,
 "seed": 2,
 "n_markers": 256,
 "test_macro_f1": 70.72168602596234,
 "test_accuracy": 90.625,
 "n_features": 2000,
 "n_classes": 4,
 "n_samples": 1492,
 "learned_lambda": 0.2138069123029709
}