{
 "dataset": "Lung",
 "mode": "coexpr",
 "K": 4,
 "seed": 3,
 "test_macro_f1": 73.02465047626129,
 "test_accuracy": 80.87805448380685,
 "n_features": 1089,
 "n_classes": 25,
 "n_samples": 57020
}