{
 "dataset": "Lung",
 "mode": "coexpr",
 "K": 4,
 "seed": 6,
 "test_macro_f1": 69.01534966616354,
 "test_accuracy": 79.73225768736117,
 "n_features": 1089,
 "n_classes": 25,
 "n_samples": 57020
}