{
 "dataset": "Lung",
 "mode": "coexpr",
 "K": 4,
 "seed": 1,
 "test_macro_f1": 69.65569345697722,
 "test_accuracy": 82.37460540161347,
 "n_features": 1089,
 "n_classes": 25,
 "n_samples": 57020
}