{
 "dataset": "Lung",
 "mode": "coexpr",
 "K": 4,
 "seed": 2,
 "test_macro_f1": 73.55576755755435,
 "test_accuracy": 81.07096925055536,
 "n_features": 1089,
 "n_classes": 25,
 "n_samples": 57020
}