{
 "dataset": "Lung",
 "mode": "coexpr",
 "K": 4,
 "seed": 7,
 "test_macro_f1": 69.82889652918325,
 "test_accuracy": 80.07132000467672,
 "n_features": 1089,
 "n_classes": 25,
 "n_samples": 57020
}