{
 "dataset": "Lung",
 "mode": "coexpr",
 "K": 4,
 "seed": 0,
 "test_macro_f1": 70.71618632055932,
 "test_accuracy": 80.36361510581082,
 "n_features": 1089,
 "n_classes": 25,
 "n_samples": 57020
}