{
 "dataset": "Lung",
 "mode": "coexpr",
 "K": 4,
 "seed": 8,
 "test_macro_f1": 73.35665769980825,
 "test_accuracy": 81.79586110136793,
 "n_features": 1089,
 "n_classes": 25,
 "n_samples": 57020
}