{
 "dataset": "Lung",
 "mode": "coexpr",
 "K": 4,
 "seed": 4,
 "test_macro_f1": 75.49964457329963,
 "test_accuracy": 82.1349234186835,
 "n_features": 1089,
 "n_classes": 25,
 "n_samples": 57020
}