{
 "dataset": "Lung",
 "mode": "coexpr",
 "K": 4,
 "seed": 5,
 "test_macro_f1": 74.91553289990014,
 "test_accuracy": 81.9712381620484,
 "n_features": 1089,
 "n_classes": 25,
 "n_samples": 57020
}