{
 "dataset": "Lung",
 "mode": "coexpr",
 "K": 4,
 "seed": 9,
 "test_macro_f1": 72.94293390867773,
 "test_accuracy": 81.52110370630187,
 "n_features": 1089,
 "n_classes": 25,
 "n_samples": 57020
}