{
 "dataset": "Lung",
 "mode": "learned",
 "K": 4,
 "seed": 5,
 "test_macro_f1": 80.44501578159019,
 "test_accuracy": 87.33777621887057,
 "n_features": 1089,
 "n_classes": 25,
 "n_samples": 57020,
 "learned_lambda": 0.5940186381340027
}