{
 "dataset": "Lung",
 "mode": "learned",
 "K": 4,
 "seed": 9,
 "test_macro_f1": 78.98853786937268,
 "test_accuracy": 86.22705483456097,
 "n_features": 1089,
 "n_classes": 25,
 "n_samples": 57020,
 "learned_lambda": 0.6258761286735535
}