{
 "dataset": "Lung",
 "mode": "learned",
 "K": 4,
 "seed": 0,
 "test_macro_f1": 79.51918822074518,
 "test_accuracy": 85.60738922015668,
 "n_features": 1089,
 "n_classes": 25,
 "n_samples": 57020,
 "learned_lambda": 0.4972289800643921
}