{
 "dataset": "Lung",
 "mode": "learned_bio",
 "K": 4,
 "seed": 3,
 "test_macro_f1": 80.84002663061223,
 "test_accuracy": 87.27931719864375,
 "n_features": 1089,
 "n_classes": 25,
 "n_samples": 57020,
 "learned_lambda": 0.6227969527244568
}