{
 "dataset": "Lung",
 "mode": "learned",
 "K": 4,
 "seed": 6,
 "test_macro_f1": 76.35964080145925,
 "test_accuracy": 86.26797614871975,
 "n_features": 1089,
 "n_classes": 25,
 "n_samples": 57020,
 "learned_lambda": 0.762074887752533
}