{
 "dataset": "Lung",
 "mode": "learned",
 "K": 4,
 "seed": 4,
 "test_macro_f1": 80.17672684579189,
 "test_accuracy": 87.33193031684789,
 "n_features": 1089,
 "n_classes": 25,
 "n_samples": 57020,
 "learned_lambda": 0.6808955073356628
}