{
 "dataset": "Lung",
 "mode": "learned",
 "K": 4,
 "seed": 7,
 "test_macro_f1": 79.12518736658262,
 "test_accuracy": 85.9230679293815,
 "n_features": 1089,
 "n_classes": 25,
 "n_samples": 57020,
 "learned_lambda": 0.5646835565567017
}