{
 "dataset": "Lung",
 "mode": "learned_bio",
 "K": 4,
 "seed": 7,
 "test_macro_f1": 79.01122843997437,
 "test_accuracy": 86.81749093885186,
 "n_features": 1089,
 "n_classes": 25,
 "n_samples": 57020,
 "learned_lambda": 0.6197677254676819
}