{
 "dataset": "Lung",
 "mode": "learned_bio",
 "K": 4,
 "seed": 8,
 "test_macro_f1": 78.60463616443738,
 "test_accuracy": 86.7064188004209,
 "n_features": 1089,
 "n_classes": 25,
 "n_samples": 57020,
 "learned_lambda": 0.6285483837127686
}