{
 "dataset": "Lung",
 "mode": "learned_bio",
 "K": 4,
 "seed": 5,
 "test_macro_f1": 79.79668619865086,
 "test_accuracy": 86.5485794458085,
 "n_features": 1089,
 "n_classes": 25,
 "n_samples": 57020,
 "learned_lambda": 0.6920114755630493
}