{
 "dataset": "Lung",
 "mode": "learned",
 "K": 4,
 "seed": 3,
 "test_macro_f1": 80.00992145913096,
 "test_accuracy": 86.84087454694259,
 "n_features": 1089,
 "n_classes": 25,
 "n_samples": 57020,
 "learned_lambda": 0.4587056040763855
}