{
 "dataset": "Lung",
 "mode": "learned_bio",
 "K": 4,
 "seed": 1,
 "test_macro_f1": 78.75757405550185,
 "test_accuracy": 86.17444171635682,
 "n_features": 1089,
 "n_classes": 25,
 "n_samples": 57020,
 "learned_lambda": 0.7236061692237854
}