{
 "dataset": "Lung",
 "mode": "learned_bio",
 "K": 4,
 "seed": 9,
 "test_macro_f1": 80.08005847369552,
 "test_accuracy": 86.19782532444756,
 "n_features": 1089,
 "n_classes": 25,
 "n_samples": 57020,
 "learned_lambda": 0.7810722589492798
}