{
 "dataset": "Lung",
 "mode": "learned_bio",
 "K": 4,
 "seed": 2,
 "test_macro_f1": 79.00952334701734,
 "test_accuracy": 86.53688764176313,
 "n_features": 1089,
 "n_classes": 25,
 "n_samples": 57020,
 "learned_lambda": 0.45568615198135376
}