{
 "dataset": "Lung",
 "mode": "learned_bio",
 "K": 4,
 "seed": 0,
 "test_macro_f1": 79.25695899624972,
 "test_accuracy": 86.5485794458085,
 "n_features": 1089,
 "n_classes": 25,
 "n_samples": 57020,
 "learned_lambda": 0.721642792224884
}