{
 "dataset": "Lung",
 "mode": "learned_bio",
 "K": 4,
 "seed": 6,
 "test_macro_f1": 77.84343414995858,
 "test_accuracy": 86.39074009119608,
 "n_features": 1089,
 "n_classes": 25,
 "n_samples": 57020,
 "learned_lambda": 0.6235480308532715
}