{
 "dataset": "Lung",
 "mode": "learned",
 "K": 4,
 "seed": 8,
 "test_macro_f1": 79.711941579059,
 "test_accuracy": 86.8057991348065,
 "n_features": 1089,
 "n_classes": 25,
 "n_samples": 57020,
 "learned_lambda": 0.5661233067512512
}