{
 "dataset": "Lung",
 "mode": "none",
 "K": 4,
 "seed": 1,
 "test_macro_f1": 70.45906446716361,
 "test_accuracy": 79.77317900151994,
 "n_features": 1089,
 "n_classes": 25,
 "n_samples": 57020
}