{
 "dataset": "Lung",
 "mode": "none",
 "K": 4,
 "seed": 2,
 "test_macro_f1": 73.2231855060942,
 "test_accuracy": 77.83818543201217,
 "n_features": 1089,
 "n_classes": 25,
 "n_samples": 57020
}