{
 "dataset": "Lung",
 "mode": "none",
 "K": 4,
 "seed": 0,
 "test_macro_f1": 71.77435533639076,
 "test_accuracy": 77.30620834794809,
 "n_features": 1089,
 "n_classes": 25,
 "n_samples": 57020
}