{
 "dataset": "Lung",
 "mode": "none",
 "K": 4,
 "seed": 4,
 "test_macro_f1": 73.80200988182158,
 "test_accuracy": 79.04828715070735,
 "n_features": 1089,
 "n_classes": 25,
 "n_samples": 57020
}