{
 "dataset": "Lung",
 "mode": "none",
 "K": 4,
 "seed": 9,
 "test_macro_f1": 71.2710909887139,
 "test_accuracy": 78.34677890798551,
 "n_features": 1089,
 "n_classes": 25,
 "n_samples": 57020
}