{
 "dataset": "Lung",
 "mode": "none",
 "K": 4,
 "seed": 8,
 "test_macro_f1": 71.92090400514766,
 "test_accuracy": 78.00187068864726,
 "n_features": 1089,
 "n_classes": 25,
 "n_samples": 57020
}