{
 "dataset": "Lung",
 "mode": "none",
 "K": 4,
 "seed": 3,
 "test_macro_f1": 72.4654318868425,
 "test_accuracy": 79.98947737635918,
 "n_features": 1089,
 "n_classes": 25,
 "n_samples": 57020
}