{
 "dataset": "Lung",
 "mode": "none",
 "K": 4,
 "seed": 6,
 "test_macro_f1": 69.62472195826558,
 "test_accuracy": 77.61604115515024,
 "n_features": 1089,
 "n_classes": 25,
 "n_samples": 57020
}