{
 "dataset": "Lung",
 "mode": "none",
 "K": 4,
 "seed": 5,
 "test_macro_f1": 71.91337727012461,
 "test_accuracy": 75.85057874430025,
 "n_features": 1089,
 "n_classes": 25,
 "n_samples": 57020
}