{
 "dataset": "Lung",
 "mode": "none",
 "K": 4,
 "seed": 7,
 "test_macro_f1": 69.53246468947847,
 "test_accuracy": 76.07272302116218,
 "n_features": 1089,
 "n_classes": 25,
 "n_samples": 57020
}