{
 "dataset": "Lung",
 "mode": "random",
 "K": 4,
 "seed": 8,
 "test_macro_f1": 70.04400492221576,
 "test_accuracy": 77.40558868233369,
 "n_features": 1089,
 "n_classes": 25,
 "n_samples": 57020
}