{
 "dataset": "Lung",
 "mode": "random",
 "K": 4,
 "seed": 9,
 "test_macro_f1": 70.39884156762116,
 "test_accuracy": 76.86191979422425,
 "n_features": 1089,
 "n_classes": 25,
 "n_samples": 57020
}