{
 "dataset": "Lung",
 "mode": "random",
 "K": 4,
 "seed": 2,
 "test_macro_f1": 73.65147940661193,
 "test_accuracy": 79.66795276511166,
 "n_features": 1089,
 "n_classes": 25,
 "n_samples": 57020
}