{
 "dataset": "Lung",
 "mode": "random",
 "K": 4,
 "seed": 4,
 "test_macro_f1": 72.96414501988083,
 "test_accuracy": 78.42862153630305,
 "n_features": 1089,
 "n_classes": 25,
 "n_samples": 57020
}