{
 "dataset": "Lung",
 "mode": "random",
 "K": 4,
 "seed": 1,
 "test_macro_f1": 65.5095773777243,
 "test_accuracy": 77.51666082076466,
 "n_features": 1089,
 "n_classes": 25,
 "n_samples": 57020
}