{
 "dataset": "Lung",
 "mode": "random",
 "K": 4,
 "seed": 6,
 "test_macro_f1": 66.8034208775524,
 "test_accuracy": 76.8736115982696,
 "n_features": 1089,
 "n_classes": 25,
 "n_samples": 57020
}