{
 "dataset": "Lung",
 "mode": "random",
 "K": 4,
 "seed": 3,
 "test_macro_f1": 69.85288785372956,
 "test_accuracy": 79.05997895475272,
 "n_features": 1089,
 "n_classes": 25,
 "n_samples": 57020
}