{
 "dataset": "Lung",
 "mode": "random",
 "K": 4,
 "seed": 5,
 "test_macro_f1": 70.82415567983011,
 "test_accuracy": 75.92072956857243,
 "n_features": 1089,
 "n_classes": 25,
 "n_samples": 57020
}