{
 "dataset": "Lung",
 "mode": "random",
 "K": 4,
 "seed": 7,
 "test_macro_f1": 68.43445188174272,
 "test_accuracy": 77.00222144276862,
 "n_features": 1089,
 "n_classes": 25,
 "n_samples": 57020
}