{
 "dataset": "Lung",
 "mode": "random",
 "K": 4,
 "seed": 0,
 "test_macro_f1": 67.49307260451577,
 "test_accuracy": 75.48813281889396,
 "n_features": 1089,
 "n_classes": 25,
 "n_samples": 57020
}