{
 "dataset": "common_class",
 "n_samples": 27499,
 "n_features": 1089,
 "n_classes": 19,
 "n_train": 16361,
 "n_test": 8250,
 "transformer_params": 74784,
 "total_params": 214407,
 "config": {
  "heads": [
   "cell_type"
  ],
  "cohorts": null,
  "n_hvg": null,
  "n_channels": 1,
  "batch_size": 128,
  "val_frac": 0.15,
  "test_frac": 0.15,
  "d_model": 96,
  "n_heads": 4,
  "d_ff": 192,
  "dropout": 0.1,
  "n_markers": 128,
  "marker_mode": "router",
  "pathway_pool": "mean",
  "compress_mode": "aggregate",
  "recursive_marker_refine": true,
  "peak_init": true,
  "anneal_markers": true,
  "recursion_depth": 4,
  "share_weights": true,
  "adaptive_depth": false,
  "marker_ffn": false,
  "recursion_mode": "fixed",
  "router_capacity": null,
  "router_alpha": 1.0,
  "router_temp": 1.0,
  "router_type": "linear",
  "router_z_coeff": 0.001,
  "router_balance_coeff": 0.1,
  "gene_interaction": "none",
  "interaction_knn": 16,
  "router_prior_beta": 1.0,
  "router_prior_anneal": true,
  "pathway_attn_bias": false,
  "pathway_attn_lambda": 2.0,
  "lambda_marker": 0.1,
  "gamma_diversity": 0.05,
  "beta_compression": 0.01,
  "lr": 0.001,
  "weight_decay": 1e-05,
  "epochs": 150,
  "patience": 15,
  "seed": 1,
  "device": "cuda"
 },
 "heads": {
  "cell_type": {
   "accuracy": 0.8321212121212122,
   "macro_f1": 0.7134847069367716,
   "weighted_f1": 0.8387096022841263,
   "per_class": {
    "0": {
     "precision": 0.828125,
     "recall": 0.6973684210526315,
     "f1-score": 0.7571428571428571,
     "support": 76.0
    },
    "1": {
     "precision": 0.721830985915493,
     "recall": 0.6269113149847095,
     "f1-score": 0.6710310965630114,
     "support": 327.0
    },
    "2": {
     "precision": 0.7611940298507462,
     "recall": 0.8571428571428571,
     "f1-score": 0.8063241106719368,
     "support": 238.0
    },
    "3": {
     "precision": 0.6174863387978142,
     "recall": 0.6766467065868264,
     "f1-score": 0.6457142857142857,
     "support": 167.0
    },
    "4": {
     "precision": 0.8266666666666667,
     "recall": 0.775,
     "f1-score": 0.8,
     "support": 160.0
    },
    "5": {
     "precision": 0.5813953488372093,
     "recall": 0.5102040816326531,
     "f1-score": 0.5434782608695652,
     "support": 245.0
    },
    "6": {
     "precision": 0.5595238095238095,
     "recall": 0.7899159663865546,
     "f1-score": 0.6550522648083623,
     "support": 119.0
    },
    "7": {
     "precision": 0.8170347003154574,
     "recall": 0.7719821162444114,
     "f1-score": 0.7938697318007663,
     "support": 671.0
    },
    "8": {
     "precision": 0.5898876404494382,
     "recall": 0.7291666666666666,
     "f1-score": 0.6521739130434783,
     "support": 144.0
    },
    "9": {
     "precision": 0.7102803738317757,
     "recall": 0.7378640776699029,
     "f1-score": 0.7238095238095238,
     "support": 412.0
    },
    "10": {
     "precision": 0.6986301369863014,
     "recall": 0.6144578313253012,
     "f1-score": 0.6538461538461539,
     "support": 166.0
    },
    "11": {
     "precision": 0.7962962962962963,
     "recall": 0.8414872798434442,
     "f1-score": 0.8182683158896289,
     "support": 511.0
    },
    "12": {
     "precision": 0.7272727272727273,
     "recall": 0.7575757575757576,
     "f1-score": 0.7421150278293135,
     "support": 528.0
    },
    "13": {
     "precision": 0.23574144486692014,
     "recall": 0.6595744680851063,
     "f1-score": 0.3473389355742297,
     "support": 94.0
    },
    "14": {
     "precision": 0.631578947368421,
     "recall": 0.8571428571428571,
     "f1-score": 0.7272727272727273,
     "support": 14.0
    },
    "15": {
     "precision": 0.51,
     "recall": 0.5074626865671642,
     "f1-score": 0.5087281795511222,
     "support": 201.0
    },
    "16": {
     "precision": 0.9931506849315068,
     "recall": 0.9841628959276018,
     "f1-score": 0.9886363636363636,
     "support": 884.0
    },
    "17": {
     "precision": 0.9869451697127938,
     "recall": 0.9259032455603184,
     "f1-score": 0.9554502369668246,
     "support": 3266.0
    },
    "18": {
     "precision": 0.9,
     "recall": 0.6666666666666666,
     "f1-score": 0.7659574468085106,
     "support": 27.0
    },
    "accuracy": 0.8321212121212122,
    "macro avg": {
     "precision": 0.7101600158749145,
     "recall": 0.7361387314242859,
     "f1-score": 0.7134847069367716,
     "support": 8250.0
    },
    "weighted avg": {
     "precision": 0.850468127234848,
     "recall": 0.8321212121212122,
     "f1-score": 0.8387096022841263,
     "support": 8250.0
    }
   }
  }
 }
}