{
 "dataset": "pancreas",
 "n_samples": 14767,
 "n_features": 1936,
 "n_classes": 15,
 "n_train": 10744,
 "n_test": 2127,
 "transformer_params": 74784,
 "total_params": 294943,
 "config": {
  "heads": [
   "cell_type"
  ],
  "cohorts": null,
  "n_hvg": null,
  "n_channels": 1,
  "batch_size": 128,
  "val_frac": 0.15,
  "test_frac": 0.15,
  "d_model": 96,
  "n_heads": 4,
  "d_ff": 192,
  "dropout": 0.1,
  "n_markers": 128,
  "marker_mode": "router",
  "compress_mode": "aggregate",
  "recursive_marker_refine": true,
  "peak_init": true,
  "anneal_markers": true,
  "recursion_depth": 4,
  "share_weights": true,
  "adaptive_depth": false,
  "marker_ffn": false,
  "recursion_mode": "fixed",
  "router_capacity": null,
  "router_alpha": 1.0,
  "router_temp": 1.0,
  "router_type": "linear",
  "router_z_coeff": 0.001,
  "router_balance_coeff": 0.1,
  "gene_interaction": "none",
  "interaction_knn": 16,
  "router_prior_beta": 1.0,
  "router_prior_anneal": true,
  "lambda_marker": 0.1,
  "gamma_diversity": 0.05,
  "beta_compression": 0.01,
  "lr": 0.001,
  "weight_decay": 1e-05,
  "epochs": 150,
  "patience": 15,
  "seed": 1,
  "device": "cuda"
 },
 "heads": {
  "cell_type": {
   "accuracy": 0.925716972261401,
   "macro_f1": 0.5435565081465045,
   "weighted_f1": 0.9249333732424704,
   "per_class": {
    "0": {
     "precision": 0.0,
     "recall": 0.0,
     "f1-score": 0.0,
     "support": 5.0
    },
    "1": {
     "precision": 0.9939393939393939,
     "recall": 0.8864864864864865,
     "f1-score": 0.9371428571428572,
     "support": 185.0
    },
    "2": {
     "precision": 0.9886749716874292,
     "recall": 0.9853273137697517,
     "f1-score": 0.9869983041266253,
     "support": 886.0
    },
    "3": {
     "precision": 0.9172661870503597,
     "recall": 0.9444444444444444,
     "f1-score": 0.9306569343065694,
     "support": 270.0
    },
    "4": {
     "precision": 0.7593984962406015,
     "recall": 0.8859649122807017,
     "f1-score": 0.8178137651821862,
     "support": 114.0
    },
    "5": {
     "precision": 0.9365853658536586,
     "recall": 0.9948186528497409,
     "f1-score": 0.964824120603015,
     "support": 386.0
    },
    "6": {
     "precision": 1.0,
     "recall": 1.0,
     "f1-score": 1.0,
     "support": 16.0
    },
    "7": {
     "precision": 0.5,
     "recall": 0.14285714285714285,
     "f1-score": 0.2222222222222222,
     "support": 7.0
    },
    "8": {
     "precision": 0.9664804469273743,
     "recall": 0.8781725888324873,
     "f1-score": 0.9202127659574468,
     "support": 197.0
    },
    "9": {
     "precision": 0.0,
     "recall": 0.0,
     "f1-score": 0.0,
     "support": 0.0
    },
    "10": {
     "precision": 1.0,
     "recall": 0.14285714285714285,
     "f1-score": 0.25,
     "support": 7.0
    },
    "11": {
     "precision": 0.0,
     "recall": 0.0,
     "f1-score": 0.0,
     "support": 0.0
    },
    "13": {
     "precision": 1.0,
     "recall": 0.018518518518518517,
     "f1-score": 0.03636363636363636,
     "support": 54.0
    },
    "accuracy": 0.925716972261401,
    "macro avg": {
     "precision": 0.697103450899909,
     "recall": 0.5291882463766474,
     "f1-score": 0.5435565081465045,
     "support": 2127.0
    },
    "weighted avg": {
     "precision": 0.9527488063625204,
     "recall": 0.925716972261401,
     "f1-score": 0.9249333732424704,
     "support": 2127.0
    }
   }
  }
 }
}