{
 "dataset": "tabula_muris",
 "n_samples": 54865,
 "n_features": 1089,
 "n_classes": 55,
 "n_train": 32645,
 "n_test": 16458,
 "transformer_params": 74784,
 "total_params": 221391,
 "config": {
  "heads": [
   "cell_type"
  ],
  "cohorts": null,
  "n_hvg": null,
  "n_channels": 1,
  "batch_size": 128,
  "val_frac": 0.15,
  "test_frac": 0.15,
  "d_model": 96,
  "n_heads": 4,
  "d_ff": 192,
  "dropout": 0.1,
  "n_markers": 128,
  "marker_mode": "router",
  "compress_mode": "aggregate",
  "recursive_marker_refine": true,
  "peak_init": true,
  "anneal_markers": true,
  "recursion_depth": 4,
  "share_weights": true,
  "adaptive_depth": false,
  "marker_ffn": false,
  "recursion_mode": "fixed",
  "router_capacity": null,
  "router_alpha": 1.0,
  "router_temp": 1.0,
  "router_type": "linear",
  "router_z_coeff": 0.001,
  "router_balance_coeff": 0.1,
  "gene_interaction": "none",
  "interaction_knn": 16,
  "router_prior_beta": 1.0,
  "router_prior_anneal": true,
  "lambda_marker": 0.1,
  "gamma_diversity": 0.05,
  "beta_compression": 0.01,
  "lr": 0.001,
  "weight_decay": 1e-05,
  "epochs": 150,
  "patience": 15,
  "seed": 1,
  "device": "cuda"
 },
 "heads": {
  "cell_type": {
   "accuracy": 0.8502248146797909,
   "macro_f1": 0.7646881402649134,
   "weighted_f1": 0.847110561900808,
   "per_class": {
    "0": {
     "precision": 0.9357142857142857,
     "recall": 0.9477491961414791,
     "f1-score": 0.9416932907348243,
     "support": 2488.0
    },
    "1": {
     "precision": 0.5833333333333334,
     "recall": 0.5384615384615384,
     "f1-score": 0.56,
     "support": 13.0
    },
    "2": {
     "precision": 0.5769230769230769,
     "recall": 0.75,
     "f1-score": 0.6521739130434783,
     "support": 20.0
    },
    "3": {
     "precision": 0.6666666666666666,
     "recall": 0.7272727272727273,
     "f1-score": 0.6956521739130435,
     "support": 11.0
    },
    "4": {
     "precision": 0.9118616144975288,
     "recall": 0.8367346938775511,
     "f1-score": 0.872684272763106,
     "support": 1323.0
    },
    "5": {
     "precision": 0.9801980198019802,
     "recall": 0.9519230769230769,
     "f1-score": 0.9658536585365853,
     "support": 104.0
    },
    "6": {
     "precision": 0.9316239316239316,
     "recall": 0.923728813559322,
     "f1-score": 0.9276595744680851,
     "support": 118.0
    },
    "7": {
     "precision": 0.9555722891566265,
     "recall": 0.9562923888470234,
     "f1-score": 0.9559322033898305,
     "support": 1327.0
    },
    "8": {
     "precision": 0.9411764705882353,
     "recall": 0.8888888888888888,
     "f1-score": 0.9142857142857143,
     "support": 18.0
    },
    "9": {
     "precision": 0.8823529411764706,
     "recall": 0.8725761772853186,
     "f1-score": 0.8774373259052924,
     "support": 361.0
    },
    "10": {
     "precision": 0.9562841530054644,
     "recall": 1.0,
     "f1-score": 0.9776536312849162,
     "support": 350.0
    },
    "11": {
     "precision": 0.7679180887372014,
     "recall": 0.6578947368421053,
     "f1-score": 0.7086614173228346,
     "support": 342.0
    },
    "12": {
     "precision": 1.0,
     "recall": 1.0,
     "f1-score": 1.0,
     "support": 18.0
    },
    "13": {
     "precision": 0.8823529411764706,
     "recall": 1.0,
     "f1-score": 0.9375,
     "support": 15.0
    },
    "14": {
     "precision": 0.6122448979591837,
     "recall": 0.625,
     "f1-score": 0.6185567010309279,
     "support": 48.0
    },
    "15": {
     "precision": 0.5238095238095238,
     "recall": 0.8461538461538461,
     "f1-score": 0.6470588235294118,
     "support": 13.0
    },
    "16": {
     "precision": 1.0,
     "recall": 0.125,
     "f1-score": 0.2222222222222222,
     "support": 8.0
    },
    "17": {
     "precision": 0.75,
     "recall": 0.7894736842105263,
     "f1-score": 0.7692307692307693,
     "support": 19.0
    },
    "18": {
     "precision": 0.95,
     "recall": 1.0,
     "f1-score": 0.9743589743589743,
     "support": 19.0
    },
    "19": {
     "precision": 0.8104212860310421,
     "recall": 0.8569753810082064,
     "f1-score": 0.833048433048433,
     "support": 853.0
    },
    "20": {
     "precision": 0.6666666666666666,
     "recall": 0.5,
     "f1-score": 0.5714285714285714,
     "support": 8.0
    },
    "21": {
     "precision": 0.8168498168498168,
     "recall": 0.8544061302681992,
     "f1-score": 0.8352059925093633,
     "support": 261.0
    },
    "22": {
     "precision": 0.9347826086956522,
     "recall": 0.9347826086956522,
     "f1-score": 0.9347826086956522,
     "support": 46.0
    },
    "23": {
     "precision": 0.6410256410256411,
     "recall": 0.7352941176470589,
     "f1-score": 0.684931506849315,
     "support": 68.0
    },
    "24": {
     "precision": 0.9622641509433962,
     "recall": 0.9357798165137615,
     "f1-score": 0.9488372093023256,
     "support": 218.0
    },
    "25": {
     "precision": 0.8666666666666667,
     "recall": 0.9203539823008849,
     "f1-score": 0.8927038626609443,
     "support": 113.0
    },
    "26": {
     "precision": 0.8879310344827587,
     "recall": 0.8728813559322034,
     "f1-score": 0.8803418803418803,
     "support": 118.0
    },
    "27": {
     "precision": 0.9980732177263969,
     "recall": 0.9792060491493384,
     "f1-score": 0.9885496183206107,
     "support": 529.0
    },
    "28": {
     "precision": 0.3157894736842105,
     "recall": 0.7058823529411765,
     "f1-score": 0.43636363636363634,
     "support": 34.0
    },
    "29": {
     "precision": 0.6689536878216124,
     "recall": 0.9605911330049262,
     "f1-score": 0.788675429726997,
     "support": 406.0
    },
    "30": {
     "precision": 0.9525386313465783,
     "recall": 0.9349945828819068,
     "f1-score": 0.9436850738108256,
     "support": 923.0
    },
    "31": {
     "precision": 0.8831168831168831,
     "recall": 0.576271186440678,
     "f1-score": 0.6974358974358974,
     "support": 118.0
    },
    "32": {
     "precision": 0.29411764705882354,
     "recall": 0.35714285714285715,
     "f1-score": 0.3225806451612903,
     "support": 14.0
    },
    "33": {
     "precision": 0.697841726618705,
     "recall": 0.7293233082706767,
     "f1-score": 0.7132352941176471,
     "support": 133.0
    },
    "34": {
     "precision": 0.7894736842105263,
     "recall": 0.851063829787234,
     "f1-score": 0.8191126279863481,
     "support": 141.0
    },
    "35": {
     "precision": 0.9888579387186629,
     "recall": 0.9888579387186629,
     "f1-score": 0.9888579387186629,
     "support": 359.0
    },
    "36": {
     "precision": 0.9058823529411765,
     "recall": 0.9746835443037974,
     "f1-score": 0.9390243902439024,
     "support": 79.0
    },
    "37": {
     "precision": 0.5625,
     "recall": 0.5567010309278351,
     "f1-score": 0.5595854922279793,
     "support": 97.0
    },
    "38": {
     "precision": 0.9452054794520548,
     "recall": 1.0,
     "f1-score": 0.971830985915493,
     "support": 138.0
    },
    "39": {
     "precision": 0.9152542372881356,
     "recall": 0.7769784172661871,
     "f1-score": 0.8404669260700389,
     "support": 139.0
    },
    "40": {
     "precision": 0.3890784982935154,
     "recall": 0.2878787878787879,
     "f1-score": 0.3309143686502177,
     "support": 396.0
    },
    "41": {
     "precision": 0.6,
     "recall": 0.8571428571428571,
     "f1-score": 0.7058823529411765,
     "support": 7.0
    },
    "42": {
     "precision": 0.9230769230769231,
     "recall": 0.8,
     "f1-score": 0.8571428571428571,
     "support": 15.0
    },
    "43": {
     "precision": 0.9721608484312859,
     "recall": 0.9345794392523364,
     "f1-score": 0.9529997834091402,
     "support": 2354.0
    },
    "44": {
     "precision": 0.3783783783783784,
     "recall": 0.9442815249266863,
     "f1-score": 0.540268456375839,
     "support": 341.0
    },
    "45": {
     "precision": 0.7989130434782609,
     "recall": 0.9363057324840764,
     "f1-score": 0.8621700879765396,
     "support": 157.0
    },