{
 "dataset": "Lung",
 "mode": "learned_anchor",
 "K": 4,
 "seed": 0,
 "n_markers": 128,
 "test_macro_f1": 68.3825249057684,
 "test_accuracy": 78.84952648193617,
 "val_macro_f1": 69.58932057407374,
 "n_features": 1089,
 "n_classes": 25,
 "n_samples": 57020,
 "learned_lambda": 0.4135640263557434,
 "bio_anchor_have": true
}