{
 "dataset": "Lung",
 "mode": "learned_anchor",
 "K": 4,
 "seed": 1,
 "n_markers": 128,
 "test_macro_f1": 67.57453202435376,
 "test_accuracy": 78.04279200280604,
 "val_macro_f1": 66.03887480723108,
 "n_features": 1089,
 "n_classes": 25,
 "n_samples": 57020,
 "learned_lambda": 0.44666802883148193,
 "bio_anchor_have": true
}