{
 "dataset": "Lung",
 "mode": "learned_anchor",
 "K": 4,
 "seed": 2,
 "n_markers": 128,
 "test_macro_f1": 69.66137203183848,
 "test_accuracy": 79.50426750847656,
 "val_macro_f1": 71.5198948960112,
 "n_features": 1089,
 "n_classes": 25,
 "n_samples": 57020,
 "learned_lambda": 0.3283206522464752,
 "bio_anchor_have": true
}