{
 "dataset": "Segerstolpe",
 "mode": "learned",
 "K": 4,
 "seed": 1,
 "n_markers": 512,
 "test_macro_f1": 74.03538736318296,
 "test_accuracy": 92.48826291079813,
 "n_features": 2000,
 "n_classes": 11,
 "n_samples": 2127,
 "learned_lambda": 0.22606557607650757
}