{
 "dataset": "Segerstolpe",
 "mode": "learned",
 "K": 4,
 "seed": 0,
 "n_markers": 512,
 "test_macro_f1": 67.09183618094431,
 "test_accuracy": 89.98435054773083,
 "n_features": 2000,
 "n_classes": 11,
 "n_samples": 2127,
 "learned_lambda": 0.225552037358284
}