{
 "dataset": "baron",
 "n_samples": 8569,
 "n_features": 1936,
 "n_classes": 14,
 "n_train": 5098,
 "n_test": 2571,
 "transformer_params": 448704,
 "total_params": 668669,
 "config": {
  "heads": [
   "cell_type"
  ],
  "cohorts": null,
  "n_hvg": null,
  "n_channels": 1,
  "batch_size": 128,
  "val_frac": 0.15,
  "test_frac": 0.15,
  "d_model": 96,
  "n_heads": 4,
  "d_ff": 192,
  "dropout": 0.1,
  "n_markers": 128,
  "marker_mode": "router",
  "pathway_pool": "mean",
  "compress_mode": "aggregate",
  "recursive_marker_refine": true,
  "peak_init": true,
  "anneal_markers": true,
  "recursion_depth": 6,
  "share_weights": true,
  "share_strategy": "cycle",
  "n_unique_blocks": 6,
  "step_cache": false,
  "adaptive_depth": false,
  "marker_ffn": false,
  "recursion_mode": "fixed",
  "router_capacity": null,
  "router_alpha": 1.0,
  "router_temp": 1.0,
  "router_type": "linear",
  "router_z_coeff": 0.001,
  "router_balance_coeff": 0.1,
  "gene_interaction": "none",
  "interaction_knn": 16,
  "router_prior_beta": 1.0,
  "router_prior_anneal": true,
  "pathway_attn_bias": false,
  "pathway_attn_lambda": 2.0,
  "lambda_marker": 0.1,
  "gamma_diversity": 0.05,
  "beta_compression": 0.01,
  "lr": 0.001,
  "weight_decay": 1e-05,
  "epochs": 80,
  "patience": 12,
  "seed": 0,
  "device": "cuda"
 },
 "heads": {
  "cell_type": {
   "accuracy": 0.8930377285103073,
   "macro_f1": 0.6527284613612515,
   "weighted_f1": 0.8951587672300811,
   "per_class": {
    "0": {
     "precision": 0.955719557195572,
     "recall": 0.9024390243902439,
     "f1-score": 0.9283154121863799,
     "support": 287.0
    },
    "1": {
     "precision": 0.8333333333333334,
     "recall": 0.7647058823529411,
     "f1-score": 0.7975460122699386,
     "support": 85.0
    },
    "2": {
     "precision": 0.9262295081967213,
     "recall": 0.9713467048710601,
     "f1-score": 0.9482517482517483,
     "support": 698.0
    },
    "3": {
     "precision": 0.9808259587020649,
     "recall": 0.8773087071240105,
     "f1-score": 0.9261838440111421,
     "support": 758.0
    },
    "4": {
     "precision": 0.6681034482758621,
     "recall": 0.8611111111111112,
     "f1-score": 0.7524271844660194,
     "support": 180.0
    },
    "5": {
     "precision": 0.9074626865671642,
     "recall": 0.9411764705882353,
     "f1-score": 0.9240121580547113,
     "support": 323.0
    },
    "6": {
     "precision": 0.927536231884058,
     "recall": 0.8421052631578947,
     "f1-score": 0.8827586206896552,
     "support": 76.0
    },
    "7": {
     "precision": 0.0,
     "recall": 0.0,
     "f1-score": 0.0,
     "support": 5.0
    },
    "8": {
     "precision": 0.6410256410256411,
     "recall": 0.6493506493506493,
     "f1-score": 0.6451612903225806,
     "support": 77.0
    },
    "9": {
     "precision": 0.7368421052631579,
     "recall": 0.8235294117647058,
     "f1-score": 0.7777777777777778,
     "support": 17.0
    },
    "10": {
     "precision": 0.16666666666666666,
     "recall": 0.2857142857142857,
     "f1-score": 0.21052631578947367,
     "support": 7.0
    },
    "11": {
     "precision": 0.6333333333333333,
     "recall": 0.7307692307692307,
     "f1-score": 0.6785714285714286,
     "support": 52.0
    },
    "12": {
     "precision": 1.0,
     "recall": 0.5,
     "f1-score": 0.6666666666666666,
     "support": 4.0
    },
    "13": {
     "precision": 0.0,
     "recall": 0.0,
     "f1-score": 0.0,
     "support": 2.0
    },
    "accuracy": 0.8930377285103073,
    "macro avg": {
     "precision": 0.6697913193173982,
     "recall": 0.6535397672281691,
     "f1-score": 0.6527284613612515,
     "support": 2571.0
    },
    "weighted avg": {
     "precision": 0.9019627506372713,
     "recall": 0.8930377285103073,
     "f1-score": 0.8951587672300811,
     "support": 2571.0
    }
   }
  }
 }
}