{
 "dataset": "prototype",
 "n_samples": 90579,
 "n_features": 752,
 "n_classes": 10,
 "n_train": 53894,
 "n_test": 27174,
 "transformer_params": 448704,
 "total_params": 554229,
 "config": {
  "heads": [
   "cell_type"
  ],
  "cohorts": null,
  "n_hvg": null,
  "n_channels": 1,
  "batch_size": 128,
  "val_frac": 0.15,
  "test_frac": 0.15,
  "d_model": 96,
  "n_heads": 4,
  "d_ff": 192,
  "dropout": 0.1,
  "n_markers": 128,
  "marker_mode": "router",
  "pathway_pool": "mean",
  "compress_mode": "aggregate",
  "recursive_marker_refine": true,
  "peak_init": true,
  "anneal_markers": true,
  "recursion_depth": 6,
  "share_weights": true,
  "share_strategy": "cycle",
  "n_unique_blocks": 6,
  "step_cache": false,
  "adaptive_depth": false,
  "marker_ffn": false,
  "recursion_mode": "fixed",
  "router_capacity": null,
  "router_alpha": 1.0,
  "router_temp": 1.0,
  "router_type": "linear",
  "router_z_coeff": 0.001,
  "router_balance_coeff": 0.1,
  "gene_interaction": "none",
  "interaction_knn": 16,
  "router_prior_beta": 1.0,
  "router_prior_anneal": true,
  "pathway_attn_bias": false,
  "pathway_attn_lambda": 2.0,
  "lambda_marker": 0.1,
  "gamma_diversity": 0.05,
  "beta_compression": 0.01,
  "lr": 0.001,
  "weight_decay": 1e-05,
  "epochs": 80,
  "patience": 12,
  "seed": 0,
  "device": "cuda"
 },
 "heads": {
  "cell_type": {
   "accuracy": 0.9576801354235667,
   "macro_f1": 0.9535782171454248,
   "weighted_f1": 0.9576103429327243,
   "per_class": {
    "0": {
     "precision": 0.9702176403207331,
     "recall": 0.9860302677532014,
     "f1-score": 0.9780600461893765,
     "support": 859.0
    },
    "1": {
     "precision": 0.9681274900398407,
     "recall": 0.9576354679802955,
     "f1-score": 0.962852897473997,
     "support": 1015.0
    },
    "2": {
     "precision": 0.9611605053813758,
     "recall": 0.9571295433364398,
     "f1-score": 0.959140789166472,
     "support": 2146.0
    },
    "3": {
     "precision": 0.9652722967640095,
     "recall": 0.9648915187376725,
     "f1-score": 0.9650818701913593,
     "support": 2535.0
    },
    "4": {
     "precision": 0.9165694282380397,
     "recall": 0.9241176470588235,
     "f1-score": 0.9203280609256005,
     "support": 1700.0
    },
    "5": {
     "precision": 0.9184362934362934,
     "recall": 0.8921706516643225,
     "f1-score": 0.9051129607609988,
     "support": 2133.0
    },
    "6": {
     "precision": 0.9273394495412844,
     "recall": 0.9369670003707824,
     "f1-score": 0.932128365916636,
     "support": 2697.0
    },
    "7": {
     "precision": 0.9638210657636785,
     "recall": 0.9724869627764791,
     "f1-score": 0.9681346222699606,
     "support": 5561.0
    },
    "8": {
     "precision": 0.9659426119603111,
     "recall": 0.9501450804537062,
     "f1-score": 0.9579787234042553,
     "support": 3791.0
    },
    "9": {
     "precision": 0.9830366492146597,
     "recall": 0.9909225248047288,
     "f1-score": 0.9869638351555929,
     "support": 4737.0
    },
    "accuracy": 0.9576801354235667,
    "macro avg": {
     "precision": 0.9539923430660225,
     "recall": 0.9532496664936453,
     "f1-score": 0.9535782171454248,
     "support": 27174.0
    },
    "weighted avg": {
     "precision": 0.9576157799945341,
     "recall": 0.9576801354235667,
     "f1-score": 0.9576103429327243,
     "support": 27174.0
    }
   }
  }
 }
}