{
 "dataset": "tabula_muris",
 "n_samples": 54865,
 "n_features": 1089,
 "n_classes": 55,
 "n_train": 32645,
 "n_test": 16458,
 "transformer_params": 448704,
 "total_params": 595311,
 "config": {
  "heads": [
   "cell_type"
  ],
  "cohorts": null,
  "n_hvg": null,
  "n_channels": 1,
  "batch_size": 128,
  "val_frac": 0.15,
  "test_frac": 0.15,
  "d_model": 96,
  "n_heads": 4,
  "d_ff": 192,
  "dropout": 0.1,
  "n_markers": 128,
  "marker_mode": "router",
  "pathway_pool": "mean",
  "compress_mode": "aggregate",
  "recursive_marker_refine": true,
  "peak_init": true,
  "anneal_markers": true,
  "recursion_depth": 6,
  "share_weights": true,
  "share_strategy": "cycle",
  "n_unique_blocks": 6,
  "step_cache": false,
  "adaptive_depth": false,
  "marker_ffn": false,
  "recursion_mode": "fixed",
  "router_capacity": null,
  "router_alpha": 1.0,
  "router_temp": 1.0,
  "router_type": "linear",
  "router_z_coeff": 0.001,
  "router_balance_coeff": 0.1,
  "gene_interaction": "none",
  "interaction_knn": 16,
  "router_prior_beta": 1.0,
  "router_prior_anneal": true,
  "pathway_attn_bias": false,
  "pathway_attn_lambda": 2.0,
  "lambda_marker": 0.1,
  "gamma_diversity": 0.05,
  "beta_compression": 0.01,
  "lr": 0.001,
  "weight_decay": 1e-05,
  "epochs": 80,
  "patience": 12,
  "seed": 0,
  "device": "cuda"
 },
 "heads": {
  "cell_type": {
   "accuracy": 0.8777494227731194,
   "macro_f1": 0.7987287755823331,
   "weighted_f1": 0.8728704006138842,
   "per_class": {
    "0": {
     "precision": 0.9464767038891028,
     "recall": 0.9879421221864951,
     "f1-score": 0.9667649950835792,
     "support": 2488.0
    },
    "1": {
     "precision": 0.22727272727272727,
     "recall": 0.38461538461538464,
     "f1-score": 0.2857142857142857,
     "support": 13.0
    },
    "2": {
     "precision": 0.6666666666666666,
     "recall": 0.7,
     "f1-score": 0.6829268292682927,
     "support": 20.0
    },
    "3": {
     "precision": 0.8,
     "recall": 0.7272727272727273,
     "f1-score": 0.7619047619047619,
     "support": 11.0
    },
    "4": {
     "precision": 0.9065934065934066,
     "recall": 0.873015873015873,
     "f1-score": 0.889487870619946,
     "support": 1323.0
    },
    "5": {
     "precision": 0.9339622641509434,
     "recall": 0.9519230769230769,
     "f1-score": 0.9428571428571428,
     "support": 104.0
    },
    "6": {
     "precision": 0.9338842975206612,
     "recall": 0.9576271186440678,
     "f1-score": 0.9456066945606695,
     "support": 118.0
    },
    "7": {
     "precision": 0.9600903614457831,
     "recall": 0.9608138658628486,
     "f1-score": 0.96045197740113,
     "support": 1327.0
    },
    "8": {
     "precision": 0.9,
     "recall": 1.0,
     "f1-score": 0.9473684210526315,
     "support": 18.0
    },
    "9": {
     "precision": 0.9460916442048517,
     "recall": 0.9722991689750693,
     "f1-score": 0.9590163934426229,
     "support": 361.0
    },
    "10": {
     "precision": 0.9773371104815864,
     "recall": 0.9857142857142858,
     "f1-score": 0.9815078236130867,
     "support": 350.0
    },
    "11": {
     "precision": 0.7347931873479319,
     "recall": 0.8830409356725146,
     "f1-score": 0.8021248339973439,
     "support": 342.0
    },
    "12": {
     "precision": 0.9,
     "recall": 1.0,
     "f1-score": 0.9473684210526315,
     "support": 18.0
    },
    "13": {
     "precision": 0.7894736842105263,
     "recall": 1.0,
     "f1-score": 0.8823529411764706,
     "support": 15.0
    },
    "14": {
     "precision": 0.5333333333333333,
     "recall": 0.6666666666666666,
     "f1-score": 0.5925925925925926,
     "support": 48.0
    },
    "15": {
     "precision": 0.47058823529411764,
     "recall": 0.6153846153846154,
     "f1-score": 0.5333333333333333,
     "support": 13.0
    },
    "16": {
     "precision": 1.0,
     "recall": 1.0,
     "f1-score": 1.0,
     "support": 8.0
    },
    "17": {
     "precision": 0.8181818181818182,
     "recall": 0.9473684210526315,
     "f1-score": 0.8780487804878049,
     "support": 19.0
    },
    "18": {
     "precision": 1.0,
     "recall": 0.8947368421052632,
     "f1-score": 0.9444444444444444,
     "support": 19.0
    },
    "19": {
     "precision": 0.9207161125319693,
     "recall": 0.8440797186400938,
     "f1-score": 0.8807339449541285,
     "support": 853.0
    },
    "20": {
     "precision": 1.0,
     "recall": 0.5,
     "f1-score": 0.6666666666666666,
     "support": 8.0
    },
    "21": {
     "precision": 0.8741007194244604,
     "recall": 0.9310344827586207,
     "f1-score": 0.9016697588126159,
     "support": 261.0
    },
    "22": {
     "precision": 0.7777777777777778,
     "recall": 0.7608695652173914,
     "f1-score": 0.7692307692307693,
     "support": 46.0
    },
    "23": {
     "precision": 0.8787878787878788,
     "recall": 0.8529411764705882,
     "f1-score": 0.8656716417910447,
     "support": 68.0
    },
    "24": {
     "precision": 0.9380530973451328,
     "recall": 0.9724770642201835,
     "f1-score": 0.954954954954955,
     "support": 218.0
    },
    "25": {
     "precision": 0.9292035398230089,
     "recall": 0.9292035398230089,
     "f1-score": 0.9292035398230089,
     "support": 113.0
    },
    "26": {
     "precision": 0.905982905982906,
     "recall": 0.8983050847457628,
     "f1-score": 0.902127659574468,
     "support": 118.0
    },
    "27": {
     "precision": 0.9943609022556391,
     "recall": 1.0,
     "f1-score": 0.9971724787935909,
     "support": 529.0
    },
    "28": {
     "precision": 0.7419354838709677,
     "recall": 0.6764705882352942,
     "f1-score": 0.7076923076923077,
     "support": 34.0
    },
    "29": {
     "precision": 0.8539823008849557,
     "recall": 0.9507389162561576,
     "f1-score": 0.8997668997668997,
     "support": 406.0
    },
    "30": {
     "precision": 0.9487459105779716,
     "recall": 0.942578548212351,
     "f1-score": 0.9456521739130435,
     "support": 923.0
    },
    "31": {
     "precision": 0.8548387096774194,
     "recall": 0.8983050847457628,
     "f1-score": 0.8760330578512396,
     "support": 118.0
    },
    "32": {
     "precision": 0.3333333333333333,
     "recall": 0.21428571428571427,
     "f1-score": 0.2608695652173913,
     "support": 14.0
    },
    "33": {
     "precision": 0.8359375,
     "recall": 0.8045112781954887,
     "f1-score": 0.8199233716475096,
     "support": 133.0
    },
    "34": {
     "precision": 0.8698630136986302,
     "recall": 0.900709219858156,
     "f1-score": 0.8850174216027874,
     "support": 141.0
    },
    "35": {
     "precision": 0.9972144846796658,
     "recall": 0.9972144846796658,
     "f1-score": 0.9972144846796658,
     "support": 359.0
    },
    "36": {
     "precision": 0.95,
     "recall": 0.9620253164556962,
     "f1-score": 0.9559748427672956,
     "support": 79.0
    },
    "37": {
     "precision": 0.6666666666666666,
     "recall": 0.5567010309278351,
     "f1-score": 0.6067415730337079,
     "support": 97.0
    },
    "38": {
     "precision": 0.9777777777777777,
     "recall": 0.9565217391304348,
     "f1-score": 0.967032967032967,
     "support": 138.0
    },
    "39": {
     "precision": 0.8814814814814815,
     "recall": 0.8561151079136691,
     "f1-score": 0.8686131386861314,
     "support": 139.0
    },
    "40": {
     "precision": 0.575091575091575,
     "recall": 0.39646464646464646,
     "f1-score": 0.4693572496263079,
     "support": 396.0
    },
    "41": {
     "precision": 0.5555555555555556,
     "recall": 0.7142857142857143,
     "f1-score": 0.625,
     "support": 7.0
    },
    "42": {
     "precision": 0.75,
     "recall": 0.8,
     "f1-score": 0.7741935483870968,
     "support": 15.0
    },
    "43": {
     "precision": 0.9623430962343096,
     "recall": 0.9770603228547153,
     "f1-score": 0.96964586846543,
     "support": 2354.0
    },
    "44": {
     "precision": 0.3617021276595745,
     "recall": 0.9472140762463344,
     "f1-score": 0.5235008103727715,
     "support": 341.0
    },
    "45": {
     "precision": 0.75,