{
 "dataset": "Segerstolpe",
 "mode": "learned_anchor",
 "K": 4,
 "seed": 2,
 "n_markers": 128,
 "test_macro_f1": 49.799234359502094,
 "test_accuracy": 73.70892018779342,
 "val_macro_f1": 65.73279129348492,
 "n_features": 2000,
 "n_classes": 11,
 "n_samples": 2127,
 "learned_lambda": 0.23175224661827087,
 "bio_anchor_have": true
}