{
 "dataset": "Segerstolpe",
 "mode": "learned_anchor",
 "K": 4,
 "seed": 1,
 "n_markers": 128,
 "test_macro_f1": 54.17004901765888,
 "test_accuracy": 78.40375586854461,
 "val_macro_f1": 66.45261128909857,
 "n_features": 2000,
 "n_classes": 11,
 "n_samples": 2127,
 "learned_lambda": 0.22492878139019012,
 "bio_anchor_have": true
}