{
 "dataset": "Segerstolpe",
 "mode": "learned_anchor",
 "K": 4,
 "seed": 0,
 "n_markers": 128,
 "test_macro_f1": 57.55091062838099,
 "test_accuracy": 76.36932707355243,
 "val_macro_f1": 57.17577673222834,
 "n_features": 2000,
 "n_classes": 11,
 "n_samples": 2127,
 "learned_lambda": 0.23101569712162018,
 "bio_anchor_have": true
}