{
 "dataset": "baron",
 "config": "learned",
 "seed": 2,
 "n_classes": 13,
 "n_test": 2571,
 "nll": 0.46608381727936876,
 "ece": 0.0408510547674132,
 "brier": 0.08688299971298485,
 "conf": 0.9920475125683871,
 "auroc": 0.9036114003981175,
 "temperature": 2.7089786529541016,
 "nll_ts": 0.23168722625814314,
 "ece_ts": 0.018730677082285485,
 "brier_ts": 0.0773808196311747,
 "auroc_ts": 0.9022502867237038
}