{
 "dataset": "blca",
 "config": "learned",
 "seed": 2,
 "n_classes": 2,
 "n_test": 81,
 "nll": 0.6930929167935174,
 "ece": 0.021999037861115733,
 "brier": 0.49994570707979485,
 "conf": 0.5034805193425972,
 "auroc": 0.5634920634920635,
 "temperature": 0.9675856232643127,
 "nll_ts": 0.6930924111991746,
 "ece_ts": 0.02211562374817494,
 "brier_ts": 0.4999451982938525,
 "auroc_ts": 0.5634920634920635
}