{
 "dataset": "brca",
 "config": "learned",
 "seed": 2,
 "n_classes": 5,
 "n_test": 104,
 "nll": 1.4102363452616546,
 "ece": 0.11529445172927887,
 "brier": 0.7153361428633296,
 "conf": 0.45169788659176874,
 "auroc": 0.584173198954834,
 "temperature": 1.334111213684082,
 "nll_ts": 1.3777817868686744,
 "ece_ts": 0.09173929418775587,
 "brier_ts": 0.7092738831138431,
 "auroc_ts": 0.5875326614408362
}