{
 "dataset": "lung",
 "config": "learned",
 "seed": 2,
 "n_classes": 25,
 "n_test": 17106,
 "nll": 0.5609310495536045,
 "ece": 0.0654384589139145,
 "brier": 0.20808321931973234,
 "conf": 0.9355874836487291,
 "auroc": 0.822561444736829,
 "temperature": 1.7369961738586426,
 "nll_ts": 0.4514752940660466,
 "ece_ts": 0.016754376455169164,
 "brier_ts": 0.2011975546987048,
 "auroc_ts": 0.8219180609798943
}