{
 "dataset": "muraro",
 "config": "learned",
 "seed": 2,
 "n_classes": 9,
 "n_test": 637,
 "nll": 0.6496329329062807,
 "ece": 0.06771378418059257,
 "brier": 0.14682392059667307,
 "conf": 0.9781084095358886,
 "auroc": 0.7847341337907375,
 "temperature": 2.093461036682129,
 "nll_ts": 0.4192259313594667,
 "ece_ts": 0.028335630623917342,
 "brier_ts": 0.1358316001571893,
 "auroc_ts": 0.7894034686487517
}