{
 "dataset": "oesophagus",
 "config": "learned",
 "seed": 2,
 "n_classes": 18,
 "n_test": 26385,
 "nll": 0.540356881801468,
 "ece": 0.05377952069321883,
 "brier": 0.18779625952874182,
 "conf": 0.9339875925364044,
 "auroc": 0.7869700282130796,
 "temperature": 1.6735148429870605,
 "nll_ts": 0.44202430432529877,
 "ece_ts": 0.02107502318145739,
 "brier_ts": 0.18387325899886764,
 "auroc_ts": 0.7830883548518001
}