{
 "dataset": "prostate",
 "config": "learned",
 "seed": 2,
 "n_classes": 2,
 "n_test": 203,
 "nll": 7.11260362218,
 "ece": 0.2804242051862161,
 "brier": 0.6217380958981853,
 "conf": 0.9375098267983248,
 "auroc": 0.26911928651059086,
 "temperature": 8645417.0,
 "nll_ts": 0.6931483488357341,
 "ece_ts": 0.17980042767125848,
 "brier_ts": 0.5000011682757872,
 "auroc_ts": 0.2606465997770345
}