{
 "dataset": "segerstolpe",
 "config": "learned",
 "seed": 2,
 "n_classes": 11,
 "n_test": 639,
 "nll": 0.35674727235976256,
 "ece": 0.044636609880386646,
 "brier": 0.12058774677661242,
 "conf": 0.9662566416941843,
 "auroc": 0.8380443086325439,
 "temperature": 1.7199344635009766,
 "nll_ts": 0.2876154549290837,
 "ece_ts": 0.015196582439438645,
 "brier_ts": 0.1153123664397258,
 "auroc_ts": 0.8382734912146678
}