{
 "dataset": "spleen",
 "config": "learned",
 "seed": 2,
 "n_classes": 28,
 "n_test": 28239,
 "nll": 1.1775043918246029,
 "ece": 0.1331393127839324,
 "brier": 0.4497484352009551,
 "conf": 0.8339431656115821,
 "auroc": 0.728746942912416,
 "temperature": 1.9679275751113892,
 "nll_ts": 0.9353736121662043,
 "ece_ts": 0.045936804221379676,
 "brier_ts": 0.4260541783929335,
 "auroc_ts": 0.742694008476146
}