{
 "dataset": "stad",
 "config": "learned",
 "seed": 2,
 "n_classes": 2,
 "n_test": 83,
 "nll": 0.6959858793782933,
 "ece": 0.12077367897728852,
 "brier": 0.5028380714671413,
 "conf": 0.5063158476519873,
 "auroc": 0.5079656862745098,
 "temperature": 0.9185749292373657,
 "nll_ts": 0.6962506796823441,
 "ece_ts": 0.12133327281552553,
 "brier_ts": 0.5031026823877097,
 "auroc_ts": 0.5079656862745098
}