{
 "dataset": "tcell",
 "config": "learned",
 "seed": 2,
 "n_classes": 7,
 "n_test": 7203,
 "nll": 0.918384971591219,
 "ece": 0.12755605136730397,
 "brier": 0.31663897544309033,
 "conf": 0.9387959180062637,
 "auroc": 0.7169873171813327,
 "temperature": 2.499791383743286,
 "nll_ts": 0.5821280609051396,
 "ece_ts": 0.0322583866326736,
 "brier_ts": 0.28991878159750534,
 "auroc_ts": 0.719848163970817
}