{
 "dataset": "wang",
 "config": "learned",
 "seed": 2,
 "n_classes": 7,
 "n_test": 138,
 "nll": 2.3665183780416426,
 "ece": 0.1300185059590241,
 "brier": 0.5772471413799215,
 "conf": 0.7452658246196661,
 "auroc": 0.6545454545454545,
 "temperature": 4.891018390655518,
 "nll_ts": 1.3717492361956722,
 "ece_ts": 0.2473638770984336,
 "brier_ts": 0.6408937001358441,
 "auroc_ts": 0.6977272727272726
}