{
 "dataset": "xin",
 "config": "learned",
 "seed": 2,
 "n_classes": 4,
 "n_test": 448,
 "nll": 0.928632915634289,
 "ece": 0.0648724241732132,
 "brier": 0.1336048106355089,
 "conf": 0.9833764337623213,
 "auroc": 0.7382256297918948,
 "temperature": 49437364.0,
 "nll_ts": 1.3862951447113259,
 "ece_ts": 0.6763389189208213,
 "brier_ts": 0.7500003917686978,
 "auroc_ts": 0.7229645856151881
}