{
 "dataset": "pancreas",
 "n_samples": 14767,
 "n_features": 1936,
 "n_classes": 15,
 "n_train": 10744,
 "n_test": 2127,
 "transformer_params": 75168,
 "total_params": 295327,
 "config": {
  "heads": [
   "cell_type"
  ],
  "cohorts": null,
  "n_hvg": null,
  "batch_size": 128,
  "val_frac": 0.15,
  "test_frac": 0.15,
  "d_model": 96,
  "n_heads": 4,
  "d_ff": 192,
  "dropout": 0.1,
  "n_markers": 128,
  "marker_mode": "router",
  "compress_mode": "aggregate",
  "recursive_marker_refine": true,
  "peak_init": true,
  "anneal_markers": true,
  "recursion_depth": 4,
  "share_weights": true,
  "adaptive_depth": false,
  "marker_ffn": false,
  "recursion_mode": "token",
  "router_capacity": null,
  "router_alpha": 1.0,
  "router_temp": 1.0,
  "router_type": "linear",
  "router_z_coeff": 0.001,
  "router_balance_coeff": 0.1,
  "gene_interaction": "none",
  "interaction_knn": 16,
  "router_prior_beta": 1.0,
  "router_prior_anneal": true,
  "lambda_marker": 0.1,
  "gamma_diversity": 0.05,
  "beta_compression": 0.01,
  "lr": 0.001,
  "weight_decay": 1e-05,
  "epochs": 150,
  "patience": 15,
  "seed": 1,
  "device": "cuda"
 },
 "heads": {
  "cell_type": {
   "accuracy": 0.9149036201222379,
   "macro_f1": 0.5339212598393474,
   "weighted_f1": 0.9128324296119541,
   "per_class": {
    "0": {
     "precision": 0.0,
     "recall": 0.0,
     "f1-score": 0.0,
     "support": 5.0
    },
    "1": {
     "precision": 0.9944444444444445,
     "recall": 0.9675675675675676,
     "f1-score": 0.9808219178082191,
     "support": 185.0
    },
    "2": {
     "precision": 0.9767441860465116,
     "recall": 0.9954853273137697,
     "f1-score": 0.9860257126886529,
     "support": 886.0
    },
    "3": {
     "precision": 0.8801369863013698,
     "recall": 0.9518518518518518,
     "f1-score": 0.9145907473309609,
     "support": 270.0
    },
    "4": {
     "precision": 0.6993006993006993,
     "recall": 0.8771929824561403,
     "f1-score": 0.7782101167315175,
     "support": 114.0
    },
    "5": {
     "precision": 0.9641943734015346,
     "recall": 0.9766839378238342,
     "f1-score": 0.9703989703989704,
     "support": 386.0
    },
    "6": {
     "precision": 1.0,
     "recall": 0.625,
     "f1-score": 0.7692307692307693,
     "support": 16.0
    },
    "7": {
     "precision": 0.25,
     "recall": 0.14285714285714285,
     "f1-score": 0.18181818181818182,
     "support": 7.0
    },
    "8": {
     "precision": 0.9859154929577465,
     "recall": 0.7106598984771574,
     "f1-score": 0.8259587020648967,
     "support": 197.0
    },
    "10": {
     "precision": 0.0,
     "recall": 0.0,
     "f1-score": 0.0,
     "support": 7.0
    },
    "11": {
     "precision": 0.0,
     "recall": 0.0,
     "f1-score": 0.0,
     "support": 0.0
    },
    "13": {
     "precision": 0.0,
     "recall": 0.0,
     "f1-score": 0.0,
     "support": 54.0
    },
    "accuracy": 0.9149036201222379,
    "macro avg": {
     "precision": 0.5625613485376921,
     "recall": 0.5206082256956219,
     "f1-score": 0.5339212598393474,
     "support": 2127.0
    },
    "weighted avg": {
     "precision": 0.9171975633882227,
     "recall": 0.9149036201222379,
     "f1-score": 0.9128324296119541,
     "support": 2127.0
    }
   }
  }
 }
}