{
 "dataset": "tabula_muris",
 "n_samples": 54865,
 "n_features": 1089,
 "n_classes": 55,
 "n_train": 32645,
 "n_test": 16458,
 "transformer_params": 75168,
 "total_params": 221775,
 "config": {
  "heads": [
   "cell_type"
  ],
  "cohorts": null,
  "n_hvg": null,
  "batch_size": 128,
  "val_frac": 0.15,
  "test_frac": 0.15,
  "d_model": 96,
  "n_heads": 4,
  "d_ff": 192,
  "dropout": 0.1,
  "n_markers": 128,
  "marker_mode": "router",
  "compress_mode": "aggregate",
  "recursive_marker_refine": true,
  "peak_init": true,
  "anneal_markers": true,
  "recursion_depth": 4,
  "share_weights": true,
  "adaptive_depth": false,
  "marker_ffn": false,
  "recursion_mode": "token",
  "router_capacity": null,
  "router_alpha": 1.0,
  "router_temp": 1.0,
  "router_type": "linear",
  "router_z_coeff": 0.001,
  "router_balance_coeff": 0.1,
  "gene_interaction": "none",
  "interaction_knn": 16,
  "router_prior_beta": 1.0,
  "router_prior_anneal": true,
  "lambda_marker": 0.1,
  "gamma_diversity": 0.05,
  "beta_compression": 0.01,
  "lr": 0.001,
  "weight_decay": 1e-05,
  "epochs": 150,
  "patience": 15,
  "seed": 1,
  "device": "cuda"
 },
 "heads": {
  "cell_type": {
   "accuracy": 0.8412929882124195,
   "macro_f1": 0.7488884934755456,
   "weighted_f1": 0.8376364154815731,
   "per_class": {
    "0": {
     "precision": 0.9220272904483431,
     "recall": 0.9505627009646302,
     "f1-score": 0.9360775776766277,
     "support": 2488.0
    },
    "1": {
     "precision": 0.21951219512195122,
     "recall": 0.6923076923076923,
     "f1-score": 0.3333333333333333,
     "support": 13.0
    },
    "2": {
     "precision": 0.5333333333333333,
     "recall": 0.8,
     "f1-score": 0.64,
     "support": 20.0
    },
    "3": {
     "precision": 0.5833333333333334,
     "recall": 0.6363636363636364,
     "f1-score": 0.6086956521739131,
     "support": 11.0
    },
    "4": {
     "precision": 0.9167412712623098,
     "recall": 0.7739984882842026,
     "f1-score": 0.839344262295082,
     "support": 1323.0
    },
    "5": {
     "precision": 0.9595959595959596,
     "recall": 0.9134615384615384,
     "f1-score": 0.9359605911330049,
     "support": 104.0
    },
    "6": {
     "precision": 0.8412698412698413,
     "recall": 0.8983050847457628,
     "f1-score": 0.8688524590163934,
     "support": 118.0
    },
    "7": {
     "precision": 0.9513473053892215,
     "recall": 0.9577995478522984,
     "f1-score": 0.9545625234697709,
     "support": 1327.0
    },
    "8": {
     "precision": 0.6428571428571429,
     "recall": 1.0,
     "f1-score": 0.782608695652174,
     "support": 18.0
    },
    "9": {
     "precision": 0.8266331658291457,
     "recall": 0.9113573407202216,
     "f1-score": 0.8669301712779973,
     "support": 361.0
    },
    "10": {
     "precision": 0.9884393063583815,
     "recall": 0.9771428571428571,
     "f1-score": 0.9827586206896551,
     "support": 350.0
    },
    "11": {
     "precision": 0.6626506024096386,
     "recall": 0.804093567251462,
     "f1-score": 0.726552179656539,
     "support": 342.0
    },
    "12": {
     "precision": 0.9473684210526315,
     "recall": 1.0,
     "f1-score": 0.972972972972973,
     "support": 18.0
    },
    "13": {
     "precision": 0.9285714285714286,
     "recall": 0.8666666666666667,
     "f1-score": 0.896551724137931,
     "support": 15.0
    },
    "14": {
     "precision": 0.5,
     "recall": 0.6458333333333334,
     "f1-score": 0.5636363636363636,
     "support": 48.0
    },
    "15": {
     "precision": 0.7333333333333333,
     "recall": 0.8461538461538461,
     "f1-score": 0.7857142857142857,
     "support": 13.0
    },
    "16": {
     "precision": 0.7272727272727273,
     "recall": 1.0,
     "f1-score": 0.8421052631578947,
     "support": 8.0
    },
    "17": {
     "precision": 0.6428571428571429,
     "recall": 0.9473684210526315,
     "f1-score": 0.7659574468085106,
     "support": 19.0
    },
    "18": {
     "precision": 0.8095238095238095,
     "recall": 0.8947368421052632,
     "f1-score": 0.85,
     "support": 19.0
    },
    "19": {
     "precision": 0.8986587183308494,
     "recall": 0.7069167643610785,
     "f1-score": 0.7913385826771654,
     "support": 853.0
    },
    "20": {
     "precision": 0.75,
     "recall": 0.375,
     "f1-score": 0.5,
     "support": 8.0
    },
    "21": {
     "precision": 0.693939393939394,
     "recall": 0.8773946360153256,
     "f1-score": 0.7749576988155669,
     "support": 261.0
    },
    "22": {
     "precision": 0.7627118644067796,
     "recall": 0.9782608695652174,
     "f1-score": 0.8571428571428571,
     "support": 46.0
    },
    "23": {
     "precision": 0.6666666666666666,
     "recall": 0.6764705882352942,
     "f1-score": 0.6715328467153284,
     "support": 68.0
    },
    "24": {
     "precision": 0.9310344827586207,
     "recall": 0.9908256880733946,
     "f1-score": 0.96,
     "support": 218.0
    },
    "25": {
     "precision": 0.9619047619047619,
     "recall": 0.8938053097345132,
     "f1-score": 0.926605504587156,
     "support": 113.0
    },
    "26": {
     "precision": 0.92,
     "recall": 0.7796610169491526,
     "f1-score": 0.8440366972477065,
     "support": 118.0
    },
    "27": {
     "precision": 0.994328922495274,
     "recall": 0.994328922495274,
     "f1-score": 0.994328922495274,
     "support": 529.0
    },
    "28": {
     "precision": 0.49019607843137253,
     "recall": 0.7352941176470589,
     "f1-score": 0.5882352941176471,
     "support": 34.0
    },
    "29": {
     "precision": 0.65587734241908,
     "recall": 0.9482758620689655,
     "f1-score": 0.7754279959718026,
     "support": 406.0
    },
    "30": {
     "precision": 0.9627118644067797,
     "recall": 0.9230769230769231,
     "f1-score": 0.9424778761061947,
     "support": 923.0
    },
    "31": {
     "precision": 0.6717557251908397,
     "recall": 0.7457627118644068,
     "f1-score": 0.7068273092369478,
     "support": 118.0
    },
    "32": {
     "precision": 0.1111111111111111,
     "recall": 0.2857142857142857,
     "f1-score": 0.16,
     "support": 14.0
    },
    "33": {
     "precision": 0.6901408450704225,
     "recall": 0.7368421052631579,
     "f1-score": 0.7127272727272728,
     "support": 133.0
    },
    "34": {
     "precision": 0.7516778523489933,
     "recall": 0.7943262411347518,
     "f1-score": 0.7724137931034483,
     "support": 141.0
    },
    "35": {
     "precision": 0.9916434540389972,
     "recall": 0.9916434540389972,
     "f1-score": 0.9916434540389972,
     "support": 359.0
    },
    "36": {
     "precision": 0.7978723404255319,
     "recall": 0.9493670886075949,
     "f1-score": 0.8670520231213873,
     "support": 79.0
    },
    "37": {
     "precision": 0.44360902255639095,
     "recall": 0.6082474226804123,
     "f1-score": 0.5130434782608696,
     "support": 97.0
    },
    "38": {
     "precision": 0.9295774647887324,
     "recall": 0.9565217391304348,
     "f1-score": 0.9428571428571428,
     "support": 138.0
    },
    "39": {
     "precision": 0.7207792207792207,
     "recall": 0.7985611510791367,
     "f1-score": 0.757679180887372,
     "support": 139.0
    },
    "40": {
     "precision": 0.5,
     "recall": 0.3055555555555556,
     "f1-score": 0.3793103448275862,
     "support": 396.0
    },
    "41": {
     "precision": 0.45454545454545453,
     "recall": 0.7142857142857143,
     "f1-score": 0.5555555555555556,
     "support": 7.0
    },
    "42": {
     "precision": 0.8235294117647058,
     "recall": 0.9333333333333333,
     "f1-score": 0.875,
     "support": 15.0
    },
    "43": {
     "precision": 0.9666666666666667,
     "recall": 0.9485981308411215,
     "f1-score": 0.9575471698113207,
     "support": 2354.0
    },
    "44": {
     "precision": 0.39208173690932313,
     "recall": 0.9002932551319648,
     "f1-score": 0.5462633451957295,
     "support": 341.0
    },
    "45": {
     "precision": 0.8734177215189873,
     "recall": 0.8789808917197452,
     "f1-score": 0.8761904761904762,
     "support": 157.0
    },