{
 "dataset": "baron",
 "recursion_depth": 4,
 "n_markers": 128,
 "mean_token_depth": 2.75,
 "depth_histogram": [
  0,
  24,
  53,
  51
 ],
 "active_fraction_per_step": [
  1.0,
  0.75,
  0.5,
  0.5
 ],
 "top_token_depths": [
  3.973551034927368,
  3.966549873352051,
  3.942434787750244,
  3.9295992851257324,
  3.921431303024292,
  3.9031505584716797,
  3.9008169174194336,
  3.8922598361968994,
  3.821859121322632,
  3.7957992553710938
 ]
}