{
 "dataset": "common_class",
 "recursion_depth": 4,
 "n_markers": 128,
 "mean_token_depth": 2.749999761581421,
 "depth_histogram": [
  0,
  30,
  39,
  59
 ],
 "active_fraction_per_step": [
  1.0,
  0.75,
  0.5,
  0.5
 ],
 "top_token_depths": [
  3.9494545459747314,
  3.945575714111328,
  3.9398787021636963,
  3.939636468887329,
  3.932727336883545,
  3.927030324935913,
  3.925091028213501,
  3.9200000762939453,
  3.9133334159851074,
  3.9095757007598877
 ]
}