{
 "dataset": "pancreas",
 "recursion_depth": 4,
 "n_markers": 128,
 "mean_token_depth": 2.75,
 "depth_histogram": [
  0,
  23,
  49,
  56
 ],
 "active_fraction_per_step": [
  1.0,
  0.75,
  0.5,
  0.5
 ],
 "top_token_depths": [
  3.9732017517089844,
  3.9619181156158447,
  3.9271273612976074,
  3.926657199859619,
  3.904090166091919,
  3.8862247467041016,
  3.8622472286224365,
  3.832157850265503,
  3.813352108001709,
  3.806770086288452
 ]
}