{
 "dataset": "prototype",
 "recursion_depth": 4,
 "n_markers": 128,
 "mean_token_depth": 2.75,
 "depth_histogram": [
  0,
  17,
  54,
  57
 ],
 "active_fraction_per_step": [
  1.0,
  0.75,
  0.5,
  0.5
 ],
 "top_token_depths": [
  3.9901375770568848,
  3.712372064590454,
  3.706925630569458,
  3.7026937007904053,
  3.675792932510376,
  3.6611099243164062,
  3.614300489425659,
  3.588319778442383,
  3.5754029750823975,
  3.5544638633728027
 ]
}