{
 "dataset": "segerstolpe",
 "recursion_depth": 4,
 "n_markers": 128,
 "mean_token_depth": 2.75,
 "depth_histogram": [
  0,
  28,
  44,
  56
 ],
 "active_fraction_per_step": [
  1.0,
  0.75,
  0.5,
  0.5
 ],
 "top_token_depths": [
  3.993720531463623,
  3.993720531463623,
  3.9905807971954346,
  3.9748823642730713,
  3.9544742107391357,
  3.9215071201324463,
  3.9073784351348877,
  3.8916797637939453,
  3.886970281600952,
  3.8838305473327637
 ]
}