{
 "dataset": "tabula_muris",
 "recursion_depth": 4,
 "n_markers": 128,
 "mean_token_depth": 2.75,
 "depth_histogram": [
  0,
  21,
  53,
  54
 ],
 "active_fraction_per_step": [
  1.0,
  0.75,
  0.5,
  0.5
 ],
 "top_token_depths": [
  3.9338314533233643,
  3.925021171569824,
  3.8693037033081055,
  3.8463969230651855,
  3.836857557296753,
  3.7824158668518066,
  3.7772512435913086,
  3.7485721111297607,
  3.746384620666504,
  3.7324705123901367
 ]
}