{
 "dataset": "Segerstolpe",
 "mode": "learned_bio",
 "K": 4,
 "seed": 2,
 "n_markers": 128,
 "test_macro_f1": 75.70501907833321,
 "test_accuracy": 91.8622848200313,
 "n_features": 2000,
 "n_classes": 11,
 "n_samples": 2127,
 "learned_lambda": 0.2228429615497589,
 "bio_anchor_have": false
}