{
 "dataset": "Segerstolpe",
 "mode": "learned_bigbio",
 "K": 4,
 "seed": 0,
 "n_markers": 128,
 "test_macro_f1": 69.84840410564321,
 "test_accuracy": 91.70579029733959,
 "n_features": 2000,
 "n_classes": 11,
 "n_samples": 2127,
 "learned_lambda": 0.22600480914115906,
 "bio_anchor_have": false
}