{
 "dataset": "Segerstolpe",
 "mode": "learned_anchor",
 "K": 4,
 "seed": 0,
 "n_markers": 128,
 "test_macro_f1": 45.39449917042297,
 "test_accuracy": 63.06729264475743,
 "n_features": 2000,
 "n_classes": 11,
 "n_samples": 2127,
 "learned_lambda": 0.22100038826465607,
 "bio_anchor_have": true
}