{
 "dataset": "Segerstolpe",
 "mode": "learned",
 "K": 4,
 "seed": 4,
 "n_markers": 128,
 "test_macro_f1": 76.23328849810925,
 "test_accuracy": 92.64475743348983,
 "n_features": 2000,
 "n_classes": 11,
 "n_samples": 2127,
 "learned_lambda": 0.21906404197216034,
 "bio_anchor_have": false
}