{
 "dataset": "Segerstolpe",
 "mode": "learned_bio",
 "K": 4,
 "seed": 1,
 "n_markers": 128,
 "test_macro_f1": 69.37866338149541,
 "test_accuracy": 91.39280125195619,
 "n_features": 2000,
 "n_classes": 11,
 "n_samples": 2127,
 "learned_lambda": 0.22471535205841064,
 "bio_anchor_have": false
}