{
 "dataset": "Segerstolpe",
 "mode": "learned_bigbio",
 "K": 4,
 "seed": 4,
 "n_markers": 128,
 "test_macro_f1": 79.90452578020103,
 "test_accuracy": 95.61815336463224,
 "n_features": 2000,
 "n_classes": 11,
 "n_samples": 2127,
 "learned_lambda": 0.22245091199874878,
 "bio_anchor_have": false
}