{
 "dataset": "Segerstolpe",
 "mode": "learned_bigbio",
 "K": 4,
 "seed": 2,
 "n_markers": 128,
 "test_macro_f1": 80.47405690120141,
 "test_accuracy": 93.89671361502347,
 "n_features": 2000,
 "n_classes": 11,
 "n_samples": 2127,
 "learned_lambda": 0.23620827496051788,
 "bio_anchor_have": false
}