{
 "dataset": "Segerstolpe",
 "mode": "learned",
 "K": 4,
 "seed": 3,
 "n_markers": 128,
 "test_macro_f1": 81.90886667527872,
 "test_accuracy": 91.39280125195619,
 "n_features": 2000,
 "n_classes": 11,
 "n_samples": 2127,
 "learned_lambda": 0.22084970772266388,
 "bio_anchor_have": false
}