{
 "dataset": "Baron",
 "mode": "learned_anchor",
 "K": 4,
 "seed": 2,
 "n_markers": 128,
 "test_macro_f1": 61.09506687837835,
 "test_accuracy": 89.61493582263711,
 "val_macro_f1": 73.53286203354166,
 "n_features": 2000,
 "n_classes": 13,
 "n_samples": 8569,
 "learned_lambda": 0.2885931134223938,
 "bio_anchor_have": true
}