{
 "dataset": "Baron",
 "mode": "learned_anchor",
 "K": 4,
 "seed": 0,
 "n_markers": 128,
 "test_macro_f1": 62.46015763544208,
 "test_accuracy": 85.91987553481137,
 "val_macro_f1": 62.382617852925456,
 "n_features": 2000,
 "n_classes": 13,
 "n_samples": 8569,
 "learned_lambda": 0.2966473400592804,
 "bio_anchor_have": true
}