{
 "dataset": "Baron",
 "mode": "learned_anchor",
 "K": 4,
 "seed": 1,
 "n_markers": 128,
 "test_macro_f1": 64.98465826961173,
 "test_accuracy": 87.63127187864644,
 "val_macro_f1": 73.00233117232526,
 "n_features": 2000,
 "n_classes": 13,
 "n_samples": 8569,
 "learned_lambda": 0.2644635736942291,
 "bio_anchor_have": true
}