{
 "dataset": "baron",
 "config": "fixed",
 "seed": 1,
 "n_classes": 13,
 "n_test": 2571,
 "nll": 0.5342551571207129,
 "ece": 0.05469241477260156,
 "brier": 0.23989565526470297,
 "conf": 0.8933484898292069,
 "auroc": 0.8574588072985605,
 "temperature": 1.4898595809936523,
 "nll_ts": 0.48880943815910316,
 "ece_ts": 0.017673407383500615,
 "brier_ts": 0.23341001420689683,
 "auroc_ts": 0.8579168150432588
}