{
 "dataset": "blca",
 "config": "fixed",
 "seed": 1,
 "n_classes": 2,
 "n_test": 81,
 "nll": 0.6813826116770129,
 "ece": 0.16642282116746637,
 "brier": 0.48824211496303305,
 "conf": 0.5151385119731351,
 "auroc": 0.6090534979423868,
 "temperature": 0.8388937711715698,
 "nll_ts": 0.6792598954021629,
 "ece_ts": 0.14862546155891715,
 "brier_ts": 0.48612380436286023,
 "auroc_ts": 0.6090534979423868
}