{
 "dataset": "brca",
 "config": "fixed",
 "seed": 1,
 "n_classes": 5,
 "n_test": 104,
 "nll": 1.4427810204231144,
 "ece": 0.16816152242649027,
 "brier": 0.6846946807743612,
 "conf": 0.4078140652732894,
 "auroc": 0.5941546429892711,
 "temperature": 0.539897084236145,
 "nll_ts": 1.6167428037482028,
 "ece_ts": 0.13114934327287556,
 "brier_ts": 0.6843508787813634,
 "auroc_ts": 0.6104328523862376
}