{
 "dataset": "lung",
 "config": "fixed",
 "seed": 1,
 "n_classes": 25,
 "n_test": 17106,
 "nll": 0.6417123775747942,
 "ece": 0.06930553121658184,
 "brier": 0.2711642514100371,
 "conf": 0.8858026667245907,
 "auroc": 0.8367055891745739,
 "temperature": 1.730045199394226,
 "nll_ts": 0.548135230601786,
 "ece_ts": 0.02187736926889074,
 "brier_ts": 0.2630100873960295,
 "auroc_ts": 0.839335781997218
}