{
 "dataset": "muraro",
 "config": "fixed",
 "seed": 1,
 "n_classes": 9,
 "n_test": 637,
 "nll": 0.3633759721003311,
 "ece": 0.05193167521738148,
 "brier": 0.16581885644694427,
 "conf": 0.937840111056312,
 "auroc": 0.8742090222494387,
 "temperature": 1.4404395818710327,
 "nll_ts": 0.32388815585316555,
 "ece_ts": 0.0280962066113633,
 "brier_ts": 0.16013143147359288,
 "auroc_ts": 0.8730353133292509
}