{
 "dataset": "oesophagus",
 "config": "fixed",
 "seed": 1,
 "n_classes": 18,
 "n_test": 26385,
 "nll": 0.5759030433544164,
 "ece": 0.04464950564459347,
 "brier": 0.28019007669492607,
 "conf": 0.847340428517438,
 "auroc": 0.8295448359543012,
 "temperature": 1.2186684608459473,
 "nll_ts": 0.5609909320918495,
 "ece_ts": 0.010256348706462946,
 "brier_ts": 0.27689163936265,
 "auroc_ts": 0.8279392544790044
}