{
 "dataset": "prostate",
 "config": "fixed",
 "seed": 1,
 "n_classes": 2,
 "n_test": 203,
 "nll": 4.612195053411923,
 "ece": 0.26495475189917633,
 "brier": 0.5924150877909141,
 "conf": 0.9109826155831192,
 "auroc": 0.4229705817297058,
 "temperature": 1088.194091796875,
 "nll_ts": 0.6983850465962561,
 "ece_ts": 0.19044029764819195,
 "brier_ts": 0.504865910832199,
 "auroc_ts": 0.4111922141119222
}