{
 "dataset": "segerstolpe",
 "config": "fixed",
 "seed": 1,
 "n_classes": 11,
 "n_test": 639,
 "nll": 0.7010303497012288,
 "ece": 0.051718863918185545,
 "brier": 0.32341954575344556,
 "conf": 0.8303737087612088,
 "auroc": 0.7708881335894784,
 "temperature": 1.4715795516967773,
 "nll_ts": 0.6568518007513315,
 "ece_ts": 0.04230401100884683,
 "brier_ts": 0.32142826241972045,
 "auroc_ts": 0.7833752031919611
}