{
 "dataset": "spleen",
 "config": "fixed",
 "seed": 1,
 "n_classes": 28,
 "n_test": 28239,
 "nll": 1.3830882280758343,
 "ece": 0.007218635997023503,
 "brier": 0.5932751756074481,
 "conf": 0.5326965687746641,
 "auroc": 0.7476720252596025,
 "temperature": 1.005076289176941,
 "nll_ts": 1.3830816090543854,
 "ece_ts": 0.006281586614069303,
 "brier_ts": 0.5932860458263604,
 "auroc_ts": 0.7476995837260381
}