{
 "dataset": "stad",
 "config": "fixed",
 "seed": 1,
 "n_classes": 2,
 "n_test": 83,
 "nll": 0.691843898613755,
 "ece": 0.04541531835111684,
 "brier": 0.4987016555085447,
 "conf": 0.5273430291944903,
 "auroc": 0.5924418604651163,
 "temperature": 4604.12353515625,
 "nll_ts": 0.6931464086316443,
 "ece_ts": 0.018078243414462958,
 "brier_ts": 0.4999992280716992,
 "auroc_ts": 0.5924418604651163
}