{
 "dataset": "tcell",
 "config": "fixed",
 "seed": 1,
 "n_classes": 7,
 "n_test": 7203,
 "nll": 1.0444514312746598,
 "ece": 0.02533910946546545,
 "brier": 0.5215949656772624,
 "conf": 0.6402034521689108,
 "auroc": 0.7136150498912147,
 "temperature": 1.1228888034820557,
 "nll_ts": 1.0387489848618514,
 "ece_ts": 0.023441728020091576,
 "brier_ts": 0.5204107693240312,
 "auroc_ts": 0.7160336892098628
}