{
 "dataset": "wang",
 "config": "fixed",
 "seed": 1,
 "n_classes": 7,
 "n_test": 138,
 "nll": 1.0603573307638618,
 "ece": 0.14625605847313958,
 "brier": 0.5751053445637274,
 "conf": 0.4855370170580991,
 "auroc": 0.5770905923344948,
 "temperature": 0.9874230623245239,
 "nll_ts": 1.0591140238279577,
 "ece_ts": 0.1386648712326581,
 "brier_ts": 0.5745525868310145,
 "auroc_ts": 0.577526132404181
}