{
 "dataset": "xin",
 "config": "fixed",
 "seed": 1,
 "n_classes": 4,
 "n_test": 448,
 "nll": 0.5351124001427927,
 "ece": 0.05677103172489706,
 "brier": 0.2715845767938077,
 "conf": 0.8265290096659683,
 "auroc": 0.8831123737373737,
 "temperature": 1.1541472673416138,
 "nll_ts": 0.529521891104269,
 "ece_ts": 0.059748057438523836,
 "brier_ts": 0.2704841382262891,
 "auroc_ts": 0.883080808080808
}