{
 "dataset": "baron",
 "n_samples": 8569,
 "n_features": 1936,
 "n_classes": 14,
 "n_train": 5098,
 "n_test": 2571,
 "transformer_params": 74784,
 "total_params": 294749,
 "config": {
  "heads": [
   "cell_type"
  ],
  "cohorts": null,
  "n_hvg": null,
  "n_channels": 1,
  "batch_size": 128,
  "val_frac": 0.15,
  "test_frac": 0.15,
  "d_model": 96,
  "n_heads": 4,
  "d_ff": 192,
  "dropout": 0.1,
  "n_markers": 128,
  "marker_mode": "router",
  "pathway_pool": "mean",
  "compress_mode": "aggregate",
  "recursive_marker_refine": true,
  "peak_init": true,
  "anneal_markers": true,
  "recursion_depth": 4,
  "share_weights": true,
  "share_strategy": "cycle",
  "n_unique_blocks": null,
  "step_cache": true,
  "adaptive_depth": false,
  "marker_ffn": false,
  "recursion_mode": "fixed",
  "router_capacity": null,
  "router_alpha": 1.0,
  "router_temp": 1.0,
  "router_type": "linear",
  "router_z_coeff": 0.001,
  "router_balance_coeff": 0.1,
  "gene_interaction": "none",
  "interaction_knn": 16,
  "router_prior_beta": 1.0,
  "router_prior_anneal": true,
  "pathway_attn_bias": false,
  "pathway_attn_lambda": 2.0,
  "lambda_marker": 0.1,
  "gamma_diversity": 0.05,
  "beta_compression": 0.01,
  "lr": 0.001,
  "weight_decay": 1e-05,
  "epochs": 80,
  "patience": 12,
  "seed": 0,
  "device": "cuda"
 },
 "heads": {
  "cell_type": {
   "accuracy": 0.852975495915986,
   "macro_f1": 0.5958197639039267,
   "weighted_f1": 0.8614533732365564,
   "per_class": {
    "0": {
     "precision": 0.8862876254180602,
     "recall": 0.9233449477351916,
     "f1-score": 0.9044368600682594,
     "support": 287.0
    },
    "1": {
     "precision": 0.6951219512195121,
     "recall": 0.6705882352941176,
     "f1-score": 0.6826347305389222,
     "support": 85.0
    },
    "2": {
     "precision": 0.9686520376175548,
     "recall": 0.8853868194842407,
     "f1-score": 0.9251497005988024,
     "support": 698.0
    },
    "3": {
     "precision": 0.9455307262569832,
     "recall": 0.8931398416886543,
     "f1-score": 0.9185888738127544,
     "support": 758.0
    },
    "4": {
     "precision": 0.6804123711340206,
     "recall": 0.7333333333333333,
     "f1-score": 0.7058823529411765,
     "support": 180.0
    },
    "5": {
     "precision": 0.9158576051779935,
     "recall": 0.8761609907120743,
     "f1-score": 0.8955696202531646,
     "support": 323.0
    },
    "6": {
     "precision": 0.6666666666666666,
     "recall": 0.7105263157894737,
     "f1-score": 0.6878980891719745,
     "support": 76.0
    },
    "7": {
     "precision": 0.17647058823529413,
     "recall": 0.6,
     "f1-score": 0.2727272727272727,
     "support": 5.0
    },
    "8": {
     "precision": 0.4583333333333333,
     "recall": 0.7142857142857143,
     "f1-score": 0.5583756345177665,
     "support": 77.0
    },
    "9": {
     "precision": 0.4,
     "recall": 0.8235294117647058,
     "f1-score": 0.5384615384615384,
     "support": 17.0
    },
    "10": {
     "precision": 0.21428571428571427,
     "recall": 0.42857142857142855,
     "f1-score": 0.2857142857142857,
     "support": 7.0
    },
    "11": {
     "precision": 0.5555555555555556,
     "recall": 0.5769230769230769,
     "f1-score": 0.5660377358490566,
     "support": 52.0
    },
    "12": {
     "precision": 0.3333333333333333,
     "recall": 0.5,
     "f1-score": 0.4,
     "support": 4.0
    },
    "13": {
     "precision": 0.0,
     "recall": 0.0,
     "f1-score": 0.0,
     "support": 2.0
    },
    "accuracy": 0.852975495915986,
    "macro avg": {
     "precision": 0.5640362505881444,
     "recall": 0.6668421511130008,
     "f1-score": 0.5958197639039267,
     "support": 2571.0
    },
    "weighted avg": {
     "precision": 0.8751227027934018,
     "recall": 0.852975495915986,
     "f1-score": 0.8614533732365564,
     "support": 2571.0
    }
   }
  }
 }
}