{
 "dataset": "common_class",
 "n_samples": 27499,
 "n_features": 1089,
 "n_classes": 19,
 "n_train": 16361,
 "n_test": 8250,
 "transformer_params": 74784,
 "total_params": 214407,
 "config": {
  "heads": [
   "cell_type"
  ],
  "cohorts": null,
  "n_hvg": null,
  "n_channels": 1,
  "batch_size": 128,
  "val_frac": 0.15,
  "test_frac": 0.15,
  "d_model": 96,
  "n_heads": 4,
  "d_ff": 192,
  "dropout": 0.1,
  "n_markers": 128,
  "marker_mode": "router",
  "pathway_pool": "mean",
  "compress_mode": "aggregate",
  "recursive_marker_refine": true,
  "peak_init": true,
  "anneal_markers": true,
  "recursion_depth": 4,
  "share_weights": true,
  "share_strategy": "cycle",
  "n_unique_blocks": null,
  "step_cache": true,
  "adaptive_depth": false,
  "marker_ffn": false,
  "recursion_mode": "fixed",
  "router_capacity": null,
  "router_alpha": 1.0,
  "router_temp": 1.0,
  "router_type": "linear",
  "router_z_coeff": 0.001,
  "router_balance_coeff": 0.1,
  "gene_interaction": "none",
  "interaction_knn": 16,
  "router_prior_beta": 1.0,
  "router_prior_anneal": true,
  "pathway_attn_bias": false,
  "pathway_attn_lambda": 2.0,
  "lambda_marker": 0.1,
  "gamma_diversity": 0.05,
  "beta_compression": 0.01,
  "lr": 0.001,
  "weight_decay": 1e-05,
  "epochs": 80,
  "patience": 12,
  "seed": 0,
  "device": "cuda"
 },
 "heads": {
  "cell_type": {
   "accuracy": 0.8527272727272728,
   "macro_f1": 0.7180656790749149,
   "weighted_f1": 0.8573026599685997,
   "per_class": {
    "0": {
     "precision": 0.4263565891472868,
     "recall": 0.7236842105263158,
     "f1-score": 0.5365853658536586,
     "support": 76.0
    },
    "1": {
     "precision": 0.7326388888888888,
     "recall": 0.6452599388379205,
     "f1-score": 0.6861788617886179,
     "support": 327.0
    },
    "2": {
     "precision": 0.58,
     "recall": 0.6092436974789915,
     "f1-score": 0.5942622950819673,
     "support": 238.0
    },
    "3": {
     "precision": 0.7127659574468085,
     "recall": 0.8023952095808383,
     "f1-score": 0.7549295774647887,
     "support": 167.0
    },
    "4": {
     "precision": 0.757396449704142,
     "recall": 0.8,
     "f1-score": 0.7781155015197568,
     "support": 160.0
    },
    "5": {
     "precision": 0.6870503597122302,
     "recall": 0.7795918367346939,
     "f1-score": 0.7304015296367112,
     "support": 245.0
    },
    "6": {
     "precision": 0.6947368421052632,
     "recall": 0.5546218487394958,
     "f1-score": 0.616822429906542,
     "support": 119.0
    },
    "7": {
     "precision": 0.8894389438943895,
     "recall": 0.8032786885245902,
     "f1-score": 0.8441660140955364,
     "support": 671.0
    },
    "8": {
     "precision": 0.577639751552795,
     "recall": 0.6458333333333334,
     "f1-score": 0.6098360655737705,
     "support": 144.0
    },
    "9": {
     "precision": 0.7953367875647669,
     "recall": 0.7451456310679612,
     "f1-score": 0.7694235588972431,
     "support": 412.0
    },
    "10": {
     "precision": 0.5083333333333333,
     "recall": 0.7349397590361446,
     "f1-score": 0.6009852216748769,
     "support": 166.0
    },
    "11": {
     "precision": 0.9223300970873787,
     "recall": 0.7436399217221135,
     "f1-score": 0.8234019501625135,
     "support": 511.0
    },
    "12": {
     "precision": 0.8937875751503006,
     "recall": 0.8446969696969697,
     "f1-score": 0.8685491723466408,
     "support": 528.0
    },
    "13": {
     "precision": 0.41721854304635764,
     "recall": 0.6702127659574468,
     "f1-score": 0.5142857142857142,
     "support": 94.0
    },
    "14": {
     "precision": 0.8666666666666667,
     "recall": 0.9285714285714286,
     "f1-score": 0.896551724137931,
     "support": 14.0
    },
    "15": {
     "precision": 0.40585774058577406,
     "recall": 0.48258706467661694,
     "f1-score": 0.4409090909090909,
     "support": 201.0
    },
    "16": {
     "precision": 0.9751693002257337,
     "recall": 0.9773755656108597,
     "f1-score": 0.976271186440678,
     "support": 884.0
    },
    "17": {
     "precision": 0.9819763828464885,
     "recall": 0.9675443968156767,
     "f1-score": 0.9747069710055521,
     "support": 3266.0
    },
    "18": {
     "precision": 0.525,
     "recall": 0.7777777777777778,
     "f1-score": 0.6268656716417911,
     "support": 27.0
    },
    "accuracy": 0.8527272727272728,
    "macro avg": {
     "precision": 0.7026158004715054,
     "recall": 0.7492842128783778,
     "f1-score": 0.7180656790749149,
     "support": 8250.0
    },
    "weighted avg": {
     "precision": 0.8670069650084289,
     "recall": 0.8527272727272728,
     "f1-score": 0.8573026599685997,
     "support": 8250.0
    }
   }
  }
 }
}