{
 "dataset": "prototype",
 "n_samples": 90579,
 "n_features": 752,
 "n_classes": 10,
 "n_train": 53894,
 "n_test": 27174,
 "transformer_params": 74784,
 "total_params": 180309,
 "config": {
  "heads": [
   "cell_type"
  ],
  "cohorts": null,
  "n_hvg": null,
  "n_channels": 1,
  "batch_size": 128,
  "val_frac": 0.15,
  "test_frac": 0.15,
  "d_model": 96,
  "n_heads": 4,
  "d_ff": 192,
  "dropout": 0.1,
  "n_markers": 128,
  "marker_mode": "router",
  "pathway_pool": "mean",
  "compress_mode": "aggregate",
  "recursive_marker_refine": true,
  "peak_init": true,
  "anneal_markers": true,
  "recursion_depth": 4,
  "share_weights": true,
  "share_strategy": "cycle",
  "n_unique_blocks": null,
  "step_cache": true,
  "adaptive_depth": false,
  "marker_ffn": false,
  "recursion_mode": "fixed",
  "router_capacity": null,
  "router_alpha": 1.0,
  "router_temp": 1.0,
  "router_type": "linear",
  "router_z_coeff": 0.001,
  "router_balance_coeff": 0.1,
  "gene_interaction": "none",
  "interaction_knn": 16,
  "router_prior_beta": 1.0,
  "router_prior_anneal": true,
  "pathway_attn_bias": false,
  "pathway_attn_lambda": 2.0,
  "lambda_marker": 0.1,
  "gamma_diversity": 0.05,
  "beta_compression": 0.01,
  "lr": 0.001,
  "weight_decay": 1e-05,
  "epochs": 80,
  "patience": 12,
  "seed": 0,
  "device": "cuda"
 },
 "heads": {
  "cell_type": {
   "accuracy": 0.9378081990137631,
   "macro_f1": 0.9318816681104819,
   "weighted_f1": 0.9378034257738422,
   "per_class": {
    "0": {
     "precision": 0.9742990654205608,
     "recall": 0.9708963911525029,
     "f1-score": 0.972594752186589,
     "support": 859.0
    },
    "1": {
     "precision": 0.944390243902439,
     "recall": 0.9536945812807882,
     "f1-score": 0.9490196078431372,
     "support": 1015.0
    },
    "2": {
     "precision": 0.9236430542778289,
     "recall": 0.9356943150046598,
     "f1-score": 0.9296296296296296,
     "support": 2146.0
    },
    "3": {
     "precision": 0.9481511254019293,
     "recall": 0.9305719921104536,
     "f1-score": 0.9392793151503086,
     "support": 2535.0
    },
    "4": {
     "precision": 0.8708162066940693,
     "recall": 0.8723529411764706,
     "f1-score": 0.8715838965618572,
     "support": 1700.0
    },
    "5": {
     "precision": 0.8870576829859428,
     "recall": 0.8579465541490858,
     "f1-score": 0.8722592945662536,
     "support": 2133.0
    },
    "6": {
     "precision": 0.8848996832101372,
     "recall": 0.932146829810901,
     "f1-score": 0.9079089924160346,
     "support": 2697.0
    },
    "7": {
     "precision": 0.9623161764705882,
     "recall": 0.9413774500989031,
     "f1-score": 0.9517316607581129,
     "support": 5561.0
    },
    "8": {
     "precision": 0.9420900236904448,
     "recall": 0.9440780796623582,
     "f1-score": 0.9430830039525692,
     "support": 3791.0
    },
    "9": {
     "precision": 0.9768025078369906,
     "recall": 0.986700443318556,
     "f1-score": 0.9817265280403277,
     "support": 4737.0
    },
    "accuracy": 0.9378081990137631,
    "macro avg": {
     "precision": 0.9314465769890932,
     "recall": 0.9325459577764679,
     "f1-score": 0.9318816681104819,
     "support": 27174.0
    },
    "weighted avg": {
     "precision": 0.9380383139664851,
     "recall": 0.9378081990137631,
     "f1-score": 0.9378034257738422,
     "support": 27174.0
    }
   }
  }
 }
}