{
 "dataset": "tabula_muris",
 "n_samples": 54865,
 "n_features": 1089,
 "n_classes": 55,
 "n_train": 32645,
 "n_test": 16458,
 "transformer_params": 74784,
 "total_params": 221391,
 "config": {
  "heads": [
   "cell_type"
  ],
  "cohorts": null,
  "n_hvg": null,
  "n_channels": 1,
  "batch_size": 128,
  "val_frac": 0.15,
  "test_frac": 0.15,
  "d_model": 96,
  "n_heads": 4,
  "d_ff": 192,
  "dropout": 0.1,
  "n_markers": 128,
  "marker_mode": "router",
  "pathway_pool": "mean",
  "compress_mode": "aggregate",
  "recursive_marker_refine": true,
  "peak_init": true,
  "anneal_markers": true,
  "recursion_depth": 4,
  "share_weights": true,
  "share_strategy": "cycle",
  "n_unique_blocks": null,
  "step_cache": true,
  "adaptive_depth": false,
  "marker_ffn": false,
  "recursion_mode": "fixed",
  "router_capacity": null,
  "router_alpha": 1.0,
  "router_temp": 1.0,
  "router_type": "linear",
  "router_z_coeff": 0.001,
  "router_balance_coeff": 0.1,
  "gene_interaction": "none",
  "interaction_knn": 16,
  "router_prior_beta": 1.0,
  "router_prior_anneal": true,
  "pathway_attn_bias": false,
  "pathway_attn_lambda": 2.0,
  "lambda_marker": 0.1,
  "gamma_diversity": 0.05,
  "beta_compression": 0.01,
  "lr": 0.001,
  "weight_decay": 1e-05,
  "epochs": 80,
  "patience": 12,
  "seed": 0,
  "device": "cuda"
 },
 "heads": {
  "cell_type": {
   "accuracy": 0.8314497508810305,
   "macro_f1": 0.7158688069020773,
   "weighted_f1": 0.8318082213418317,
   "per_class": {
    "0": {
     "precision": 0.9436786136274123,
     "recall": 0.9630225080385852,
     "f1-score": 0.9532524368410583,
     "support": 2488.0
    },
    "1": {
     "precision": 0.25925925925925924,
     "recall": 0.5384615384615384,
     "f1-score": 0.35,
     "support": 13.0
    },
    "2": {
     "precision": 0.6842105263157895,
     "recall": 0.65,
     "f1-score": 0.6666666666666666,
     "support": 20.0
    },
    "3": {
     "precision": 0.5384615384615384,
     "recall": 0.6363636363636364,
     "f1-score": 0.5833333333333334,
     "support": 11.0
    },
    "4": {
     "precision": 0.9337748344370861,
     "recall": 0.746031746031746,
     "f1-score": 0.8294117647058824,
     "support": 1323.0
    },
    "5": {
     "precision": 0.9354838709677419,
     "recall": 0.8365384615384616,
     "f1-score": 0.883248730964467,
     "support": 104.0
    },
    "6": {
     "precision": 0.7883211678832117,
     "recall": 0.9152542372881356,
     "f1-score": 0.8470588235294118,
     "support": 118.0
    },
    "7": {
     "precision": 0.9532567049808429,
     "recall": 0.9374529012810852,
     "f1-score": 0.9452887537993921,
     "support": 1327.0
    },
    "8": {
     "precision": 0.6875,
     "recall": 0.6111111111111112,
     "f1-score": 0.6470588235294118,
     "support": 18.0
    },
    "9": {
     "precision": 0.8685567010309279,
     "recall": 0.9335180055401662,
     "f1-score": 0.8998664886515354,
     "support": 361.0
    },
    "10": {
     "precision": 0.9684813753581661,
     "recall": 0.9657142857142857,
     "f1-score": 0.9670958512160229,
     "support": 350.0
    },
    "11": {
     "precision": 0.4740061162079511,
     "recall": 0.9064327485380117,
     "f1-score": 0.6224899598393574,
     "support": 342.0
    },
    "12": {
     "precision": 0.8181818181818182,
     "recall": 1.0,
     "f1-score": 0.9,
     "support": 18.0
    },
    "13": {
     "precision": 0.9333333333333333,
     "recall": 0.9333333333333333,
     "f1-score": 0.9333333333333333,
     "support": 15.0
    },
    "14": {
     "precision": 0.4727272727272727,
     "recall": 0.5416666666666666,
     "f1-score": 0.5048543689320388,
     "support": 48.0
    },
    "15": {
     "precision": 0.5,
     "recall": 0.8461538461538461,
     "f1-score": 0.6285714285714286,
     "support": 13.0
    },
    "16": {
     "precision": 0.6666666666666666,
     "recall": 0.5,
     "f1-score": 0.5714285714285714,
     "support": 8.0
    },
    "17": {
     "precision": 0.64,
     "recall": 0.8421052631578947,
     "f1-score": 0.7272727272727273,
     "support": 19.0
    },
    "18": {
     "precision": 0.75,
     "recall": 0.7894736842105263,
     "f1-score": 0.7692307692307693,
     "support": 19.0
    },
    "19": {
     "precision": 0.8751753155680224,
     "recall": 0.731535756154748,
     "f1-score": 0.7969348659003831,
     "support": 853.0
    },
    "20": {
     "precision": 1.0,
     "recall": 0.375,
     "f1-score": 0.5454545454545454,
     "support": 8.0
    },
    "21": {
     "precision": 0.7125382262996942,
     "recall": 0.89272030651341,
     "f1-score": 0.7925170068027211,
     "support": 261.0
    },
    "22": {
     "precision": 0.6551724137931034,
     "recall": 0.8260869565217391,
     "f1-score": 0.7307692307692307,
     "support": 46.0
    },
    "23": {
     "precision": 0.5588235294117647,
     "recall": 0.8382352941176471,
     "f1-score": 0.6705882352941176,
     "support": 68.0
    },
    "24": {
     "precision": 0.9371980676328503,
     "recall": 0.8899082568807339,
     "f1-score": 0.9129411764705883,
     "support": 218.0
    },
    "25": {
     "precision": 0.7983870967741935,
     "recall": 0.8761061946902655,
     "f1-score": 0.8354430379746836,
     "support": 113.0
    },
    "26": {
     "precision": 0.8666666666666667,
     "recall": 0.7711864406779662,
     "f1-score": 0.8161434977578476,
     "support": 118.0
    },
    "27": {
     "precision": 0.992467043314501,
     "recall": 0.996219281663516,
     "f1-score": 0.9943396226415094,
     "support": 529.0
    },
    "28": {
     "precision": 0.4444444444444444,
     "recall": 0.47058823529411764,
     "f1-score": 0.45714285714285713,
     "support": 34.0
    },
    "29": {
     "precision": 0.8486842105263158,
     "recall": 0.9532019704433498,
     "f1-score": 0.8979118329466357,
     "support": 406.0
    },
    "30": {
     "precision": 0.9429824561403509,
     "recall": 0.9317443120260022,
     "f1-score": 0.9373297002724795,
     "support": 923.0
    },
    "31": {
     "precision": 0.7698412698412699,
     "recall": 0.8220338983050848,
     "f1-score": 0.7950819672131147,
     "support": 118.0
    },
    "32": {
     "precision": 0.2,
     "recall": 0.2857142857142857,
     "f1-score": 0.23529411764705882,
     "support": 14.0
    },
    "33": {
     "precision": 0.6935483870967742,
     "recall": 0.6466165413533834,
     "f1-score": 0.669260700389105,
     "support": 133.0
    },
    "34": {
     "precision": 0.7712418300653595,
     "recall": 0.8368794326241135,
     "f1-score": 0.8027210884353742,
     "support": 141.0
    },
    "35": {
     "precision": 0.9833333333333333,
     "recall": 0.9860724233983287,
     "f1-score": 0.9847009735744089,
     "support": 359.0
    },
    "36": {
     "precision": 0.8202247191011236,
     "recall": 0.9240506329113924,
     "f1-score": 0.8690476190476191,
     "support": 79.0
    },
    "37": {
     "precision": 0.29375,
     "recall": 0.4845360824742268,
     "f1-score": 0.3657587548638132,
     "support": 97.0
    },
    "38": {
     "precision": 0.8888888888888888,
     "recall": 0.8695652173913043,
     "f1-score": 0.8791208791208791,
     "support": 138.0
    },
    "39": {
     "precision": 0.864,
     "recall": 0.7769784172661871,
     "f1-score": 0.8181818181818182,
     "support": 139.0
    },
    "40": {
     "precision": 0.519650655021834,
     "recall": 0.3005050505050505,
     "f1-score": 0.3808,
     "support": 396.0
    },
    "41": {
     "precision": 0.36363636363636365,
     "recall": 0.5714285714285714,
     "f1-score": 0.4444444444444444,
     "support": 7.0
    },
    "42": {
     "precision": 0.6875,
     "recall": 0.7333333333333333,
     "f1-score": 0.7096774193548387,
     "support": 15.0
    },
    "43": {
     "precision": 0.9635555555555556,
     "recall": 0.9209855564995751,
     "f1-score": 0.9417897480451781,
     "support": 2354.0
    },
    "44": {
     "precision": 0.35135135135135137,
     "recall": 0.8768328445747801,
     "f1-score": 0.5016778523489933,