{
 "dataset": "pancreas",
 "n_samples": 14767,
 "n_features": 1936,
 "n_classes": 15,
 "n_train": 10744,
 "n_test": 2127,
 "transformer_params": 75168,
 "total_params": 295327,
 "config": {
  "heads": [
   "cell_type"
  ],
  "cohorts": null,
  "n_hvg": null,
  "batch_size": 128,
  "val_frac": 0.15,
  "test_frac": 0.15,
  "d_model": 96,
  "n_heads": 4,
  "d_ff": 192,
  "dropout": 0.1,
  "n_markers": 128,
  "marker_mode": "router",
  "compress_mode": "aggregate",
  "recursive_marker_refine": true,
  "peak_init": true,
  "anneal_markers": true,
  "recursion_depth": 4,
  "share_weights": true,
  "adaptive_depth": false,
  "marker_ffn": false,
  "recursion_mode": "token",
  "router_capacity": null,
  "router_alpha": 1.0,
  "router_temp": 1.0,
  "router_type": "linear",
  "router_z_coeff": 0.001,
  "router_balance_coeff": 0.1,
  "gene_interaction": "none",
  "interaction_knn": 16,
  "router_prior_beta": 1.0,
  "router_prior_anneal": true,
  "lambda_marker": 0.1,
  "gamma_diversity": 0.05,
  "beta_compression": 0.01,
  "lr": 0.001,
  "weight_decay": 1e-05,
  "epochs": 150,
  "patience": 15,
  "seed": 4,
  "device": "cuda"
 },
 "heads": {
  "cell_type": {
   "accuracy": 0.8876351669017395,
   "macro_f1": 0.5223680379870446,
   "weighted_f1": 0.8920943020879263,
   "per_class": {
    "0": {
     "precision": 0.0,
     "recall": 0.0,
     "f1-score": 0.0,
     "support": 5.0
    },
    "1": {
     "precision": 0.9940828402366864,
     "recall": 0.9081081081081082,
     "f1-score": 0.9491525423728814,
     "support": 185.0
    },
    "2": {
     "precision": 0.9885204081632653,
     "recall": 0.8747178329571106,
     "f1-score": 0.9281437125748503,
     "support": 886.0
    },
    "3": {
     "precision": 0.8286604361370716,
     "recall": 0.9851851851851852,
     "f1-score": 0.9001692047377327,
     "support": 270.0
    },
    "4": {
     "precision": 0.6706586826347305,
     "recall": 0.9824561403508771,
     "f1-score": 0.797153024911032,
     "support": 114.0
    },
    "5": {
     "precision": 0.9543147208121827,
     "recall": 0.9740932642487047,
     "f1-score": 0.9641025641025641,
     "support": 386.0
    },
    "6": {
     "precision": 0.8888888888888888,
     "recall": 1.0,
     "f1-score": 0.9411764705882353,
     "support": 16.0
    },
    "7": {
     "precision": 0.6666666666666666,
     "recall": 0.8571428571428571,
     "f1-score": 0.75,
     "support": 7.0
    },
    "8": {
     "precision": 0.7920792079207921,
     "recall": 0.8121827411167513,
     "f1-score": 0.8020050125313283,
     "support": 197.0
    },
    "9": {
     "precision": 0.0,
     "recall": 0.0,
     "f1-score": 0.0,
     "support": 0.0
    },
    "10": {
     "precision": 0.0,
     "recall": 0.0,
     "f1-score": 0.0,
     "support": 7.0
    },
    "11": {
     "precision": 0.0,
     "recall": 0.0,
     "f1-score": 0.0,
     "support": 0.0
    },
    "12": {
     "precision": 0.0,
     "recall": 0.0,
     "f1-score": 0.0,
     "support": 0.0
    },
    "13": {
     "precision": 0.9,
     "recall": 0.16666666666666666,
     "f1-score": 0.28125,
     "support": 54.0
    },
    "accuracy": 0.8876351669017395,
    "macro avg": {
     "precision": 0.5488479893900202,
     "recall": 0.5400394854125901,
     "f1-score": 0.5223680379870446,
     "support": 2127.0
    },
    "weighted avg": {
     "precision": 0.9176407097962369,
     "recall": 0.8876351669017395,
     "f1-score": 0.8920943020879263,
     "support": 2127.0
    }
   }
  }
 }
}