{
 "dataset": "tabula_muris",
 "n_samples": 54865,
 "n_features": 1089,
 "n_classes": 55,
 "n_train": 32645,
 "n_test": 16458,
 "transformer_params": 75168,
 "total_params": 221775,
 "config": {
  "heads": [
   "cell_type"
  ],
  "cohorts": null,
  "n_hvg": null,
  "batch_size": 128,
  "val_frac": 0.15,
  "test_frac": 0.15,
  "d_model": 96,
  "n_heads": 4,
  "d_ff": 192,
  "dropout": 0.1,
  "n_markers": 128,
  "marker_mode": "router",
  "compress_mode": "aggregate",
  "recursive_marker_refine": true,
  "peak_init": true,
  "anneal_markers": true,
  "recursion_depth": 4,
  "share_weights": true,
  "adaptive_depth": false,
  "marker_ffn": false,
  "recursion_mode": "token",
  "router_capacity": null,
  "router_alpha": 1.0,
  "router_temp": 1.0,
  "router_type": "linear",
  "router_z_coeff": 0.001,
  "router_balance_coeff": 0.1,
  "gene_interaction": "none",
  "interaction_knn": 16,
  "router_prior_beta": 1.0,
  "router_prior_anneal": true,
  "lambda_marker": 0.1,
  "gamma_diversity": 0.05,
  "beta_compression": 0.01,
  "lr": 0.001,
  "weight_decay": 1e-05,
  "epochs": 150,
  "patience": 15,
  "seed": 4,
  "device": "cuda"
 },
 "heads": {
  "cell_type": {
   "accuracy": 0.8211811884797667,
   "macro_f1": 0.7306980152284259,
   "weighted_f1": 0.8212736455339184,
   "per_class": {
    "0": {
     "precision": 0.871283255086072,
     "recall": 0.895096463022508,
     "f1-score": 0.8830293417922284,
     "support": 2488.0
    },
    "1": {
     "precision": 0.05217391304347826,
     "recall": 0.9230769230769231,
     "f1-score": 0.09876543209876543,
     "support": 13.0
    },
    "2": {
     "precision": 0.5666666666666667,
     "recall": 0.85,
     "f1-score": 0.68,
     "support": 20.0
    },
    "3": {
     "precision": 0.4375,
     "recall": 0.6363636363636364,
     "f1-score": 0.5185185185185185,
     "support": 11.0
    },
    "4": {
     "precision": 0.8547945205479452,
     "recall": 0.7074829931972789,
     "f1-score": 0.7741935483870968,
     "support": 1323.0
    },
    "5": {
     "precision": 0.944954128440367,
     "recall": 0.9903846153846154,
     "f1-score": 0.9671361502347418,
     "support": 104.0
    },
    "6": {
     "precision": 0.9338842975206612,
     "recall": 0.9576271186440678,
     "f1-score": 0.9456066945606695,
     "support": 118.0
    },
    "7": {
     "precision": 0.9460093896713615,
     "recall": 0.9110776186887717,
     "f1-score": 0.928214971209213,
     "support": 1327.0
    },
    "8": {
     "precision": 1.0,
     "recall": 0.5555555555555556,
     "f1-score": 0.7142857142857143,
     "support": 18.0
    },
    "9": {
     "precision": 0.9643835616438357,
     "recall": 0.9750692520775623,
     "f1-score": 0.9696969696969697,
     "support": 361.0
    },
    "10": {
     "precision": 0.9857954545454546,
     "recall": 0.9914285714285714,
     "f1-score": 0.9886039886039886,
     "support": 350.0
    },
    "11": {
     "precision": 0.603448275862069,
     "recall": 0.8187134502923976,
     "f1-score": 0.6947890818858561,
     "support": 342.0
    },
    "12": {
     "precision": 0.85,
     "recall": 0.9444444444444444,
     "f1-score": 0.8947368421052632,
     "support": 18.0
    },
    "13": {
     "precision": 0.9333333333333333,
     "recall": 0.9333333333333333,
     "f1-score": 0.9333333333333333,
     "support": 15.0
    },
    "14": {
     "precision": 0.4642857142857143,
     "recall": 0.5416666666666666,
     "f1-score": 0.5,
     "support": 48.0
    },
    "15": {
     "precision": 0.6,
     "recall": 0.6923076923076923,
     "f1-score": 0.6428571428571429,
     "support": 13.0
    },
    "16": {
     "precision": 0.3684210526315789,
     "recall": 0.875,
     "f1-score": 0.5185185185185185,
     "support": 8.0
    },
    "17": {
     "precision": 0.7083333333333334,
     "recall": 0.8947368421052632,
     "f1-score": 0.7906976744186046,
     "support": 19.0
    },
    "18": {
     "precision": 0.5142857142857142,
     "recall": 0.9473684210526315,
     "f1-score": 0.6666666666666666,
     "support": 19.0
    },
    "19": {
     "precision": 0.9006134969325154,
     "recall": 0.8604923798358733,
     "f1-score": 0.8800959232613909,
     "support": 853.0
    },
    "20": {
     "precision": 0.6,
     "recall": 0.75,
     "f1-score": 0.6666666666666666,
     "support": 8.0
    },
    "21": {
     "precision": 0.6469002695417789,
     "recall": 0.9195402298850575,
     "f1-score": 0.759493670886076,
     "support": 261.0
    },
    "22": {
     "precision": 0.676923076923077,
     "recall": 0.9565217391304348,
     "f1-score": 0.7927927927927928,
     "support": 46.0
    },
    "23": {
     "precision": 0.6813186813186813,
     "recall": 0.9117647058823529,
     "f1-score": 0.779874213836478,
     "support": 68.0
    },
    "24": {
     "precision": 0.9210526315789473,
     "recall": 0.963302752293578,
     "f1-score": 0.9417040358744395,
     "support": 218.0
    },
    "25": {
     "precision": 0.9203539823008849,
     "recall": 0.9203539823008849,
     "f1-score": 0.9203539823008849,
     "support": 113.0
    },
    "26": {
     "precision": 0.7388059701492538,
     "recall": 0.8389830508474576,
     "f1-score": 0.7857142857142857,
     "support": 118.0
    },
    "27": {
     "precision": 0.9849906191369606,
     "recall": 0.9924385633270322,
     "f1-score": 0.9887005649717514,
     "support": 529.0
    },
    "28": {
     "precision": 0.19230769230769232,
     "recall": 0.7352941176470589,
     "f1-score": 0.3048780487804878,
     "support": 34.0
    },
    "29": {
     "precision": 0.9441176470588235,
     "recall": 0.7906403940886699,
     "f1-score": 0.8605898123324397,
     "support": 406.0
    },
    "30": {
     "precision": 0.8927038626609443,
     "recall": 0.9014084507042254,
     "f1-score": 0.8970350404312668,
     "support": 923.0
    },
    "31": {
     "precision": 0.8823529411764706,
     "recall": 0.8898305084745762,
     "f1-score": 0.8860759493670886,
     "support": 118.0
    },
    "32": {
     "precision": 0.15151515151515152,
     "recall": 0.35714285714285715,
     "f1-score": 0.2127659574468085,
     "support": 14.0
    },
    "33": {
     "precision": 0.859375,
     "recall": 0.8270676691729323,
     "f1-score": 0.842911877394636,
     "support": 133.0
    },
    "34": {
     "precision": 0.8680555555555556,
     "recall": 0.8865248226950354,
     "f1-score": 0.8771929824561403,
     "support": 141.0
    },
    "35": {
     "precision": 0.9861878453038674,
     "recall": 0.9944289693593314,
     "f1-score": 0.9902912621359223,
     "support": 359.0
    },
    "36": {
     "precision": 0.8641975308641975,
     "recall": 0.8860759493670886,
     "f1-score": 0.875,
     "support": 79.0
    },
    "37": {
     "precision": 0.55,
     "recall": 0.3402061855670103,
     "f1-score": 0.42038216560509556,
     "support": 97.0
    },
    "38": {
     "precision": 0.9637681159420289,
     "recall": 0.9637681159420289,
     "f1-score": 0.9637681159420289,
     "support": 138.0
    },
    "39": {
     "precision": 0.8380281690140845,
     "recall": 0.8561151079136691,
     "f1-score": 0.8469750889679716,
     "support": 139.0
    },
    "40": {
     "precision": 0.46853146853146854,
     "recall": 0.1691919191919192,
     "f1-score": 0.24860853432282004,
     "support": 396.0
    },
    "41": {
     "precision": 0.35,
     "recall": 1.0,
     "f1-score": 0.5185185185185185,
     "support": 7.0
    },
    "42": {
     "precision": 0.45161290322580644,
     "recall": 0.9333333333333333,
     "f1-score": 0.6086956521739131,
     "support": 15.0
    },
    "43": {
     "precision": 0.9659245797364834,
     "recall": 0.903143585386576,
     "f1-score": 0.9334796926454446,
     "support": 2354.0
    },
    "44": {
     "precision": 0.36611374407582936,
     "recall": 0.906158357771261,
     "f1-score": 0.5215189873417722,
     "support": 341.0
    },
    "45": {
     "precision": 0.6884422110552764,
     "recall": 0.8726114649681529,
     "f1-score": 0.7696629213483146,