{
 "dataset": "blca",
 "config": "none",
 "seed": 1,
 "n_classes": 2,
 "n_test": 81,
 "nll": 0.6856239100433849,
 "ece": 0.0978662972539226,
 "brier": 0.4924803208151199,
 "conf": 0.5194176533633613,
 "auroc": 0.4683870967741935,
 "temperature": 0.7683562636375427,
 "nll_ts": 0.6837108632981401,
 "ece_ts": 0.09202607524497003,
 "brier_ts": 0.49057078672315624,
 "auroc_ts": 0.4683870967741935
}