{
 "dataset": "brca",
 "config": "none",
 "seed": 1,
 "n_classes": 5,
 "n_test": 104,
 "nll": 1.441346869220839,
 "ece": 0.17631310275131096,
 "brier": 0.7358416325582525,
 "conf": 0.49029250525580015,
 "auroc": 0.6717948717948717,
 "temperature": 0.8972958326339722,
 "nll_ts": 1.4759966847170785,
 "ece_ts": 0.202876459061344,
 "brier_ts": 0.7426822480855026,
 "auroc_ts": 0.6725838264299803
}