{
 "dataset": "lung",
 "config": "none",
 "seed": 1,
 "n_classes": 25,
 "n_test": 17106,
 "nll": 0.6221882270407895,
 "ece": 0.04343378532090168,
 "brier": 0.291333344480754,
 "conf": 0.8415208196718271,
 "auroc": 0.8286789757321358,
 "temperature": 1.277083158493042,
 "nll_ts": 0.5961712535136745,
 "ece_ts": 0.010091648181050418,
 "brier_ts": 0.287545404034523,
 "auroc_ts": 0.8302540089865389
}