{
 "dataset": "prostate",
 "config": "none",
 "seed": 1,
 "n_classes": 2,
 "n_test": 203,
 "nll": 5.1375455806036205,
 "ece": 0.2647141204076823,
 "brier": 0.6064021736518292,
 "conf": 0.9201688236059838,
 "auroc": 0.46376811594202905,
 "temperature": 1589.0863037109375,
 "nll_ts": 0.6980554590656955,
 "ece_ts": 0.17558047699861465,
 "brier_ts": 0.5045906926041911,
 "auroc_ts": 0.44678780012978586
}