{
 "dataset": "segerstolpe",
 "config": "none",
 "seed": 1,
 "n_classes": 11,
 "n_test": 639,
 "nll": 0.4867105450734717,
 "ece": 0.03278233891072925,
 "brier": 0.22479940332049464,
 "conf": 0.8699229020374938,
 "auroc": 0.8543228200371057,
 "temperature": 1.2923414707183838,
 "nll_ts": 0.47006599208401745,
 "ece_ts": 0.047488471312833694,
 "brier_ts": 0.2246301771258283,
 "auroc_ts": 0.8558812615955473
}