{
 "dataset": "stad",
 "config": "none",
 "seed": 1,
 "n_classes": 2,
 "n_test": 83,
 "nll": 0.6851696556235547,
 "ece": 0.05639596959034469,
 "brier": 0.49196557558146764,
 "conf": 0.5629780219826056,
 "auroc": 0.4291716686674669,
 "temperature": 6384.236328125,
 "nll_ts": 0.6931444769235852,
 "ece_ts": 0.09035150460311703,
 "brier_ts": 0.49999729636364015,
 "auroc_ts": 0.4291716686674669
}