{
 "dataset": "tcell",
 "config": "none",
 "seed": 1,
 "n_classes": 7,
 "n_test": 7203,
 "nll": 1.0163118089552665,
 "ece": 0.030096217032152033,
 "brier": 0.5111433730135844,
 "conf": 0.5984853353655675,
 "auroc": 0.7209574029966355,
 "temperature": 0.9318953156471252,
 "nll_ts": 1.0156543212423985,
 "ece_ts": 0.018404318160992802,
 "brier_ts": 0.5102294343427214,
 "auroc_ts": 0.7200456303551814
}