{
 "dataset": "wang",
 "config": "none",
 "seed": 1,
 "n_classes": 7,
 "n_test": 138,
 "nll": 1.298479387643722,
 "ece": 0.20451946593977624,
 "brier": 0.6292681302871533,
 "conf": 0.47592235749955963,
 "auroc": 0.667017913593256,
 "temperature": 1.0694870948791504,
 "nll_ts": 1.2931375066798991,
 "ece_ts": 0.19039682055200155,
 "brier_ts": 0.6283348637448766,
 "auroc_ts": 0.6699683877766069
}