{
 "dataset": "common_class",
 "n_samples": 27499,
 "n_features": 1089,
 "n_classes": 19,
 "n_train": 16361,
 "n_test": 8250,
 "transformer_params": 74784,
 "total_params": 214407,
 "config": {
  "heads": [
   "cell_type"
  ],
  "cohorts": null,
  "n_hvg": null,
  "n_channels": 1,
  "batch_size": 128,
  "val_frac": 0.15,
  "test_frac": 0.15,
  "d_model": 96,
  "n_heads": 4,
  "d_ff": 192,
  "dropout": 0.1,
  "n_markers": 128,
  "marker_mode": "router",
  "pathway_pool": "mean",
  "compress_mode": "aggregate",
  "recursive_marker_refine": true,
  "peak_init": true,
  "anneal_markers": true,
  "recursion_depth": 4,
  "share_weights": true,
  "adaptive_depth": false,
  "marker_ffn": false,
  "recursion_mode": "fixed",
  "router_capacity": null,
  "router_alpha": 1.0,
  "router_temp": 1.0,
  "router_type": "linear",
  "router_z_coeff": 0.001,
  "router_balance_coeff": 0.1,
  "gene_interaction": "none",
  "interaction_knn": 16,
  "router_prior_beta": 1.0,
  "router_prior_anneal": true,
  "pathway_attn_bias": false,
  "pathway_attn_lambda": 2.0,
  "lambda_marker": 0.1,
  "gamma_diversity": 0.05,
  "beta_compression": 0.01,
  "lr": 0.001,
  "weight_decay": 1e-05,
  "epochs": 150,
  "patience": 15,
  "seed": 0,
  "device": "cuda"
 },
 "heads": {
  "cell_type": {
   "accuracy": 0.8312727272727273,
   "macro_f1": 0.6920070116998259,
   "weighted_f1": 0.8371038838862013,
   "per_class": {
    "0": {
     "precision": 0.4305555555555556,
     "recall": 0.8157894736842105,
     "f1-score": 0.5636363636363636,
     "support": 76.0
    },
    "1": {
     "precision": 0.6567164179104478,
     "recall": 0.5382262996941896,
     "f1-score": 0.5915966386554622,
     "support": 327.0
    },
    "2": {
     "precision": 0.501577287066246,
     "recall": 0.6680672268907563,
     "f1-score": 0.572972972972973,
     "support": 238.0
    },
    "3": {
     "precision": 0.6323529411764706,
     "recall": 0.7724550898203593,
     "f1-score": 0.6954177897574124,
     "support": 167.0
    },
    "4": {
     "precision": 0.7176470588235294,
     "recall": 0.7625,
     "f1-score": 0.7393939393939394,
     "support": 160.0
    },
    "5": {
     "precision": 0.7630057803468208,
     "recall": 0.5387755102040817,
     "f1-score": 0.631578947368421,
     "support": 245.0
    },
    "6": {
     "precision": 0.47651006711409394,
     "recall": 0.5966386554621849,
     "f1-score": 0.5298507462686567,
     "support": 119.0
    },
    "7": {
     "precision": 0.9,
     "recall": 0.7779433681073026,
     "f1-score": 0.8345323741007195,
     "support": 671.0
    },
    "8": {
     "precision": 0.35587188612099646,
     "recall": 0.6944444444444444,
     "f1-score": 0.47058823529411764,
     "support": 144.0
    },
    "9": {
     "precision": 0.6675603217158177,
     "recall": 0.6043689320388349,
     "f1-score": 0.6343949044585987,
     "support": 412.0
    },
    "10": {
     "precision": 0.5280373831775701,
     "recall": 0.6807228915662651,
     "f1-score": 0.5947368421052631,
     "support": 166.0
    },
    "11": {
     "precision": 0.8463251670378619,
     "recall": 0.7436399217221135,
     "f1-score": 0.7916666666666666,
     "support": 511.0
    },
    "12": {
     "precision": 0.9030172413793104,
     "recall": 0.7935606060606061,
     "f1-score": 0.844758064516129,
     "support": 528.0
    },
    "13": {
     "precision": 0.4206896551724138,
     "recall": 0.648936170212766,
     "f1-score": 0.5104602510460251,
     "support": 94.0
    },
    "14": {
     "precision": 0.7777777777777778,
     "recall": 1.0,
     "f1-score": 0.875,
     "support": 14.0
    },
    "15": {
     "precision": 0.5586592178770949,
     "recall": 0.4975124378109453,
     "f1-score": 0.5263157894736842,
     "support": 201.0
    },
    "16": {
     "precision": 0.9852774631936579,
     "recall": 0.9841628959276018,
     "f1-score": 0.9847198641765704,
     "support": 884.0
    },
    "17": {
     "precision": 0.9850093691442848,
     "recall": 0.9657072872014697,
     "f1-score": 0.9752628324056896,
     "support": 3266.0
    },
    "18": {
     "precision": 0.6756756756756757,
     "recall": 0.9259259259259259,
     "f1-score": 0.78125,
     "support": 27.0
    },
    "accuracy": 0.8312727272727273,
    "macro avg": {
     "precision": 0.6727508561192433,
     "recall": 0.737335638777582,
     "f1-score": 0.6920070116998259,
     "support": 8250.0
    },
    "weighted avg": {
     "precision": 0.8517581434086052,
     "recall": 0.8312727272727273,
     "f1-score": 0.8371038838862013,
     "support": 8250.0
    }
   }
  }
 }
}