{
 "dataset": "prototype",
 "n_samples": 90579,
 "n_features": 752,
 "n_classes": 10,
 "n_train": 53894,
 "n_test": 27174,
 "transformer_params": 74784,
 "total_params": 180309,
 "config": {
  "heads": [
   "cell_type"
  ],
  "cohorts": null,
  "n_hvg": null,
  "n_channels": 1,
  "batch_size": 128,
  "val_frac": 0.15,
  "test_frac": 0.15,
  "d_model": 96,
  "n_heads": 4,
  "d_ff": 192,
  "dropout": 0.1,
  "n_markers": 128,
  "marker_mode": "router",
  "pathway_pool": "mean",
  "compress_mode": "aggregate",
  "recursive_marker_refine": true,
  "peak_init": true,
  "anneal_markers": true,
  "recursion_depth": 4,
  "share_weights": true,
  "adaptive_depth": false,
  "marker_ffn": false,
  "recursion_mode": "fixed",
  "router_capacity": null,
  "router_alpha": 1.0,
  "router_temp": 1.0,
  "router_type": "linear",
  "router_z_coeff": 0.001,
  "router_balance_coeff": 0.1,
  "gene_interaction": "none",
  "interaction_knn": 16,
  "router_prior_beta": 1.0,
  "router_prior_anneal": true,
  "pathway_attn_bias": false,
  "pathway_attn_lambda": 2.0,
  "lambda_marker": 0.1,
  "gamma_diversity": 0.05,
  "beta_compression": 0.01,
  "lr": 0.001,
  "weight_decay": 1e-05,
  "epochs": 150,
  "patience": 15,
  "seed": 0,
  "device": "cuda"
 },
 "heads": {
  "cell_type": {
   "accuracy": 0.9442849782880695,
   "macro_f1": 0.9384223865080589,
   "weighted_f1": 0.9443057184370941,
   "per_class": {
    "0": {
     "precision": 0.9612756264236902,
     "recall": 0.9825378346915018,
     "f1-score": 0.971790443293034,
     "support": 859.0
    },
    "1": {
     "precision": 0.9656565656565657,
     "recall": 0.941871921182266,
     "f1-score": 0.9536159600997506,
     "support": 1015.0
    },
    "2": {
     "precision": 0.930715935334873,
     "recall": 0.9389561975768872,
     "f1-score": 0.934817907678033,
     "support": 2146.0
    },
    "3": {
     "precision": 0.9393232205367561,
     "recall": 0.9526627218934911,
     "f1-score": 0.9459459459459459,
     "support": 2535.0
    },
    "4": {
     "precision": 0.8710618436406068,
     "recall": 0.8782352941176471,
     "f1-score": 0.8746338605741066,
     "support": 1700.0
    },
    "5": {
     "precision": 0.8928404305100608,
     "recall": 0.8945147679324894,
     "f1-score": 0.8936768149882904,
     "support": 2133.0
    },
    "6": {
     "precision": 0.9256630556593202,
     "recall": 0.9187986651835373,
     "f1-score": 0.9222180870859695,
     "support": 2697.0
    },
    "7": {
     "precision": 0.9603603603603603,
     "recall": 0.9584607085056644,
     "f1-score": 0.959409594095941,
     "support": 5561.0
    },
    "8": {
     "precision": 0.9497874601487779,
     "recall": 0.9430229490899499,
     "f1-score": 0.9463931171409663,
     "support": 3791.0
    },
    "9": {
     "precision": 0.9826565143824028,
     "recall": 0.9807895292379143,
     "f1-score": 0.9817221341785526,
     "support": 4737.0
    },
    "accuracy": 0.9442849782880695,
    "macro avg": {
     "precision": 0.9379341012653413,
     "recall": 0.9389850589411349,
     "f1-score": 0.9384223865080589,
     "support": 27174.0
    },
    "weighted avg": {
     "precision": 0.9443650955371414,
     "recall": 0.9442849782880695,
     "f1-score": 0.9443057184370941,
     "support": 27174.0
    }
   }
  }
 }
}