{
 "dataset": "tabula_muris",
 "n_samples": 54865,
 "n_features": 1089,
 "n_classes": 55,
 "n_train": 32645,
 "n_test": 16458,
 "transformer_params": 74784,
 "total_params": 221391,
 "config": {
  "heads": [
   "cell_type"
  ],
  "cohorts": null,
  "n_hvg": null,
  "n_channels": 1,
  "batch_size": 128,
  "val_frac": 0.15,
  "test_frac": 0.15,
  "d_model": 96,
  "n_heads": 4,
  "d_ff": 192,
  "dropout": 0.1,
  "n_markers": 128,
  "marker_mode": "router",
  "compress_mode": "aggregate",
  "recursive_marker_refine": true,
  "peak_init": true,
  "anneal_markers": true,
  "recursion_depth": 4,
  "share_weights": true,
  "adaptive_depth": false,
  "marker_ffn": false,
  "recursion_mode": "fixed",
  "router_capacity": null,
  "router_alpha": 1.0,
  "router_temp": 1.0,
  "router_type": "linear",
  "router_z_coeff": 0.001,
  "router_balance_coeff": 0.1,
  "gene_interaction": "none",
  "interaction_knn": 16,
  "router_prior_beta": 1.0,
  "router_prior_anneal": true,
  "lambda_marker": 0.1,
  "gamma_diversity": 0.05,
  "beta_compression": 0.01,
  "lr": 0.001,
  "weight_decay": 1e-05,
  "epochs": 150,
  "patience": 15,
  "seed": 0,
  "device": "cuda"
 },
 "heads": {
  "cell_type": {
   "accuracy": 0.8755012759752097,
   "macro_f1": 0.7990670034804088,
   "weighted_f1": 0.8706968480329882,
   "per_class": {
    "0": {
     "precision": 0.9497098646034816,
     "recall": 0.9867363344051447,
     "f1-score": 0.9678691109796964,
     "support": 2488.0
    },
    "1": {
     "precision": 0.30434782608695654,
     "recall": 0.5384615384615384,
     "f1-score": 0.3888888888888889,
     "support": 13.0
    },
    "2": {
     "precision": 0.44,
     "recall": 0.55,
     "f1-score": 0.4888888888888889,
     "support": 20.0
    },
    "3": {
     "precision": 0.6923076923076923,
     "recall": 0.8181818181818182,
     "f1-score": 0.75,
     "support": 11.0
    },
    "4": {
     "precision": 0.9130434782608695,
     "recall": 0.8888888888888888,
     "f1-score": 0.900804289544236,
     "support": 1323.0
    },
    "5": {
     "precision": 0.95,
     "recall": 0.9134615384615384,
     "f1-score": 0.9313725490196079,
     "support": 104.0
    },
    "6": {
     "precision": 0.905511811023622,
     "recall": 0.9745762711864406,
     "f1-score": 0.9387755102040817,
     "support": 118.0
    },
    "7": {
     "precision": 0.9650455927051672,
     "recall": 0.9570459683496609,
     "f1-score": 0.9610291335603481,
     "support": 1327.0
    },
    "8": {
     "precision": 0.8888888888888888,
     "recall": 0.8888888888888888,
     "f1-score": 0.8888888888888888,
     "support": 18.0
    },
    "9": {
     "precision": 0.9441489361702128,
     "recall": 0.9833795013850416,
     "f1-score": 0.9633649932157394,
     "support": 361.0
    },
    "10": {
     "precision": 0.9829545454545454,
     "recall": 0.9885714285714285,
     "f1-score": 0.9857549857549858,
     "support": 350.0
    },
    "11": {
     "precision": 0.7062937062937062,
     "recall": 0.8859649122807017,
     "f1-score": 0.7859922178988327,
     "support": 342.0
    },
    "12": {
     "precision": 0.8571428571428571,
     "recall": 1.0,
     "f1-score": 0.9230769230769231,
     "support": 18.0
    },
    "13": {
     "precision": 0.875,
     "recall": 0.9333333333333333,
     "f1-score": 0.9032258064516129,
     "support": 15.0
    },
    "14": {
     "precision": 0.6458333333333334,
     "recall": 0.6458333333333334,
     "f1-score": 0.6458333333333334,
     "support": 48.0
    },
    "15": {
     "precision": 0.7857142857142857,
     "recall": 0.8461538461538461,
     "f1-score": 0.8148148148148148,
     "support": 13.0
    },
    "16": {
     "precision": 1.0,
     "recall": 1.0,
     "f1-score": 1.0,
     "support": 8.0
    },
    "17": {
     "precision": 0.9,
     "recall": 0.9473684210526315,
     "f1-score": 0.9230769230769231,
     "support": 19.0
    },
    "18": {
     "precision": 0.9,
     "recall": 0.9473684210526315,
     "f1-score": 0.9230769230769231,
     "support": 19.0
    },
    "19": {
     "precision": 0.9161028416779432,
     "recall": 0.7936694021101993,
     "f1-score": 0.8505025125628141,
     "support": 853.0
    },
    "20": {
     "precision": 0.7142857142857143,
     "recall": 0.625,
     "f1-score": 0.6666666666666666,
     "support": 8.0
    },
    "21": {
     "precision": 0.8606271777003485,
     "recall": 0.946360153256705,
     "f1-score": 0.9014598540145985,
     "support": 261.0
    },
    "22": {
     "precision": 0.76,
     "recall": 0.8260869565217391,
     "f1-score": 0.7916666666666666,
     "support": 46.0
    },
    "23": {
     "precision": 0.8636363636363636,
     "recall": 0.8382352941176471,
     "f1-score": 0.8507462686567164,
     "support": 68.0
    },
    "24": {
     "precision": 0.9377777777777778,
     "recall": 0.9678899082568807,
     "f1-score": 0.9525959367945824,
     "support": 218.0
    },
    "25": {
     "precision": 0.9333333333333333,
     "recall": 0.8672566371681416,
     "f1-score": 0.8990825688073395,
     "support": 113.0
    },
    "26": {
     "precision": 0.859504132231405,
     "recall": 0.8813559322033898,
     "f1-score": 0.8702928870292888,
     "support": 118.0
    },
    "27": {
     "precision": 0.9924812030075187,
     "recall": 0.998109640831758,
     "f1-score": 0.9952874646559849,
     "support": 529.0
    },
    "28": {
     "precision": 0.5869565217391305,
     "recall": 0.7941176470588235,
     "f1-score": 0.675,
     "support": 34.0
    },
    "29": {
     "precision": 0.9156626506024096,
     "recall": 0.9359605911330049,
     "f1-score": 0.925700365408039,
     "support": 406.0
    },
    "30": {
     "precision": 0.9439050701186623,
     "recall": 0.9479956663055255,
     "f1-score": 0.9459459459459459,
     "support": 923.0
    },
    "31": {
     "precision": 0.7674418604651163,
     "recall": 0.8389830508474576,
     "f1-score": 0.8016194331983806,
     "support": 118.0
    },
    "32": {
     "precision": 0.26666666666666666,
     "recall": 0.2857142857142857,
     "f1-score": 0.27586206896551724,
     "support": 14.0
    },
    "33": {
     "precision": 0.8521739130434782,
     "recall": 0.7368421052631579,
     "f1-score": 0.7903225806451613,
     "support": 133.0
    },
    "34": {
     "precision": 0.825,
     "recall": 0.9361702127659575,
     "f1-score": 0.8770764119601329,
     "support": 141.0
    },
    "35": {
     "precision": 0.9861878453038674,
     "recall": 0.9944289693593314,
     "f1-score": 0.9902912621359223,
     "support": 359.0
    },
    "36": {
     "precision": 0.8953488372093024,
     "recall": 0.9746835443037974,
     "f1-score": 0.9333333333333333,
     "support": 79.0
    },
    "37": {
     "precision": 0.6224489795918368,
     "recall": 0.6288659793814433,
     "f1-score": 0.6256410256410256,
     "support": 97.0
    },
    "38": {
     "precision": 0.9571428571428572,
     "recall": 0.9710144927536232,
     "f1-score": 0.9640287769784173,
     "support": 138.0
    },
    "39": {
     "precision": 0.8676470588235294,
     "recall": 0.8489208633093526,
     "f1-score": 0.8581818181818182,
     "support": 139.0
    },
    "40": {
     "precision": 0.5847457627118644,
     "recall": 0.3484848484848485,
     "f1-score": 0.43670886075949367,
     "support": 396.0
    },
    "41": {
     "precision": 0.42857142857142855,
     "recall": 0.8571428571428571,
     "f1-score": 0.5714285714285714,
     "support": 7.0
    },
    "42": {
     "precision": 0.7647058823529411,
     "recall": 0.8666666666666667,
     "f1-score": 0.8125,
     "support": 15.0
    },
    "43": {
     "precision": 0.9619246861924686,
     "recall": 0.9766355140186916,
     "f1-score": 0.9692242833052277,
     "support": 2354.0
    },
    "44": {
     "precision": 0.35874439461883406,
     "recall": 0.9384164222873901,
     "f1-score": 0.519059205190592,
     "support": 341.0
    },
    "45": {
     "precision": 0.7085427135678392,
     "recall": 0.8980891719745223,
     "f1-score": 0.7921348314606742,