{
 "dataset": "Oesophagus",
 "mode": "learned_anchor",
 "K": 4,
 "seed": 1,
 "n_markers": 128,
 "test_macro_f1": 54.38374195989819,
 "test_accuracy": 79.30263407238961,
 "val_macro_f1": 53.994440645136464,
 "n_features": 1089,
 "n_classes": 18,
 "n_samples": 87947,
 "learned_lambda": 0.28901180624961853,
 "bio_anchor_have": true
}