{
 "dataset": "Oesophagus",
 "mode": "learned_anchor",
 "K": 4,
 "seed": 0,
 "n_markers": 128,
 "test_macro_f1": 60.42382976399252,
 "test_accuracy": 82.23990903922683,
 "val_macro_f1": 58.403216630270684,
 "n_features": 1089,
 "n_classes": 18,
 "n_samples": 87947,
 "learned_lambda": 0.20924924314022064,
 "bio_anchor_have": true
}