{
 "dataset": "Oesophagus",
 "mode": "learned_anchor",
 "K": 4,
 "seed": 2,
 "n_markers": 128,
 "test_macro_f1": 56.07172925082959,
 "test_accuracy": 81.25829069547092,
 "val_macro_f1": 56.61401248623512,
 "n_features": 1089,
 "n_classes": 18,
 "n_samples": 87947,
 "learned_lambda": 0.301596462726593,
 "bio_anchor_have": true
}