{
 "dataset": "baron",
 "n_samples": 8569,
 "n_features": 1936,
 "n_classes": 14,
 "n_train": 5098,
 "n_test": 2571,
 "transformer_params": 75168,
 "total_params": 295133,
 "config": {
  "heads": [
   "cell_type"
  ],
  "cohorts": null,
  "n_hvg": null,
  "n_channels": 1,
  "batch_size": 128,
  "val_frac": 0.15,
  "test_frac": 0.15,
  "d_model": 96,
  "n_heads": 4,
  "d_ff": 192,
  "dropout": 0.1,
  "n_markers": 128,
  "marker_mode": "router",
  "pathway_pool": "mean",
  "compress_mode": "aggregate",
  "recursive_marker_refine": true,
  "peak_init": true,
  "anneal_markers": true,
  "recursion_depth": 4,
  "share_weights": true,
  "share_strategy": "cycle",
  "n_unique_blocks": null,
  "step_cache": false,
  "adaptive_depth": false,
  "marker_ffn": false,
  "recursion_mode": "token",
  "router_capacity": null,
  "router_alpha": 1.0,
  "router_temp": 1.0,
  "router_type": "linear",
  "router_z_coeff": 0.001,
  "router_balance_coeff": 0.01,
  "gene_interaction": "none",
  "interaction_knn": 16,
  "router_prior_beta": 1.0,
  "router_prior_anneal": true,
  "pathway_attn_bias": false,
  "pathway_attn_lambda": 2.0,
  "lambda_marker": 0.1,
  "gamma_diversity": 0.05,
  "beta_compression": 0.01,
  "lr": 0.001,
  "weight_decay": 1e-05,
  "epochs": 80,
  "patience": 12,
  "seed": 0,
  "device": "cuda"
 },
 "heads": {
  "cell_type": {
   "accuracy": 0.852586542201478,
   "macro_f1": 0.5855700175987829,
   "weighted_f1": 0.8595745239708209,
   "per_class": {
    "0": {
     "precision": 0.9047619047619048,
     "recall": 0.926829268292683,
     "f1-score": 0.9156626506024096,
     "support": 287.0
    },
    "1": {
     "precision": 0.7111111111111111,
     "recall": 0.7529411764705882,
     "f1-score": 0.7314285714285714,
     "support": 85.0
    },
    "2": {
     "precision": 0.948905109489051,
     "recall": 0.9312320916905444,
     "f1-score": 0.9399855386840202,
     "support": 698.0
    },
    "3": {
     "precision": 0.9535928143712575,
     "recall": 0.8403693931398417,
     "f1-score": 0.8934081346423562,
     "support": 758.0
    },
    "4": {
     "precision": 0.5753968253968254,
     "recall": 0.8055555555555556,
     "f1-score": 0.6712962962962963,
     "support": 180.0
    },
    "5": {
     "precision": 0.9240924092409241,
     "recall": 0.8668730650154799,
     "f1-score": 0.8945686900958466,
     "support": 323.0
    },
    "6": {
     "precision": 0.6629213483146067,
     "recall": 0.7763157894736842,
     "f1-score": 0.7151515151515152,
     "support": 76.0
    },
    "7": {
     "precision": 0.2,
     "recall": 0.2,
     "f1-score": 0.2,
     "support": 5.0
    },
    "8": {
     "precision": 0.5789473684210527,
     "recall": 0.5714285714285714,
     "f1-score": 0.5751633986928104,
     "support": 77.0
    },
    "9": {
     "precision": 0.5238095238095238,
     "recall": 0.6470588235294118,
     "f1-score": 0.5789473684210527,
     "support": 17.0
    },
    "10": {
     "precision": 0.42857142857142855,
     "recall": 0.42857142857142855,
     "f1-score": 0.42857142857142855,
     "support": 7.0
    },
    "11": {
     "precision": 0.5254237288135594,
     "recall": 0.5961538461538461,
     "f1-score": 0.5585585585585585,
     "support": 52.0
    },
    "12": {
     "precision": 0.058823529411764705,
     "recall": 0.25,
     "f1-score": 0.09523809523809523,
     "support": 4.0
    },
    "13": {
     "precision": 0.0,
     "recall": 0.0,
     "f1-score": 0.0,
     "support": 2.0
    },
    "accuracy": 0.852586542201478,
    "macro avg": {
     "precision": 0.5711683644080722,
     "recall": 0.6138092149515454,
     "f1-score": 0.5855700175987829,
     "support": 2571.0
    },
    "weighted avg": {
     "precision": 0.8723246080689127,
     "recall": 0.852586542201478,
     "f1-score": 0.8595745239708209,
     "support": 2571.0
    }
   }
  }
 }
}