{
 "dataset": "common_class",
 "n_samples": 27499,
 "n_features": 1089,
 "n_classes": 19,
 "n_train": 16361,
 "n_test": 8250,
 "transformer_params": 75168,
 "total_params": 214791,
 "config": {
  "heads": [
   "cell_type"
  ],
  "cohorts": null,
  "n_hvg": null,
  "n_channels": 1,
  "batch_size": 128,
  "val_frac": 0.15,
  "test_frac": 0.15,
  "d_model": 96,
  "n_heads": 4,
  "d_ff": 192,
  "dropout": 0.1,
  "n_markers": 128,
  "marker_mode": "router",
  "pathway_pool": "mean",
  "compress_mode": "aggregate",
  "recursive_marker_refine": true,
  "peak_init": true,
  "anneal_markers": true,
  "recursion_depth": 4,
  "share_weights": true,
  "share_strategy": "cycle",
  "n_unique_blocks": null,
  "step_cache": false,
  "adaptive_depth": false,
  "marker_ffn": false,
  "recursion_mode": "token",
  "router_capacity": null,
  "router_alpha": 1.0,
  "router_temp": 1.0,
  "router_type": "linear",
  "router_z_coeff": 0.001,
  "router_balance_coeff": 0.01,
  "gene_interaction": "none",
  "interaction_knn": 16,
  "router_prior_beta": 1.0,
  "router_prior_anneal": true,
  "pathway_attn_bias": false,
  "pathway_attn_lambda": 2.0,
  "lambda_marker": 0.1,
  "gamma_diversity": 0.05,
  "beta_compression": 0.01,
  "lr": 0.001,
  "weight_decay": 1e-05,
  "epochs": 80,
  "patience": 12,
  "seed": 0,
  "device": "cuda"
 },
 "heads": {
  "cell_type": {
   "accuracy": 0.812969696969697,
   "macro_f1": 0.6748051724931644,
   "weighted_f1": 0.8229216858925235,
   "per_class": {
    "0": {
     "precision": 0.3900709219858156,
     "recall": 0.7236842105263158,
     "f1-score": 0.5069124423963134,
     "support": 76.0
    },
    "1": {
     "precision": 0.664179104477612,
     "recall": 0.5443425076452599,
     "f1-score": 0.5983193277310924,
     "support": 327.0
    },
    "2": {
     "precision": 0.4304461942257218,
     "recall": 0.6890756302521008,
     "f1-score": 0.529886914378029,
     "support": 238.0
    },
    "3": {
     "precision": 0.551440329218107,
     "recall": 0.8023952095808383,
     "f1-score": 0.6536585365853659,
     "support": 167.0
    },
    "4": {
     "precision": 0.7341772151898734,
     "recall": 0.725,
     "f1-score": 0.7295597484276729,
     "support": 160.0
    },
    "5": {
     "precision": 0.7377777777777778,
     "recall": 0.6775510204081633,
     "f1-score": 0.7063829787234043,
     "support": 245.0
    },
    "6": {
     "precision": 0.4666666666666667,
     "recall": 0.5882352941176471,
     "f1-score": 0.5204460966542751,
     "support": 119.0
    },
    "7": {
     "precision": 0.869983948635634,
     "recall": 0.8077496274217586,
     "f1-score": 0.8377125193199382,
     "support": 671.0
    },
    "8": {
     "precision": 0.41836734693877553,
     "recall": 0.5694444444444444,
     "f1-score": 0.4823529411764706,
     "support": 144.0
    },
    "9": {
     "precision": 0.7435897435897436,
     "recall": 0.633495145631068,
     "f1-score": 0.6841415465268676,
     "support": 412.0
    },
    "10": {
     "precision": 0.6235955056179775,
     "recall": 0.6686746987951807,
     "f1-score": 0.6453488372093024,
     "support": 166.0
    },
    "11": {
     "precision": 0.8344988344988346,
     "recall": 0.700587084148728,
     "f1-score": 0.7617021276595745,
     "support": 511.0
    },
    "12": {
     "precision": 0.8506616257088847,
     "recall": 0.8522727272727273,
     "f1-score": 0.8514664143803217,
     "support": 528.0
    },
    "13": {
     "precision": 0.31840796019900497,
     "recall": 0.6808510638297872,
     "f1-score": 0.43389830508474575,
     "support": 94.0
    },
    "14": {
     "precision": 0.9333333333333333,
     "recall": 1.0,
     "f1-score": 0.9655172413793104,
     "support": 14.0
    },
    "15": {
     "precision": 0.3656387665198238,
     "recall": 0.4129353233830846,
     "f1-score": 0.3878504672897196,
     "support": 201.0
    },
    "16": {
     "precision": 0.98562874251497,
     "recall": 0.9309954751131222,
     "f1-score": 0.9575334496800465,
     "support": 884.0
    },
    "17": {
     "precision": 0.984977139124755,
     "recall": 0.9234537660747091,
     "f1-score": 0.9532237673830595,
     "support": 3266.0
    },
    "18": {
     "precision": 0.5263157894736842,
     "recall": 0.7407407407407407,
     "f1-score": 0.6153846153846154,
     "support": 27.0
    },
    "accuracy": 0.812969696969697,
    "macro avg": {
     "precision": 0.6541977339840525,
     "recall": 0.719551787862404,
     "f1-score": 0.6748051724931644,
     "support": 8250.0
    },
    "weighted avg": {
     "precision": 0.8416383280514296,
     "recall": 0.812969696969697,
     "f1-score": 0.8229216858925235,
     "support": 8250.0
    }
   }
  }
 }
}