{
 "dataset": "prototype",
 "n_samples": 90579,
 "n_features": 752,
 "n_classes": 10,
 "n_train": 53894,
 "n_test": 27174,
 "transformer_params": 75168,
 "total_params": 180693,
 "config": {
  "heads": [
   "cell_type"
  ],
  "cohorts": null,
  "n_hvg": null,
  "n_channels": 1,
  "batch_size": 128,
  "val_frac": 0.15,
  "test_frac": 0.15,
  "d_model": 96,
  "n_heads": 4,
  "d_ff": 192,
  "dropout": 0.1,
  "n_markers": 128,
  "marker_mode": "router",
  "pathway_pool": "mean",
  "compress_mode": "aggregate",
  "recursive_marker_refine": true,
  "peak_init": true,
  "anneal_markers": true,
  "recursion_depth": 4,
  "share_weights": true,
  "share_strategy": "cycle",
  "n_unique_blocks": null,
  "step_cache": false,
  "adaptive_depth": false,
  "marker_ffn": false,
  "recursion_mode": "token",
  "router_capacity": null,
  "router_alpha": 1.0,
  "router_temp": 1.0,
  "router_type": "linear",
  "router_z_coeff": 0.001,
  "router_balance_coeff": 0.01,
  "gene_interaction": "none",
  "interaction_knn": 16,
  "router_prior_beta": 1.0,
  "router_prior_anneal": true,
  "pathway_attn_bias": false,
  "pathway_attn_lambda": 2.0,
  "lambda_marker": 0.1,
  "gamma_diversity": 0.05,
  "beta_compression": 0.01,
  "lr": 0.001,
  "weight_decay": 1e-05,
  "epochs": 80,
  "patience": 12,
  "seed": 0,
  "device": "cuda"
 },
 "heads": {
  "cell_type": {
   "accuracy": 0.9453153749908,
   "macro_f1": 0.9367048596739579,
   "weighted_f1": 0.9455417050806652,
   "per_class": {
    "0": {
     "precision": 0.9275521405049396,
     "recall": 0.9837019790454016,
     "f1-score": 0.9548022598870056,
     "support": 859.0
    },
    "1": {
     "precision": 0.953,
     "recall": 0.9389162561576355,
     "f1-score": 0.9459057071960297,
     "support": 1015.0
    },
    "2": {
     "precision": 0.9551158301158301,
     "recall": 0.9221808014911463,
     "f1-score": 0.9383594120436226,
     "support": 2146.0
    },
    "3": {
     "precision": 0.9555555555555556,
     "recall": 0.9499013806706115,
     "f1-score": 0.9527200791295747,
     "support": 2535.0
    },
    "4": {
     "precision": 0.8853238265002971,
     "recall": 0.8764705882352941,
     "f1-score": 0.8808749630505468,
     "support": 1700.0
    },
    "5": {
     "precision": 0.8370402053036784,
     "recall": 0.9174871073605251,
     "f1-score": 0.87541936926862,
     "support": 2133.0
    },
    "6": {
     "precision": 0.9187969924812031,
     "recall": 0.9061920652576937,
     "f1-score": 0.9124509986932985,
     "support": 2697.0
    },
    "7": {
     "precision": 0.9645224870094965,
     "recall": 0.9679913684589103,
     "f1-score": 0.9662538143959791,
     "support": 5561.0
    },
    "8": {
     "precision": 0.9709318120076066,
     "recall": 0.9427591664468478,
     "f1-score": 0.9566381156316917,
     "support": 3791.0
    },
    "9": {
     "precision": 0.9845600676818951,
     "recall": 0.982689465906692,
     "f1-score": 0.9836238774432118,
     "support": 4737.0
    },
    "accuracy": 0.9453153749908,
    "macro avg": {
     "precision": 0.9352398917160503,
     "recall": 0.9388290179030758,
     "f1-score": 0.9367048596739579,
     "support": 27174.0
    },
    "weighted avg": {
     "precision": 0.9462316933587434,
     "recall": 0.9453153749908,
     "f1-score": 0.9455417050806652,
     "support": 27174.0
    }
   }
  }
 }
}