{
 "dataset": "tabula_muris",
 "n_samples": 54865,
 "n_features": 1089,
 "n_classes": 55,
 "n_train": 32645,
 "n_test": 16458,
 "transformer_params": 75168,
 "total_params": 221775,
 "config": {
  "heads": [
   "cell_type"
  ],
  "cohorts": null,
  "n_hvg": null,
  "n_channels": 1,
  "batch_size": 128,
  "val_frac": 0.15,
  "test_frac": 0.15,
  "d_model": 96,
  "n_heads": 4,
  "d_ff": 192,
  "dropout": 0.1,
  "n_markers": 128,
  "marker_mode": "router",
  "pathway_pool": "mean",
  "compress_mode": "aggregate",
  "recursive_marker_refine": true,
  "peak_init": true,
  "anneal_markers": true,
  "recursion_depth": 4,
  "share_weights": true,
  "share_strategy": "cycle",
  "n_unique_blocks": null,
  "step_cache": false,
  "adaptive_depth": false,
  "marker_ffn": false,
  "recursion_mode": "token",
  "router_capacity": null,
  "router_alpha": 1.0,
  "router_temp": 1.0,
  "router_type": "linear",
  "router_z_coeff": 0.001,
  "router_balance_coeff": 0.01,
  "gene_interaction": "none",
  "interaction_knn": 16,
  "router_prior_beta": 1.0,
  "router_prior_anneal": true,
  "pathway_attn_bias": false,
  "pathway_attn_lambda": 2.0,
  "lambda_marker": 0.1,
  "gamma_diversity": 0.05,
  "beta_compression": 0.01,
  "lr": 0.001,
  "weight_decay": 1e-05,
  "epochs": 80,
  "patience": 12,
  "seed": 0,
  "device": "cuda"
 },
 "heads": {
  "cell_type": {
   "accuracy": 0.8355814801312431,
   "macro_f1": 0.7555208921584089,
   "weighted_f1": 0.8320741380426998,
   "per_class": {
    "0": {
     "precision": 0.9451313755795981,
     "recall": 0.9831189710610932,
     "f1-score": 0.9637509850275807,
     "support": 2488.0
    },
    "1": {
     "precision": 0.43478260869565216,
     "recall": 0.7692307692307693,
     "f1-score": 0.5555555555555556,
     "support": 13.0
    },
    "2": {
     "precision": 0.7777777777777778,
     "recall": 0.7,
     "f1-score": 0.7368421052631579,
     "support": 20.0
    },
    "3": {
     "precision": 0.7777777777777778,
     "recall": 0.6363636363636364,
     "f1-score": 0.7,
     "support": 11.0
    },
    "4": {
     "precision": 0.9265116279069767,
     "recall": 0.7528344671201814,
     "f1-score": 0.8306922435362802,
     "support": 1323.0
    },
    "5": {
     "precision": 0.9578947368421052,
     "recall": 0.875,
     "f1-score": 0.914572864321608,
     "support": 104.0
    },
    "6": {
     "precision": 0.9310344827586207,
     "recall": 0.9152542372881356,
     "f1-score": 0.9230769230769231,
     "support": 118.0
    },
    "7": {
     "precision": 0.9585987261146497,
     "recall": 0.9073097211755841,
     "f1-score": 0.9322493224932249,
     "support": 1327.0
    },
    "8": {
     "precision": 0.6956521739130435,
     "recall": 0.8888888888888888,
     "f1-score": 0.7804878048780488,
     "support": 18.0
    },
    "9": {
     "precision": 0.8104265402843602,
     "recall": 0.9473684210526315,
     "f1-score": 0.8735632183908046,
     "support": 361.0
    },
    "10": {
     "precision": 0.9623188405797102,
     "recall": 0.9485714285714286,
     "f1-score": 0.9553956834532374,
     "support": 350.0
    },
    "11": {
     "precision": 0.42559109874826145,
     "recall": 0.8947368421052632,
     "f1-score": 0.5768143261074458,
     "support": 342.0
    },
    "12": {
     "precision": 0.8571428571428571,
     "recall": 1.0,
     "f1-score": 0.9230769230769231,
     "support": 18.0
    },
    "13": {
     "precision": 0.8235294117647058,
     "recall": 0.9333333333333333,
     "f1-score": 0.875,
     "support": 15.0
    },
    "14": {
     "precision": 0.5660377358490566,
     "recall": 0.625,
     "f1-score": 0.594059405940594,
     "support": 48.0
    },
    "15": {
     "precision": 0.5,
     "recall": 0.6923076923076923,
     "f1-score": 0.5806451612903226,
     "support": 13.0
    },
    "16": {
     "precision": 0.7142857142857143,
     "recall": 0.625,
     "f1-score": 0.6666666666666666,
     "support": 8.0
    },
    "17": {
     "precision": 0.68,
     "recall": 0.8947368421052632,
     "f1-score": 0.7727272727272727,
     "support": 19.0
    },
    "18": {
     "precision": 0.72,
     "recall": 0.9473684210526315,
     "f1-score": 0.8181818181818182,
     "support": 19.0
    },
    "19": {
     "precision": 0.9240506329113924,
     "recall": 0.6846424384525205,
     "f1-score": 0.7865319865319865,
     "support": 853.0
    },
    "20": {
     "precision": 1.0,
     "recall": 0.5,
     "f1-score": 0.6666666666666666,
     "support": 8.0
    },
    "21": {
     "precision": 0.7630662020905923,
     "recall": 0.8390804597701149,
     "f1-score": 0.7992700729927007,
     "support": 261.0
    },
    "22": {
     "precision": 0.7894736842105263,
     "recall": 0.9782608695652174,
     "f1-score": 0.8737864077669902,
     "support": 46.0
    },
    "23": {
     "precision": 0.7534246575342466,
     "recall": 0.8088235294117647,
     "f1-score": 0.7801418439716312,
     "support": 68.0
    },
    "24": {
     "precision": 0.9626168224299065,
     "recall": 0.944954128440367,
     "f1-score": 0.9537037037037037,
     "support": 218.0
    },
    "25": {
     "precision": 0.8760330578512396,
     "recall": 0.9380530973451328,
     "f1-score": 0.905982905982906,
     "support": 113.0
    },
    "26": {
     "precision": 0.8738738738738738,
     "recall": 0.8220338983050848,
     "f1-score": 0.8471615720524017,
     "support": 118.0
    },
    "27": {
     "precision": 0.9943609022556391,
     "recall": 1.0,
     "f1-score": 0.9971724787935909,
     "support": 529.0
    },
    "28": {
     "precision": 0.7435897435897436,
     "recall": 0.8529411764705882,
     "f1-score": 0.7945205479452054,
     "support": 34.0
    },
    "29": {
     "precision": 0.9054373522458629,
     "recall": 0.9433497536945813,
     "f1-score": 0.9240048250904704,
     "support": 406.0
    },
    "30": {
     "precision": 0.8767535070140281,
     "recall": 0.9479956663055255,
     "f1-score": 0.9109838625715773,
     "support": 923.0
    },
    "31": {
     "precision": 0.6992481203007519,
     "recall": 0.788135593220339,
     "f1-score": 0.7410358565737052,
     "support": 118.0
    },
    "32": {
     "precision": 0.2222222222222222,
     "recall": 0.42857142857142855,
     "f1-score": 0.2926829268292683,
     "support": 14.0
    },
    "33": {
     "precision": 0.7545454545454545,
     "recall": 0.6240601503759399,
     "f1-score": 0.6831275720164609,
     "support": 133.0
    },
    "34": {
     "precision": 0.7714285714285715,
     "recall": 0.9574468085106383,
     "f1-score": 0.8544303797468354,
     "support": 141.0
    },
    "35": {
     "precision": 0.9834710743801653,
     "recall": 0.9944289693593314,
     "f1-score": 0.9889196675900277,
     "support": 359.0
    },
    "36": {
     "precision": 0.8333333333333334,
     "recall": 0.9493670886075949,
     "f1-score": 0.8875739644970414,
     "support": 79.0
    },
    "37": {
     "precision": 0.49557522123893805,
     "recall": 0.5773195876288659,
     "f1-score": 0.5333333333333333,
     "support": 97.0
    },
    "38": {
     "precision": 0.9312977099236641,
     "recall": 0.8840579710144928,
     "f1-score": 0.9070631970260223,
     "support": 138.0
    },
    "39": {
     "precision": 0.7402597402597403,
     "recall": 0.8201438848920863,
     "f1-score": 0.7781569965870307,
     "support": 139.0
    },
    "40": {
     "precision": 0.4,
     "recall": 0.1717171717171717,
     "f1-score": 0.24028268551236748,
     "support": 396.0
    },
    "41": {
     "precision": 0.4,
     "recall": 0.8571428571428571,
     "f1-score": 0.5454545454545454,
     "support": 7.0
    },
    "42": {
     "precision": 0.5882352941176471,
     "recall": 0.6666666666666666,
     "f1-score": 0.625,
     "support": 15.0
    },
    "43": {
     "precision": 0.9427238014425117,
     "recall": 0.9439252336448598,
     "f1-score": 0.943324135003184,
     "support": 2354.0
    },
    "44": {
     "precision": 0.3506172839506173,
     "recall": 0.8328445747800587,
     "f1-score": 0.4934839270199826,