{
 "task": "pathologic_T",
 "n_samples": 423,
 "n_genes": 20530,
 "n_classes": 4,
 "n_train": 287,
 "n_test": 85,
 "transformer_params": 132992,
 "total_params": 2828297,
 "mean_recursion_depth": 2.75,
 "compute_saving_ratio": 0.6015625,
 "config": {
  "heads": [
   "pathologic_T"
  ],
  "cohorts": null,
  "n_hvg": null,
  "batch_size": 32,
  "val_frac": 0.15,
  "test_frac": 0.15,
  "d_model": 128,
  "n_heads": 4,
  "d_ff": 256,
  "dropout": 0.1,
  "n_markers": 256,
  "marker_mode": "router",
  "compress_mode": "aggregate",
  "recursive_marker_refine": true,
  "peak_init": true,
  "anneal_markers": true,
  "recursion_depth": 4,
  "share_weights": true,
  "adaptive_depth": false,
  "marker_ffn": false,
  "recursion_mode": "expert",
  "router_capacity": null,
  "router_alpha": 1.0,
  "router_temp": 1.0,
  "router_type": "linear",
  "router_z_coeff": 0.001,
  "router_balance_coeff": 0.1,
  "gene_interaction": "none",
  "interaction_knn": 16,
  "router_prior_beta": 1.0,
  "router_prior_anneal": true,
  "lambda_marker": 0.1,
  "gamma_diversity": 0.05,
  "beta_compression": 0.01,
  "lr": 0.0003,
  "weight_decay": 0.01,
  "epochs": 40,
  "patience": 8,
  "seed": 42,
  "device": "cuda"
 },
 "heads": {
  "pathologic_T": {
   "accuracy": 0.32941176470588235,
   "macro_f1": 0.3135993135993136,
   "weighted_f1": 0.3323289676230852,
   "per_class": {
    "0": {
     "precision": 0.4,
     "recall": 0.2222222222222222,
     "f1-score": 0.2857142857142857,
     "support": 9.0
    },
    "1": {
     "precision": 0.35714285714285715,
     "recall": 0.21739130434782608,
     "f1-score": 0.2702702702702703,
     "support": 23.0
    },
    "2": {
     "precision": 0.21621621621621623,
     "recall": 0.42105263157894735,
     "f1-score": 0.2857142857142857,
     "support": 19.0
    },
    "3": {
     "precision": 0.4482758620689655,
     "recall": 0.38235294117647056,
     "f1-score": 0.4126984126984127,
     "support": 34.0
    },
    "accuracy": 0.32941176470588235,
    "macro avg": {
     "precision": 0.3554087338570097,
     "recall": 0.31075477483136654,
     "f1-score": 0.3135993135993136,
     "support": 85.0
    },
    "weighted avg": {
     "precision": 0.36663262509104294,
     "recall": 0.32941176470588235,
     "f1-score": 0.3323289676230852,
     "support": 85.0
    }
   }
  }
 }
}