{
 "task": "pathologic_N",
 "n_samples": 423,
 "n_genes": 20530,
 "n_classes": 4,
 "n_train": 287,
 "n_test": 85,
 "transformer_params": 132992,
 "total_params": 2828297,
 "mean_recursion_depth": 2.75,
 "compute_saving_ratio": 0.6015625,
 "config": {
  "heads": [
   "pathologic_N"
  ],
  "cohorts": null,
  "n_hvg": null,
  "batch_size": 32,
  "val_frac": 0.15,
  "test_frac": 0.15,
  "d_model": 128,
  "n_heads": 4,
  "d_ff": 256,
  "dropout": 0.1,
  "n_markers": 256,
  "marker_mode": "router",
  "compress_mode": "aggregate",
  "recursive_marker_refine": true,
  "peak_init": true,
  "anneal_markers": true,
  "recursion_depth": 4,
  "share_weights": true,
  "adaptive_depth": false,
  "marker_ffn": false,
  "recursion_mode": "expert",
  "router_capacity": null,
  "router_alpha": 1.0,
  "router_temp": 1.0,
  "router_type": "linear",
  "router_z_coeff": 0.001,
  "router_balance_coeff": 0.1,
  "gene_interaction": "none",
  "interaction_knn": 16,
  "router_prior_beta": 1.0,
  "router_prior_anneal": true,
  "lambda_marker": 0.1,
  "gamma_diversity": 0.05,
  "beta_compression": 0.01,
  "lr": 0.0003,
  "weight_decay": 0.01,
  "epochs": 40,
  "patience": 8,
  "seed": 42,
  "device": "cuda"
 },
 "heads": {
  "pathologic_N": {
   "accuracy": 0.4823529411764706,
   "macro_f1": 0.2952139822228874,
   "weighted_f1": 0.46458042619876655,
   "per_class": {
    "0": {
     "precision": 0.6296296296296297,
     "recall": 0.4722222222222222,
     "f1-score": 0.5396825396825397,
     "support": 36.0
    },
    "1": {
     "precision": 0.1111111111111111,
     "recall": 0.07142857142857142,
     "f1-score": 0.08695652173913043,
     "support": 14.0
    },
    "2": {
     "precision": 0.46938775510204084,
     "recall": 0.6764705882352942,
     "f1-score": 0.5542168674698795,
     "support": 34.0
    },
    "3": {
     "precision": 0.0,
     "recall": 0.0,
     "f1-score": 0.0,
     "support": 1.0
    },
    "accuracy": 0.4823529411764706,
    "macro avg": {
     "precision": 0.3025321239606954,
     "recall": 0.30503034547152197,
     "f1-score": 0.2952139822228874,
     "support": 85.0
    },
    "weighted avg": {
     "precision": 0.47272242230225425,
     "recall": 0.4823529411764706,
     "f1-score": 0.46458042619876655,
     "support": 85.0
    }
   }
  }
 }
}