{
 "dataset": "Muraro",
 "mode": "learned_anchor",
 "K": 4,
 "seed": 1,
 "n_markers": 128,
 "test_macro_f1": 75.13054869456768,
 "test_accuracy": 84.30141287284144,
 "val_macro_f1": 73.86356247283992,
 "n_features": 2000,
 "n_classes": 9,
 "n_samples": 2122,
 "learned_lambda": 0.20692716538906097,
 "bio_anchor_have": true
}