{
 "dataset": "Muraro",
 "mode": "learned_anchor",
 "K": 4,
 "seed": 2,
 "n_markers": 128,
 "test_macro_f1": 78.71121075167619,
 "test_accuracy": 92.15070643642072,
 "val_macro_f1": 95.19300215404164,
 "n_features": 2000,
 "n_classes": 9,
 "n_samples": 2122,
 "learned_lambda": 0.22735510766506195,
 "bio_anchor_have": true
}