{
 "dataset": "Muraro",
 "mode": "learned_anchor",
 "K": 4,
 "seed": 0,
 "n_markers": 128,
 "test_macro_f1": 64.69762040418811,
 "test_accuracy": 79.59183673469387,
 "val_macro_f1": 83.6040431143749,
 "n_features": 2000,
 "n_classes": 9,
 "n_samples": 2122,
 "learned_lambda": 0.23349550366401672,
 "bio_anchor_have": true
}