{
 "dataset": "Baron",
 "mode": "learned",
 "K": 4,
 "seed": 0,
 "n_markers": 128,
 "test_macro_f1": 80.40870253934183,
 "test_accuracy": 95.17697394010113,
 "n_features": 2000,
 "n_classes": 13,
 "n_samples": 8569,
 "learned_lambda": 0.28903377056121826,
 "bio_anchor_have": false
}