{
 "dataset": "Baron",
 "mode": "learned_bigbio",
 "K": 4,
 "seed": 1,
 "n_markers": 128,
 "test_macro_f1": 81.73444883487714,
 "test_accuracy": 96.42162582652665,
 "n_features": 2000,
 "n_classes": 13,
 "n_samples": 8569,
 "learned_lambda": 0.2832722067832947,
 "bio_anchor_have": false
}