{
 "dataset": "Baron",
 "mode": "learned_bio",
 "K": 4,
 "seed": 2,
 "n_markers": 128,
 "test_macro_f1": 75.48167752039114,
 "test_accuracy": 94.90470633994555,
 "n_features": 2000,
 "n_classes": 13,
 "n_samples": 8569,
 "learned_lambda": 0.24864356219768524,
 "bio_anchor_have": false
}