{
 "dataset": "Baron",
 "mode": "learned_bio",
 "K": 4,
 "seed": 0,
 "n_markers": 128,
 "test_macro_f1": 79.2773595088356,
 "test_accuracy": 95.02139245429794,
 "n_features": 2000,
 "n_classes": 13,
 "n_samples": 8569,
 "learned_lambda": 0.24766629934310913,
 "bio_anchor_have": false
}