{
 "dataset": "Baron",
 "mode": "learned_anchor",
 "K": 4,
 "seed": 0,
 "n_markers": 128,
 "test_macro_f1": 63.80595939202538,
 "test_accuracy": 87.12563204978608,
 "n_features": 2000,
 "n_classes": 13,
 "n_samples": 8569,
 "learned_lambda": 0.2942327857017517,
 "bio_anchor_have": true
}