{
 "dataset": "Baron",
 "mode": "learned_bio",
 "K": 4,
 "seed": 1,
 "n_markers": 128,
 "test_macro_f1": 83.2607746368998,
 "test_accuracy": 96.42162582652665,
 "n_features": 2000,
 "n_classes": 13,
 "n_samples": 8569,
 "learned_lambda": 0.2589370608329773,
 "bio_anchor_have": false
}