{
 "dataset": "Baron",
 "mode": "learned_anchor",
 "K": 4,
 "seed": 2,
 "n_markers": 128,
 "test_macro_f1": 56.645809795929694,
 "test_accuracy": 79.61882535978219,
 "n_features": 2000,
 "n_classes": 13,
 "n_samples": 8569,
 "learned_lambda": 0.2611747980117798,
 "bio_anchor_have": true
}