{
 "dataset": "Baron",
 "mode": "learned_anchor",
 "K": 4,
 "seed": 1,
 "n_markers": 128,
 "test_macro_f1": 68.83125001152176,
 "test_accuracy": 86.34772462077012,
 "n_features": 2000,
 "n_classes": 13,
 "n_samples": 8569,
 "learned_lambda": 0.26278460025787354,
 "bio_anchor_have": true
}