{
 "dataset": "Baron",
 "mode": "learned_bigbio",
 "K": 4,
 "seed": 2,
 "n_markers": 128,
 "test_macro_f1": 80.03541597960239,
 "test_accuracy": 96.18825359782186,
 "n_features": 2000,
 "n_classes": 13,
 "n_samples": 8569,
 "learned_lambda": 0.28652939200401306,
 "bio_anchor_have": false
}