{
 "dataset": "Baron",
 "mode": "learned_anchor",
 "K": 4,
 "seed": 4,
 "n_markers": 128,
 "test_macro_f1": 75.26427629241991,
 "test_accuracy": 91.28743679502139,
 "n_features": 2000,
 "n_classes": 13,
 "n_samples": 8569,
 "learned_lambda": 0.2857488989830017,
 "bio_anchor_have": true
}