{
 "dataset": "Baron",
 "mode": "learned_bigbio",
 "K": 4,
 "seed": 4,
 "n_markers": 128,
 "test_macro_f1": 85.0590461822687,
 "test_accuracy": 96.77168416958382,
 "n_features": 2000,
 "n_classes": 13,
 "n_samples": 8569,
 "learned_lambda": 0.2857537567615509,
 "bio_anchor_have": false
}