{
 "dataset": "Baron",
 "mode": "learned_anchor",
 "K": 4,
 "seed": 3,
 "n_markers": 128,
 "test_macro_f1": 69.425044371178,
 "test_accuracy": 87.35900427849086,
 "n_features": 2000,
 "n_classes": 13,
 "n_samples": 8569,
 "learned_lambda": 0.27859699726104736,
 "bio_anchor_have": true
}