{
 "dataset": "Baron",
 "mode": "learned",
 "K": 4,
 "seed": 3,
 "n_markers": 128,
 "test_macro_f1": 85.58389432352882,
 "test_accuracy": 95.56592765460911,
 "n_features": 2000,
 "n_classes": 13,
 "n_samples": 8569,
 "learned_lambda": 0.28482314944267273,
 "bio_anchor_have": false
}