{
 "dataset": "Baron",
 "mode": "learned_bigbio",
 "K": 4,
 "seed": 3,
 "n_markers": 128,
 "test_macro_f1": 80.56557565664116,
 "test_accuracy": 94.86581096849474,
 "n_features": 2000,
 "n_classes": 13,
 "n_samples": 8569,
 "learned_lambda": 0.27242013812065125,
 "bio_anchor_have": false
}