{
 "dataset": "Baron",
 "mode": "learned",
 "K": 4,
 "seed": 1,
 "n_markers": 128,
 "test_macro_f1": 82.89907586023975,
 "test_accuracy": 96.14935822637106,
 "n_features": 2000,
 "n_classes": 13,
 "n_samples": 8569,
 "learned_lambda": 0.24551646411418915,
 "bio_anchor_have": false
}