{
 "dataset": "Baron",
 "mode": "learned",
 "K": 4,
 "seed": 2,
 "n_markers": 128,
 "test_macro_f1": 79.49762246900585,
 "test_accuracy": 95.37145079735512,
 "n_features": 2000,
 "n_classes": 13,
 "n_samples": 8569,
 "learned_lambda": 0.27685725688934326,
 "bio_anchor_have": false
}