{
 "dataset": "Baron",
 "mode": "learned_bigbio",
 "K": 4,
 "seed": 0,
 "n_markers": 128,
 "test_macro_f1": 80.56857713138524,
 "test_accuracy": 95.99377674056787,
 "n_features": 2000,
 "n_classes": 13,
 "n_samples": 8569,
 "learned_lambda": 0.3028276860713959,
 "bio_anchor_have": false
}