{
 "dataset": "Baron",
 "mode": "learned_bio",
 "K": 4,
 "seed": 3,
 "n_markers": 128,
 "test_macro_f1": 79.61012976830642,
 "test_accuracy": 96.49941656942825,
 "n_features": 2000,
 "n_classes": 13,
 "n_samples": 8569,
 "learned_lambda": 0.27540409564971924,
 "bio_anchor_have": false
}