{
 "dataset": "Baron",
 "mode": "learned_bio",
 "K": 4,
 "seed": 4,
 "n_markers": 128,
 "test_macro_f1": 86.80014499007058,
 "test_accuracy": 96.8494749124854,
 "n_features": 2000,
 "n_classes": 13,
 "n_samples": 8569,
 "learned_lambda": 0.27164915204048157,
 "bio_anchor_have": false
}