{
 "dataset": "pancreas",
 "n_samples": 14767,
 "n_features": 1936,
 "n_classes": 15,
 "n_train": 10744,
 "n_test": 2127,
 "transformer_params": 299520,
 "total_params": 519679,
 "config": {
  "heads": [
   "cell_type"
  ],
  "cohorts": null,
  "n_hvg": null,
  "batch_size": 128,
  "val_frac": 0.15,
  "test_frac": 0.15,
  "d_model": 96,
  "n_heads": 4,
  "d_ff": 192,
  "dropout": 0.1,
  "n_markers": 128,
  "marker_mode": "router",
  "compress_mode": "aggregate",
  "recursive_marker_refine": true,
  "peak_init": true,
  "anneal_markers": true,
  "recursion_depth": 4,
  "share_weights": false,
  "adaptive_depth": false,
  "marker_ffn": false,
  "recursion_mode": "expert",
  "router_capacity": null,
  "router_alpha": 1.0,
  "router_temp": 1.0,
  "router_type": "linear",
  "router_z_coeff": 0.001,
  "router_balance_coeff": 0.1,
  "gene_interaction": "none",
  "interaction_knn": 16,
  "router_prior_beta": 1.0,
  "router_prior_anneal": true,
  "lambda_marker": 0.1,
  "gamma_diversity": 0.05,
  "beta_compression": 0.01,
  "lr": 0.001,
  "weight_decay": 1e-05,
  "epochs": 150,
  "patience": 15,
  "seed": 3,
  "device": "cuda"
 },
 "heads": {
  "cell_type": {
   "accuracy": 0.917724494593324,
   "macro_f1": 0.5104113528839184,
   "weighted_f1": 0.9196288718464933,
   "per_class": {
    "0": {
     "precision": 0.0,
     "recall": 0.0,
     "f1-score": 0.0,
     "support": 5.0
    },
    "1": {
     "precision": 0.9935897435897436,
     "recall": 0.8378378378378378,
     "f1-score": 0.9090909090909091,
     "support": 185.0
    },
    "2": {
     "precision": 0.9894613583138173,
     "recall": 0.95372460496614,
     "f1-score": 0.9712643678160919,
     "support": 886.0
    },
    "3": {
     "precision": 0.9532374100719424,
     "recall": 0.9814814814814815,
     "f1-score": 0.9671532846715328,
     "support": 270.0
    },
    "4": {
     "precision": 0.873015873015873,
     "recall": 0.9649122807017544,
     "f1-score": 0.9166666666666666,
     "support": 114.0
    },
    "5": {
     "precision": 0.9180722891566265,
     "recall": 0.9870466321243523,
     "f1-score": 0.951310861423221,
     "support": 386.0
    },
    "6": {
     "precision": 1.0,
     "recall": 0.4375,
     "f1-score": 0.6086956521739131,
     "support": 16.0
    },
    "7": {
     "precision": 0.2727272727272727,
     "recall": 0.42857142857142855,
     "f1-score": 0.3333333333333333,
     "support": 7.0
    },
    "8": {
     "precision": 0.8803827751196173,
     "recall": 0.934010152284264,
     "f1-score": 0.9064039408866995,
     "support": 197.0
    },
    "9": {
     "precision": 0.0,
     "recall": 0.0,
     "f1-score": 0.0,
     "support": 0.0
    },
    "10": {
     "precision": 0.0,
     "recall": 0.0,
     "f1-score": 0.0,
     "support": 7.0
    },
    "11": {
     "precision": 0.0,
     "recall": 0.0,
     "f1-score": 0.0,
     "support": 0.0
    },
    "13": {
     "precision": 1.0,
     "recall": 0.037037037037037035,
     "f1-score": 0.07142857142857142,
     "support": 54.0
    },
    "accuracy": 0.917724494593324,
    "macro avg": {
     "precision": 0.6061912863072995,
     "recall": 0.5047785734618689,
     "f1-score": 0.5104113528839184,
     "support": 2127.0
    },
    "weighted avg": {
     "precision": 0.9483287153246318,
     "recall": 0.917724494593324,
     "f1-score": 0.9196288718464933,
     "support": 2127.0
    }
   }
  }
 }
}