{
 "dataset": "tabula_muris",
 "n_samples": 54865,
 "n_features": 1089,
 "n_classes": 55,
 "n_train": 32645,
 "n_test": 16458,
 "transformer_params": 299520,
 "total_params": 446127,
 "config": {
  "heads": [
   "cell_type"
  ],
  "cohorts": null,
  "n_hvg": null,
  "batch_size": 128,
  "val_frac": 0.15,
  "test_frac": 0.15,
  "d_model": 96,
  "n_heads": 4,
  "d_ff": 192,
  "dropout": 0.1,
  "n_markers": 128,
  "marker_mode": "router",
  "compress_mode": "aggregate",
  "recursive_marker_refine": true,
  "peak_init": true,
  "anneal_markers": true,
  "recursion_depth": 4,
  "share_weights": false,
  "adaptive_depth": false,
  "marker_ffn": false,
  "recursion_mode": "expert",
  "router_capacity": null,
  "router_alpha": 1.0,
  "router_temp": 1.0,
  "router_type": "linear",
  "router_z_coeff": 0.001,
  "router_balance_coeff": 0.1,
  "gene_interaction": "none",
  "interaction_knn": 16,
  "router_prior_beta": 1.0,
  "router_prior_anneal": true,
  "lambda_marker": 0.1,
  "gamma_diversity": 0.05,
  "beta_compression": 0.01,
  "lr": 0.001,
  "weight_decay": 1e-05,
  "epochs": 150,
  "patience": 15,
  "seed": 3,
  "device": "cuda"
 },
 "heads": {
  "cell_type": {
   "accuracy": 0.790071697654636,
   "macro_f1": 0.7050569794549498,
   "weighted_f1": 0.7917787891914709,
   "per_class": {
    "0": {
     "precision": 0.8675601103665747,
     "recall": 0.8846463022508039,
     "f1-score": 0.8760199004975124,
     "support": 2488.0
    },
    "1": {
     "precision": 0.2727272727272727,
     "recall": 0.6923076923076923,
     "f1-score": 0.391304347826087,
     "support": 13.0
    },
    "2": {
     "precision": 0.5294117647058824,
     "recall": 0.45,
     "f1-score": 0.4864864864864865,
     "support": 20.0
    },
    "3": {
     "precision": 0.375,
     "recall": 0.8181818181818182,
     "f1-score": 0.5142857142857142,
     "support": 11.0
    },
    "4": {
     "precision": 0.9014844804318488,
     "recall": 0.5049130763416477,
     "f1-score": 0.6472868217054264,
     "support": 1323.0
    },
    "5": {
     "precision": 0.9615384615384616,
     "recall": 0.9615384615384616,
     "f1-score": 0.9615384615384616,
     "support": 104.0
    },
    "6": {
     "precision": 0.9590163934426229,
     "recall": 0.9915254237288136,
     "f1-score": 0.975,
     "support": 118.0
    },
    "7": {
     "precision": 0.9446153846153846,
     "recall": 0.9253956292388847,
     "f1-score": 0.9349067377236391,
     "support": 1327.0
    },
    "8": {
     "precision": 0.75,
     "recall": 0.8333333333333334,
     "f1-score": 0.7894736842105263,
     "support": 18.0
    },
    "9": {
     "precision": 0.8707124010554089,
     "recall": 0.9141274238227147,
     "f1-score": 0.8918918918918919,
     "support": 361.0
    },
    "10": {
     "precision": 0.9397260273972603,
     "recall": 0.98,
     "f1-score": 0.9594405594405594,
     "support": 350.0
    },
    "11": {
     "precision": 0.5663900414937759,
     "recall": 0.7982456140350878,
     "f1-score": 0.662621359223301,
     "support": 342.0
    },
    "12": {
     "precision": 0.8888888888888888,
     "recall": 0.8888888888888888,
     "f1-score": 0.8888888888888888,
     "support": 18.0
    },
    "13": {
     "precision": 0.6666666666666666,
     "recall": 0.9333333333333333,
     "f1-score": 0.7777777777777778,
     "support": 15.0
    },
    "14": {
     "precision": 0.37142857142857144,
     "recall": 0.5416666666666666,
     "f1-score": 0.4406779661016949,
     "support": 48.0
    },
    "15": {
     "precision": 0.26666666666666666,
     "recall": 0.6153846153846154,
     "f1-score": 0.37209302325581395,
     "support": 13.0
    },
    "16": {
     "precision": 0.3076923076923077,
     "recall": 1.0,
     "f1-score": 0.47058823529411764,
     "support": 8.0
    },
    "17": {
     "precision": 0.7083333333333334,
     "recall": 0.8947368421052632,
     "f1-score": 0.7906976744186046,
     "support": 19.0
    },
    "18": {
     "precision": 0.85,
     "recall": 0.8947368421052632,
     "f1-score": 0.8717948717948718,
     "support": 19.0
    },
    "19": {
     "precision": 0.8939670932358318,
     "recall": 0.5732708089097304,
     "f1-score": 0.6985714285714286,
     "support": 853.0
    },
    "20": {
     "precision": 0.7142857142857143,
     "recall": 0.625,
     "f1-score": 0.6666666666666666,
     "support": 8.0
    },
    "21": {
     "precision": 0.8527131782945736,
     "recall": 0.842911877394636,
     "f1-score": 0.8477842003853564,
     "support": 261.0
    },
    "22": {
     "precision": 0.7592592592592593,
     "recall": 0.8913043478260869,
     "f1-score": 0.82,
     "support": 46.0
    },
    "23": {
     "precision": 0.448,
     "recall": 0.8235294117647058,
     "f1-score": 0.5803108808290155,
     "support": 68.0
    },
    "24": {
     "precision": 0.9541284403669725,
     "recall": 0.9541284403669725,
     "f1-score": 0.9541284403669725,
     "support": 218.0
    },
    "25": {
     "precision": 0.8925619834710744,
     "recall": 0.9557522123893806,
     "f1-score": 0.9230769230769231,
     "support": 113.0
    },
    "26": {
     "precision": 0.8660714285714286,
     "recall": 0.8220338983050848,
     "f1-score": 0.8434782608695652,
     "support": 118.0
    },
    "27": {
     "precision": 0.9923954372623575,
     "recall": 0.9867674858223062,
     "f1-score": 0.9895734597156398,
     "support": 529.0
    },
    "28": {
     "precision": 0.14204545454545456,
     "recall": 0.7352941176470589,
     "f1-score": 0.23809523809523808,
     "support": 34.0
    },
    "29": {
     "precision": 0.556047197640118,
     "recall": 0.9285714285714286,
     "f1-score": 0.6955719557195572,
     "support": 406.0
    },
    "30": {
     "precision": 0.9061135371179039,
     "recall": 0.8992416034669556,
     "f1-score": 0.9026644915715063,
     "support": 923.0
    },
    "31": {
     "precision": 0.569060773480663,
     "recall": 0.8728813559322034,
     "f1-score": 0.6889632107023411,
     "support": 118.0
    },
    "32": {
     "precision": 0.5,
     "recall": 0.42857142857142855,
     "f1-score": 0.46153846153846156,
     "support": 14.0
    },
    "33": {
     "precision": 0.8173076923076923,
     "recall": 0.6390977443609023,
     "f1-score": 0.7172995780590717,
     "support": 133.0
    },
    "34": {
     "precision": 0.7668711656441718,
     "recall": 0.8865248226950354,
     "f1-score": 0.8223684210526315,
     "support": 141.0
    },
    "35": {
     "precision": 0.9860724233983287,
     "recall": 0.9860724233983287,
     "f1-score": 0.9860724233983287,
     "support": 359.0
    },
    "36": {
     "precision": 0.7333333333333333,
     "recall": 0.9746835443037974,
     "f1-score": 0.8369565217391305,
     "support": 79.0
    },
    "37": {
     "precision": 0.2376237623762376,
     "recall": 0.4948453608247423,
     "f1-score": 0.3210702341137124,
     "support": 97.0
    },
    "38": {
     "precision": 0.7869822485207101,
     "recall": 0.9637681159420289,
     "f1-score": 0.8664495114006515,
     "support": 138.0
    },
    "39": {
     "precision": 0.6763005780346821,
     "recall": 0.841726618705036,
     "f1-score": 0.75,
     "support": 139.0
    },
    "40": {
     "precision": 0.4523809523809524,
     "recall": 0.1919191919191919,
     "f1-score": 0.2695035460992908,
     "support": 396.0
    },
    "41": {
     "precision": 0.5,
     "recall": 0.8571428571428571,
     "f1-score": 0.631578947368421,
     "support": 7.0
    },
    "42": {
     "precision": 0.4444444444444444,
     "recall": 0.8,
     "f1-score": 0.5714285714285714,
     "support": 15.0
    },
    "43": {
     "precision": 0.970360237118103,
     "recall": 0.9039932030586236,
     "f1-score": 0.9360017594018034,
     "support": 2354.0
    },
    "44": {
     "precision": 0.35511713933415534,
     "recall": 0.844574780058651,
     "f1-score": 0.5,
     "support": 341.0
    },
    "45": {
     "precision": 0.7213930348258707,
     "recall": 0.9235668789808917,
     "f1-score": 0.8100558659217877,