{
 "macro_f1": 0.9783209803571222,
 "accuracy": 0.9808795411089866,
 "transformer_params": 132992,
 "total_params": 712457,
 "seed": 4,
 "peak_init": true,
 "anneal_markers": true
}