{
 "macro_f1": 0.9548057512286948,
 "accuracy": 0.9579349904397706,
 "transformer_params": 132992,
 "total_params": 712457,
 "seed": 1,
 "peak_init": true,
 "anneal_markers": true
}