{
 "macro_f1": 0.9834208093428431,
 "accuracy": 0.9847036328871893,
 "transformer_params": 132992,
 "total_params": 712457,
 "seed": 0,
 "peak_init": true,
 "anneal_markers": true
}