{
 "dataset": "prototype",
 "n_samples": 90579,
 "n_features": 752,
 "n_classes": 10,
 "n_train": 53894,
 "n_test": 27174,
 "transformer_params": 75168,
 "total_params": 159093,
 "config": {
  "heads": [
   "cell_type"
  ],
  "cohorts": null,
  "n_hvg": null,
  "n_channels": 1,
  "batch_size": 128,
  "val_frac": 0.15,
  "test_frac": 0.15,
  "d_model": 96,
  "n_heads": 4,
  "d_ff": 192,
  "dropout": 0.1,
  "n_markers": 128,
  "marker_mode": "random",
  "pathway_pool": "mean",
  "compress_mode": "aggregate",
  "recursive_marker_refine": true,
  "peak_init": true,
  "anneal_markers": true,
  "recursion_depth": 4,
  "share_weights": true,
  "adaptive_depth": false,
  "marker_ffn": false,
  "recursion_mode": "expert",
  "router_capacity": null,
  "router_alpha": 1.0,
  "router_temp": 1.0,
  "router_type": "linear",
  "router_z_coeff": 0.001,
  "router_balance_coeff": 0.1,
  "gene_interaction": "none",
  "interaction_knn": 16,
  "router_prior_beta": 1.0,
  "router_prior_anneal": true,
  "pathway_attn_bias": false,
  "pathway_attn_lambda": 2.0,
  "lambda_marker": 0.1,
  "gamma_diversity": 0.05,
  "beta_compression": 0.01,
  "lr": 0.001,
  "weight_decay": 1e-05,
  "epochs": 150,
  "patience": 15,
  "seed": 1,
  "device": "cuda"
 },
 "heads": {
  "cell_type": {
   "accuracy": 0.9721056892617944,
   "macro_f1": 0.9676830142496158,
   "weighted_f1": 0.972098680142701,
   "per_class": {
    "0": {
     "precision": 0.9679633867276888,
     "recall": 0.9848661233993015,
     "f1-score": 0.9763416041546451,
     "support": 859.0
    },
    "1": {
     "precision": 0.9771144278606965,
     "recall": 0.967487684729064,
     "f1-score": 0.9722772277227723,
     "support": 1015.0
    },
    "2": {
     "precision": 0.9574370709382151,
     "recall": 0.9748369058713886,
     "f1-score": 0.9660586469637497,
     "support": 2146.0
    },
    "3": {
     "precision": 0.9733386390768006,
     "recall": 0.9648915187376725,
     "f1-score": 0.9690966719492868,
     "support": 2535.0
    },
    "4": {
     "precision": 0.9341491841491841,
     "recall": 0.9429411764705883,
     "f1-score": 0.9385245901639344,
     "support": 1700.0
    },
    "5": {
     "precision": 0.9506468615237182,
     "recall": 0.9301453352086263,
     "f1-score": 0.9402843601895735,
     "support": 2133.0
    },
    "6": {
     "precision": 0.9596774193548387,
     "recall": 0.9707081942899518,
     "f1-score": 0.9651612903225807,
     "support": 2697.0
    },
    "7": {
     "precision": 0.9839408155900397,
     "recall": 0.9805790325481029,
     "f1-score": 0.9822570476447807,
     "support": 5561.0
    },
    "8": {
     "precision": 0.9759767687434002,
     "recall": 0.9752044315484041,
     "f1-score": 0.9755904472885605,
     "support": 3791.0
    },
    "9": {
     "precision": 0.9913429054054054,
     "recall": 0.9911336288790373,
     "f1-score": 0.9912382560962736,
     "support": 4737.0
    },
    "accuracy": 0.9721056892617944,
    "macro avg": {
     "precision": 0.9671587479369987,
     "recall": 0.9682794031682137,
     "f1-score": 0.9676830142496158,
     "support": 27174.0
    },
    "weighted avg": {
     "precision": 0.9721414813852337,
     "recall": 0.9721056892617944,
     "f1-score": 0.972098680142701,
     "support": 27174.0
    }
   }
  }
 }
}