{
 "dataset": "tabula_muris",
 "n_samples": 54865,
 "n_features": 1089,
 "n_classes": 55,
 "n_train": 32645,
 "n_test": 16458,
 "transformer_params": 75168,
 "total_params": 200175,
 "config": {
  "heads": [
   "cell_type"
  ],
  "cohorts": null,
  "n_hvg": null,
  "n_channels": 1,
  "batch_size": 128,
  "val_frac": 0.15,
  "test_frac": 0.15,
  "d_model": 96,
  "n_heads": 4,
  "d_ff": 192,
  "dropout": 0.1,
  "n_markers": 128,
  "marker_mode": "random",
  "compress_mode": "aggregate",
  "recursive_marker_refine": true,
  "peak_init": true,
  "anneal_markers": true,
  "recursion_depth": 4,
  "share_weights": true,
  "adaptive_depth": false,
  "marker_ffn": false,
  "recursion_mode": "expert",
  "router_capacity": null,
  "router_alpha": 1.0,
  "router_temp": 1.0,
  "router_type": "linear",
  "router_z_coeff": 0.001,
  "router_balance_coeff": 0.1,
  "gene_interaction": "none",
  "interaction_knn": 16,
  "router_prior_beta": 1.0,
  "router_prior_anneal": true,
  "lambda_marker": 0.1,
  "gamma_diversity": 0.05,
  "beta_compression": 0.01,
  "lr": 0.001,
  "weight_decay": 1e-05,
  "epochs": 150,
  "patience": 15,
  "seed": 1,
  "device": "cuda"
 },
 "heads": {
  "cell_type": {
   "accuracy": 0.7965123344270264,
   "macro_f1": 0.7022865941122952,
   "weighted_f1": 0.805744878320663,
   "per_class": {
    "0": {
     "precision": 0.9674439067311923,
     "recall": 0.8838424437299035,
     "f1-score": 0.923755513547574,
     "support": 2488.0
    },
    "1": {
     "precision": 0.0684931506849315,
     "recall": 0.38461538461538464,
     "f1-score": 0.11627906976744186,
     "support": 13.0
    },
    "2": {
     "precision": 0.52,
     "recall": 0.65,
     "f1-score": 0.5777777777777777,
     "support": 20.0
    },
    "3": {
     "precision": 0.21212121212121213,
     "recall": 0.6363636363636364,
     "f1-score": 0.3181818181818182,
     "support": 11.0
    },
    "4": {
     "precision": 0.9406392694063926,
     "recall": 0.7785336356764928,
     "f1-score": 0.8519437551695617,
     "support": 1323.0
    },
    "5": {
     "precision": 0.945054945054945,
     "recall": 0.8269230769230769,
     "f1-score": 0.882051282051282,
     "support": 104.0
    },
    "6": {
     "precision": 0.7916666666666666,
     "recall": 0.9661016949152542,
     "f1-score": 0.8702290076335878,
     "support": 118.0
    },
    "7": {
     "precision": 0.891170431211499,
     "recall": 0.6541070082893745,
     "f1-score": 0.7544545849630595,
     "support": 1327.0
    },
    "8": {
     "precision": 0.8666666666666667,
     "recall": 0.7222222222222222,
     "f1-score": 0.7878787878787878,
     "support": 18.0
    },
    "9": {
     "precision": 0.8162393162393162,
     "recall": 0.5290858725761773,
     "f1-score": 0.6420168067226891,
     "support": 361.0
    },
    "10": {
     "precision": 0.9942363112391931,
     "recall": 0.9857142857142858,
     "f1-score": 0.9899569583931134,
     "support": 350.0
    },
    "11": {
     "precision": 0.6473118279569893,
     "recall": 0.8801169590643275,
     "f1-score": 0.7459727385377943,
     "support": 342.0
    },
    "12": {
     "precision": 1.0,
     "recall": 1.0,
     "f1-score": 1.0,
     "support": 18.0
    },
    "13": {
     "precision": 0.8,
     "recall": 0.8,
     "f1-score": 0.8,
     "support": 15.0
    },
    "14": {
     "precision": 0.7368421052631579,
     "recall": 0.5833333333333334,
     "f1-score": 0.6511627906976745,
     "support": 48.0
    },
    "15": {
     "precision": 0.16363636363636364,
     "recall": 0.6923076923076923,
     "f1-score": 0.2647058823529412,
     "support": 13.0
    },
    "16": {
     "precision": 0.7777777777777778,
     "recall": 0.875,
     "f1-score": 0.8235294117647058,
     "support": 8.0
    },
    "17": {
     "precision": 0.8260869565217391,
     "recall": 1.0,
     "f1-score": 0.9047619047619048,
     "support": 19.0
    },
    "18": {
     "precision": 0.7083333333333334,
     "recall": 0.8947368421052632,
     "f1-score": 0.7906976744186046,
     "support": 19.0
    },
    "19": {
     "precision": 0.8952380952380953,
     "recall": 0.6611957796014069,
     "f1-score": 0.76062036412677,
     "support": 853.0
    },
    "20": {
     "precision": 0.875,
     "recall": 0.875,
     "f1-score": 0.875,
     "support": 8.0
    },
    "21": {
     "precision": 0.8992805755395683,
     "recall": 0.9578544061302682,
     "f1-score": 0.9276437847866419,
     "support": 261.0
    },
    "22": {
     "precision": 0.5432098765432098,
     "recall": 0.9565217391304348,
     "f1-score": 0.6929133858267716,
     "support": 46.0
    },
    "23": {
     "precision": 0.7341772151898734,
     "recall": 0.8529411764705882,
     "f1-score": 0.7891156462585034,
     "support": 68.0
    },
    "24": {
     "precision": 0.9459459459459459,
     "recall": 0.963302752293578,
     "f1-score": 0.9545454545454546,
     "support": 218.0
    },
    "25": {
     "precision": 0.9357798165137615,
     "recall": 0.9026548672566371,
     "f1-score": 0.918918918918919,
     "support": 113.0
    },
    "26": {
     "precision": 0.7518248175182481,
     "recall": 0.8728813559322034,
     "f1-score": 0.807843137254902,
     "support": 118.0
    },
    "27": {
     "precision": 1.0,
     "recall": 0.994328922495274,
     "f1-score": 0.9971563981042654,
     "support": 529.0
    },
    "28": {
     "precision": 0.12217194570135746,
     "recall": 0.7941176470588235,
     "f1-score": 0.21176470588235294,
     "support": 34.0
    },
    "29": {
     "precision": 0.7191650853889943,
     "recall": 0.9334975369458128,
     "f1-score": 0.812433011789925,
     "support": 406.0
    },
    "30": {
     "precision": 0.9757085020242915,
     "recall": 0.7833152762730228,
     "f1-score": 0.8689903846153846,
     "support": 923.0
    },
    "31": {
     "precision": 0.43373493975903615,
     "recall": 0.9152542372881356,
     "f1-score": 0.5885558583106267,
     "support": 118.0
    },
    "32": {
     "precision": 0.022222222222222223,
     "recall": 0.07142857142857142,
     "f1-score": 0.03389830508474576,
     "support": 14.0
    },
    "33": {
     "precision": 0.7887323943661971,
     "recall": 0.8421052631578947,
     "f1-score": 0.8145454545454546,
     "support": 133.0
    },
    "34": {
     "precision": 0.9121621621621622,
     "recall": 0.9574468085106383,
     "f1-score": 0.9342560553633218,
     "support": 141.0
    },
    "35": {
     "precision": 0.9942528735632183,
     "recall": 0.9637883008356546,
     "f1-score": 0.9787835926449788,
     "support": 359.0
    },
    "36": {
     "precision": 0.7623762376237624,
     "recall": 0.9746835443037974,
     "f1-score": 0.8555555555555555,
     "support": 79.0
    },
    "37": {
     "precision": 0.40186915887850466,
     "recall": 0.44329896907216493,
     "f1-score": 0.4215686274509804,
     "support": 97.0
    },
    "38": {
     "precision": 0.19681620839363242,
     "recall": 0.9855072463768116,
     "f1-score": 0.3281061519903498,
     "support": 138.0
    },
    "39": {
     "precision": 0.8625954198473282,
     "recall": 0.8129496402877698,
     "f1-score": 0.837037037037037,
     "support": 139.0
    },
    "40": {
     "precision": 0.5403225806451613,
     "recall": 0.1691919191919192,
     "f1-score": 0.25769230769230766,
     "support": 396.0
    },
    "41": {
     "precision": 0.7,
     "recall": 1.0,
     "f1-score": 0.8235294117647058,
     "support": 7.0
    },
    "42": {
     "precision": 0.25925925925925924,
     "recall": 0.9333333333333333,
     "f1-score": 0.4057971014492754,
     "support": 15.0
    },
    "43": {
     "precision": 0.9417040358744395,
     "recall": 0.9813084112149533,
     "f1-score": 0.9610983981693364,
     "support": 2354.0
    },
    "44": {
     "precision": 0.3322475570032573,
     "recall": 0.8973607038123167,
     "f1-score": 0.4849445324881141,
     "support": 341.0
    },
    "45": {
     "precision": 0.7294117647058823,
     "recall": 0.7898089171974523,
     "f1-score": 0.7584097859327217,